xe,y
0,0.000378459989808607
0.122085215480405,0.000907823245055124
0.244170430960811,0.00125136111806699
0.366255646441216,0.000171558502354517
0.488340861921621,-0.000391341466452893
0.610426077402027,-6.25289983157673e-05
0.732511292882432,-0.000144782173835927
0.854596508362837,-0.000723692071047315
0.976681723843243,-0.00171778511688737
1.09876693932365,-0.00258398560637759
1.22085215480405,-0.00233592803936507
1.34293737028446,-0.00197621661703361
1.46502258576486,-0.00237252089771079
1.58710780124527,-0.00254070587321503
1.70919301672567,-0.00247600506362366
1.83127823220608,-0.002423959346859
1.95336344768649,-0.00222533546324186
2.07544866316689,-0.00293664162719188
2.1975338786473,-0.00353137043015573
2.3196190941277,-0.00181551528723563
2.44170430960811,-0.000315772319347361
2.56378952508851,-0.00127497607112001
2.68587474056892,-0.00204656067655042
2.80795995604932,-0.00194979615550207
2.93004517152973,-0.00244061590915114
3.05213038701013,-0.00239455324266674
3.17421560249054,-0.00183281755445865
3.29630081797094,-0.00235503627945797
3.41838603345135,-0.00311572128424025
3.54047124893175,-0.00333281391325115
3.66255646441216,-0.00355427399881705
3.78464167989257,-0.00340877303675497
3.90672689537297,-0.00301757422109735
4.02881211085338,-0.00320325705105171
4.15089732633378,-0.00391802871325782
4.27298254181419,-0.00510192410485629
4.39506775729459,-0.0063107384358454
4.517152972775,-0.00648897965517823
4.6392381882554,-0.00569053042336406
4.76132340373581,-0.00465004536799357
4.88340861921621,-0.0041989918711134
5.00549383469662,-0.00480723599062667
5.12757905017702,-0.00486956666543882
5.24966426565743,-0.00348612872551364
5.37174948113783,-0.00294735100484958
5.49383469661824,-0.00382580056181605
5.61591991209864,-0.00395018281107881
5.73800512757905,-0.00345604098377671
5.86009034305946,-0.00367949824941714
5.98217555853986,-0.00385445460974492
6.10426077402027,-0.00316828241446601
6.22634598950067,-0.00242749379164364
6.34843120498108,-0.00259243354706292
6.47051642046148,-0.00310192260276
6.59260163594189,-0.00267292687488943
6.71468685142229,-0.00222664045838974
6.8367720669027,-0.00332837364152918
6.9588572823831,-0.00433427768468626
7.08094249786351,-0.00362369347454027
7.20302771334391,-0.0027794017315099
7.32511292882432,-0.00274232949852989
7.44719814430473,-0.00297097218406361
7.56928335978513,-0.00401355679980126
7.69136857526554,-0.00576318354120426
7.81345379074594,-0.00679216102552513
7.93553900622635,-0.00695358855834611
8.05762422170675,-0.0069246616093299
8.17970943718716,-0.00690718381114259
8.30179465266756,-0.00724096727781768
8.42387986814797,-0.00778414067406306
8.54596508362837,-0.00759172120090334
8.66805029910878,-0.00668100114076531
8.79013551458918,-0.00622868889849742
8.91222073006959,-0.00645482592566218
9.03430594554999,-0.00617468930081405
9.1563911610304,-0.00507164668505231
9.2784763765108,-0.00435554312487701
9.40056159199121,-0.00439895539549999
9.52264680747162,-0.00435939958208932
9.64473202295202,-0.00404223308111123
9.76681723843243,-0.00367878409668999
9.88890245391283,-0.00341253451445806
10.0109876693932,-0.00363398375306444
10.1330728848736,-0.00393740147697224
10.255158100354,-0.00360140085486827
10.3772433158345,-0.00322796351977954
10.4993285313149,-0.00329173071820011
10.6214137467953,-0.00357344428826899
10.7434989622757,-0.00446004133944108
10.8655841777561,-0.00550373204955466
10.9876693932365,-0.00576077330077348
11.1097546087169,-0.00630144733796525
11.2318398241973,-0.00766944843286386
11.3539250396777,-0.00823210233677411
11.4760102551581,-0.00782909482852141
11.5980954706385,-0.00763117706091067
11.7201806861189,-0.00745454824847762
11.8422659015993,-0.00696965150231144
11.9643511170797,-0.00657062768687876
12.0864363325601,-0.0065892446700112
12.2085215480405,-0.0068738138726198
12.3306067635209,-0.00657100827212307
12.4526919790013,-0.00591904841086797
12.5747771944817,-0.00605878118050008
12.6968624099622,-0.00596589139717911
12.8189476254426,-0.00513280849099561
12.941032840923,-0.00546636783573087
13.0631180564034,-0.00608777203556084
13.1852032718838,-0.00524615931829083
13.3072884873642,-0.00505871781479776
13.4293737028446,-0.00589831041414805
13.551458918325,-0.0057595385421697
13.6735441338054,-0.00598129922685259
13.7956293492858,-0.00696401394563936
13.9177145647662,-0.00656422915023597
14.0397997802466,-0.00601737100635498
14.161884995727,-0.00638524958447507
14.2839702112074,-0.00573208432745671
14.4060554266878,-0.00473608933695054
14.5281406421682,-0.00467971651472715
14.6502258576486,-0.00448211285864367
14.772311073129,-0.00484983127513459
14.8943962886095,-0.00622753864990893
15.0164815040899,-0.0064390112531727
15.1385667195703,-0.00563078133972358
15.2606519350507,-0.00539713217078901
15.3827371505311,-0.00535096340620108
15.5048223660115,-0.00546645765315495
15.6269075814919,-0.00582732417866703
15.7489927969723,-0.00570793484287152
15.8710780124527,-0.00570009678023117
15.9931632279331,-0.00584211647466801
16.1152484434135,-0.00481312879622915
16.2373336588939,-0.00364327227128122
16.3594188743743,-0.00417765823137192
16.4815040898547,-0.00537056391267716
16.6035893053351,-0.00544405761171649
16.7256745208155,-0.00469512114857612
16.8477597362959,-0.00460168882535195
16.9698449517763,-0.00541156825481839
17.0919301672567,-0.0058266120241554
17.2140153827372,-0.00565391224678645
17.3361005982176,-0.00596558873717892
17.458185813698,-0.00668304388938047
17.5802710291784,-0.00729438951829868
17.7023562446588,-0.00796057552014847
17.8244414601392,-0.00849418470673518
17.9465266756196,-0.00860950919480652
18.0686118911,-0.00854688732490621
18.1906971065804,-0.00887957374188572
18.3127823220608,-0.00997850203270242
18.4348675375412,-0.0109337599699301
18.5569527530216,-0.0108817848489689
18.679037968502,-0.0106273568330257
18.8011231839824,-0.0104552216327144
18.9232083994628,-0.00999246656189509
19.0452936149432,-0.00998811140729029
19.1673788304236,-0.0102766278400618
19.289464045904,-0.0100982968636195
19.4115492613844,-0.0104832201312213
19.5336344768649,-0.0114554124720909
19.6557196923453,-0.0118234173919701
19.7778049078257,-0.0125850608424154
19.8998901233061,-0.0140278744736395
20.0219753387865,-0.014134360435162
20.1440605542669,-0.0131239042737603
20.2661457697473,-0.0125416475873081
20.3882309852277,-0.0117086925365436
20.5103162007081,-0.0101773018647536
20.6324014161885,-0.00905833003408246
20.7544866316689,-0.0084687949591788
20.8765718471493,-0.00774898474769347
20.9986570626297,-0.00717516650594391
21.1207422781101,-0.00691205450711479
21.2428274935905,-0.00614940488976147
21.3649127090709,-0.00510880503617247
21.4869979245513,-0.00510797941998342
21.6090831400317,-0.00530690382213363
21.7311683555121,-0.00385333052487877
21.8532535709926,-0.00198738373884256
21.975338786473,-0.0018429920284719
22.0974240019534,-0.00274842629101971
22.2195092174338,-0.00319887468920224
22.3415944329142,-0.00299743674159872
22.4636796483946,-0.00262042295075098
22.585764863875,-0.00240822664649269
22.7078500793554,-0.00217894069453969
22.8299352948358,-0.00184719615969859
22.9520205103162,-0.00150424431642855
23.0741057257966,-0.000783599894565242
23.196190941277,-7.91155017692394e-06
23.3182761567574,7.88401434407734e-05
23.4403613722378,-3.41565600672969e-05
23.5624465877182,-0.000153370908339121
23.6845318031986,-0.000763722707172761
23.806617018679,-0.00143060862942456
23.9287022341594,-0.00197496827442857
24.0507874496399,-0.00209168534795079
24.1728726651203,-0.000730783178156406
24.2949578806007,0.000745867267796299
24.4170430960811,0.000542000733642292
24.5391283115615,0.000266082376839178
24.6612135270419,0.000839095873297285
24.7832987425223,0.00108147933067051
24.9053839580027,0.0011668955883755
25.0274691734831,0.00128910019170814
25.1495543889635,0.00143899582617586
25.2716396044439,0.00245539107378299
25.3937248199243,0.00318690993267642
25.5158100354047,0.00241431580415373
25.6378952508851,0.00163403842386579
25.7599804663655,0.00123279994456055
25.8820656818459,0.00083894199066217
26.0041508973263,0.00124873071210721
26.1262361128067,0.00135564780908972
26.2483213282871,0.000502824229820217
26.3704065437676,0.000501743653379531
26.492491759248,0.000634555994669749
26.6145769747284,-0.000292446447798433
26.7366621902088,-0.000432517369135376
26.8587474056892,4.49983409563928e-05
26.9808326211696,-0.000487658449524521
27.10291783665,-0.000863942141257571
27.2250030521304,-0.000359876593495376
27.3470882676108,0.000162255022387471
27.4691734830912,0.000526082154918366
27.5912586985716,0.000550627306882409
27.713343914052,0.00044362572978806
27.8354291295324,0.000612627919761694
27.9575143450128,0.000787527929477561
28.0795995604932,0.00173153835738602
28.2016847759736,0.00324986390323837
28.323769991454,0.00326648468717572
28.4458552069344,0.00288389499996697
28.5679404224148,0.00370019271168205
28.6900256378953,0.00330047143591267
28.8121108533757,0.00178824911431609
28.9341960688561,0.00228848620143458
29.0562812843365,0.00364930912417655
29.1783664998169,0.00347835757632988
29.3004517152973,0.00226233960875292
29.4225369307777,0.000378947846592185
29.5446221462581,-0.00133875106923325
29.6667073617385,-0.00121354029907858
29.7887925772189,8.31692656303495e-06
29.9108777926993,0.000570297559238859
30.0329630081797,0.000500738370024282
30.1550482236601,0.000594948242883343
30.2771334391405,0.00108182637561151
30.3992186546209,0.00144850325833818
30.5213038701013,0.00167378216547753
30.6433890855817,0.00235908239849276
30.7654743010621,0.00274697188226111
30.8875595165425,0.00234602229974135
31.009644732023,0.00241282036703978
31.1317299475034,0.00251952750568027
31.2538151629838,0.00140992797601619
31.3759003784642,0.000334554771571136
31.4979855939446,1.88835976880158e-05
31.620070809425,-0.000444629922928345
31.7421560249054,-0.0007653925949269
31.8642412403858,-0.000781714369110198
31.9863264558662,-0.000884317535460078
32.1084116713466,-0.00043064502036906
32.230496886827,0.000201069175389994
32.3525821023074,0.000181309404737603
32.4746673177878,0.000713637018097248
32.5967525332682,0.00191889049613169
32.7188377487486,0.00225956529702305
32.840922964229,0.00250202620059046
32.9630081797094,0.00374730712062484
33.0850933951898,0.0046846588201514
33.2071786106703,0.00453101980668328
33.3292638261507,0.00364969105111546
33.4513490416311,0.00221212990507974
33.5734342571115,0.00149392562518781
33.6955194725919,0.0022528064722232
33.8176046880723,0.00253277446578222
33.9396899035527,0.00145952438252443
34.0617751190331,0.000740160608392831
34.1838603345135,0.000478307838741662
34.3059455499939,-0.00041397333008919
34.4280307654743,-0.00103954188905308
34.5501159809547,-0.000659716997973508
34.6722011964351,-0.000386766524946848
34.7942864119155,-0.000831069619124151
34.9163716273959,-0.00163664600562085
35.0384568428763,-0.00257993505498576
35.1605420583567,-0.00343531644473123
35.2826272738371,-0.00402232894018335
35.4047124893175,-0.00413525044006123
35.526797704798,-0.00365939563351418
35.6488829202784,-0.00319302783143022
35.7709681357588,-0.00298783810502171
35.8930533512392,-0.0025655358410437
36.0151385667196,-0.00236844612858064
36.1372237822,-0.00293944815443076
36.2593089976804,-0.00350210172637383
36.3813942131608,-0.00361684404026025
36.5034794286412,-0.00381257233785075
36.6255646441216,-0.00417082315028198
36.747649859602,-0.00409703672248642
36.8697350750824,-0.00345455183821435
36.9918202905628,-0.00348307062284088
37.1139055060432,-0.00477102508617816
37.2359907215236,-0.00546689371554047
37.358075937004,-0.00506898094347831
37.4801611524844,-0.00545276894350989
37.6022463679648,-0.00614415216159848
37.7243315834452,-0.00576578423613607
37.8464167989257,-0.005367749707226
37.9685020144061,-0.00525101521331214
38.0905872298865,-0.00496890195776577
38.2126724453669,-0.00513241586544241
38.3347576608473,-0.00478486847794209
38.4568428763277,-0.00349093355634464
38.5789280918081,-0.0032384227975367
38.7010133072885,-0.00325939897116718
38.8230985227689,-0.00192287012733291
38.9451837382493,-0.00122183977201978
39.0672689537297,-0.00132300720171363
39.1893541692101,-0.000212593873818705
39.3114393846905,0.000679132726396553
39.4335246001709,0.000212266594194072
39.5556098156513,4.67892597295409e-05
39.6776950311317,0.000187152220903496
39.7997802466121,-3.07635658732123e-05
39.9218654620925,6.00336655148125e-05
40.0439506775729,0.000385821815506319
40.1660358930534,0.000655041554854069
40.2881211085338,0.000986503166507211
40.4102063240142,0.00106231677744648
40.5322915394946,0.000941042589147674
40.654376754975,0.000645515194518532
40.7764619704554,3.62933658368051e-05
40.8985471859358,-5.76721226762995e-05
41.0206324014162,0.00038727952252033
41.1427176168966,0.000465069244425465
41.264802832377,0.000570050381151155
41.3868880478574,0.000670412255330531
41.5089732633378,-2.51611862419013e-05
41.6310584788182,-0.000601907405030838
41.7531436942986,-0.000385108338174482
41.875228909779,-6.13677637590883e-05
41.9973141252594,0.000544979834141539
42.1193993407398,0.00124821924510709
42.2414845562202,0.00102109456445088
42.3635697717007,0.000435698727284868
42.4856549871811,0.000337930458009861
42.6077402026615,0.000227946294967832
42.7298254181419,2.44194735805754e-05
42.8519106336223,0.000143591990132921
42.9739958491027,0.000526440429627456
43.0960810645831,0.00117097987774751
43.2181662800635,0.00189846827901564
43.3402514955439,0.00183677752873999
43.4623367110243,0.000608666838704222
43.5844219265047,-0.000507888486906282
43.7065071419851,-0.000361598634634628
43.8285923574655,-0.000225503057459691
43.9506775729459,-0.00138216619655717
44.0727627884263,-0.00259727000878914
44.1948480039067,-0.00293965338528563
44.3169332193871,-0.00289540465008529
44.4390184348675,-0.00248122496561229
44.5611036503479,-0.00220579204469964
44.6831888658284,-0.00249930384166113
44.8052740813088,-0.0021340280085183
44.9273592967892,-0.00126726336075515
45.0494445122696,-0.001239796308347
45.17152972775,-0.00116445718260248
45.2936149432304,-0.00081520807766992
45.4157001587108,-0.00151781220505646
45.5377853741912,-0.0018989231649037
45.6598705896716,-0.000502362057760493
45.781955805152,0.000829317418628403
45.9040410206324,0.000958111783858382
46.0261262361128,0.0005459196739007
46.1482114515932,-0.000253357583672655
46.2702966670736,-0.00100019936799039
46.392381882554,-0.00128440329131269
46.5144670980344,-0.00142566126280916
46.6365523135148,-0.00119114447701888
46.7586375289952,-0.0010897006639173
46.8807227444757,-0.0024494275564089
47.0028079599561,-0.00391826004943207
47.1248931754365,-0.00344699441029621
47.2469783909169,-0.0026181835365391
47.3690636063973,-0.00318065193389308
47.4911488218777,-0.00340050905653936
47.6132340373581,-0.00193635692398235
47.7353192528385,-0.000433891767711144
47.8574044683189,-0.00045589620232241
47.9794896837993,-0.00158922164390408
48.1015748992797,-0.00260285351718121
48.2236601147601,-0.00277117899748862
48.3457453302405,-0.00269063210837348
48.4678305457209,-0.00304200200907172
48.5899157612013,-0.00276431139612394
48.7120009766817,-0.00144005271098317
48.8340861921621,-0.00115313114605137
48.9561714076425,-0.00238549622291255
49.0782566231229,-0.00286237257503179
49.2003418386033,-0.00228550939225497
49.3224270540838,-0.00223151114032035
49.4445122695642,-0.0026284620953398
49.5665974850446,-0.00301657765153563
49.688682700525,-0.00370186151953459
49.8107679160054,-0.00416295838237059
49.9328531314858,-0.00410976771971107
50.0549383469662,-0.00448592934114582
50.1770235624466,-0.0051985029949149
50.299108777927,-0.00511025059841805
50.4211939934074,-0.0045926240779179
50.5432792088878,-0.0047911554981529
50.6653644243682,-0.00542157826471121
50.7874496398486,-0.00572480933586262
50.909534855329,-0.00578200201351663
51.0316200708094,-0.00586256413988281
51.1537052862898,-0.00610158979161984
51.2757905017702,-0.00601830833189485
51.3978757172506,-0.0047538333234909
51.519960932731,-0.00375457309199529
51.6420461482115,-0.00496513984900841
51.7641313636919,-0.00591816300019448
51.8862165791723,-0.00436909578842872
52.0083017946527,-0.00349308371878212
52.1303870101331,-0.00490719745011777
52.2524722256135,-0.00585829640667705
52.3745574410939,-0.00591290268294383
52.4966426565743,-0.00645727149603204
52.6187278720547,-0.0072961433566606
52.7408130875351,-0.00822356516271236
52.8628983030155,-0.00840218218693627
52.9849835184959,-0.00749657962344454
53.1070687339763,-0.00785570322116439
53.2291539494567,-0.00916873948130511
53.3512391649371,-0.00870241582642601
53.4733243804175,-0.00826017333712406
53.5954095958979,-0.00939432908388066
53.7174948113783,-0.00934771061550578
53.8395800268588,-0.00850574549684065
53.9616652423392,-0.00913278013976996
54.0837504578196,-0.0096980666921281
54.2058356733,-0.00967923467862106
54.3279208887804,-0.0103434172070723
54.4500061042608,-0.0107270280390825
54.5720913197412,-0.0108631365048607
54.6941765352216,-0.0117647459678274
54.816261750702,-0.011989300765674
54.9383469661824,-0.0115444337712733
55.0604321816628,-0.0122392988902927
55.1825173971432,-0.0127040177709798
55.3046026126236,-0.0116230766591275
55.426687828104,-0.0110647601144889
55.5487730435844,-0.0114510701357446
55.6708582590648,-0.0105789344547893
55.7929434745452,-0.00864228415350539
55.9150286900256,-0.00813410093084348
56.0371139055061,-0.00926854794745954
56.1591991209865,-0.00928693539760073
56.2812843364669,-0.0069555270841465
56.4033695519473,-0.00502867454774519
56.5254547674277,-0.00563801656226769
56.6475399829081,-0.00649738471417804
56.7696251983885,-0.00552838237079514
56.8917104138689,-0.0045241334754904
57.0137956293493,-0.00452970057966156
57.1358808448297,-0.00394943350861492
57.2579660603101,-0.00294048010955055
57.3800512757905,-0.00254526051125096
57.5021364912709,-0.00155614807172479
57.6242217067513,5.99435082356935e-05
57.7463069222317,0.000487713334339905
57.8683921377121,0.000203421286801062
57.9904773531925,0.000185297970148345
58.1125625686729,-0.000162590514577262
58.2346477841533,-0.00034182813192469
58.3567329996337,-2.04771960335903e-05
58.4788182151142,-0.000219719402424135
58.6009034305946,-0.0003376874653874
58.722988646075,0.000264234825835317
58.8450738615554,0.000464075984266214
58.9671590770358,0.000455286041973212
59.0892442925162,0.00104864860633609
59.2113295079966,0.00181363022494704
59.333414723477,0.00246360386733426
59.4554999389574,0.00202776530423742
59.5775851544378,5.46149717665958e-05
59.6996703699182,-0.000861146770130763
59.8217555853986,0.000158912220112082
59.943840800879,0.000483729972504549
60.0659260163594,-0.000279343143839094
60.1880112318398,-0.00049459143147995
60.3100964473202,8.76381592633604e-05
60.4321816628006,0.000938058938057224
60.554266878281,0.00101621894832756
60.6763520937614,0.000361247579762007
60.7984373092419,0.000688483359039738
60.9205225247223,0.0015083035368208
61.0426077402027,0.00163837145060964
61.1646929556831,0.00234208360325127
61.2867781711635,0.00327569688883624
61.4088633866439,0.00321425488621098
61.5309486021243,0.00384956223759387
61.6530338176047,0.00528400912381343
61.7751190330851,0.00567295012715075
61.8972042485655,0.006128144655873
62.0192894640459,0.00733674968087405
62.1413746795263,0.00761279138722853
62.2634598950067,0.00711591921403788
62.3855451104871,0.00679708264897234
62.5076303259675,0.00671979545664826
62.6297155414479,0.00733593114661346
62.7518007569283,0.00797656468252286
62.8738859724087,0.00767980361337376
62.9959711878892,0.00728721240470337
63.1180564033696,0.00679886142645293
63.24014161885,0.00566789443665164
63.3622268343304,0.00511225295067717
63.4843120498108,0.0050789433608945
63.6063972652912,0.00404742294898173
63.7284824807716,0.00284191750938625
63.850567696252,0.00297118656202339
63.9726529117324,0.00377397639187582
64.0947381272128,0.00399261073275886
64.2168233426932,0.00351706081154344
64.3389085581736,0.00335729752238462
64.460993773654,0.00420879263546902
64.5830789891344,0.00531555277630211
64.7051642046148,0.00601342827446905
64.8272494200952,0.00659761880786356
64.9493346355756,0.00701699980079356
65.071419851056,0.00705021176744093
65.1935050665365,0.00697088542447539
65.3155902820168,0.0069051031011464
65.4376754974973,0.00686434426929453
65.5597607129777,0.00704392016600031
65.6818459284581,0.00721527665350817
65.8039311439385,0.00672176392235304
65.9260163594189,0.00563269456410008
66.0481015748993,0.00495035849828238
66.1701867903797,0.00494672346823544
66.2922720058601,0.00491620402627352
66.4143572213405,0.00488130291857101
66.5364424368209,0.0049155605352675
66.6585276523013,0.0042624439142311
66.7806128677817,0.00345199165646808
66.9026980832621,0.00373699734258818
67.0247832987425,0.00447330092168533
67.1468685142229,0.00480346804885285
67.2689537297033,0.00505913349009977
67.3910389451837,0.00520919594935174
67.5131241606642,0.00547457579067538
67.6352093761445,0.00626987425916029
67.757294591625,0.0062723484969369
67.8793798071054,0.00486885700727776
68.0014650225858,0.00438542315485421
68.1235502380662,0.00586286473011302
68.2456354535466,0.00698854916507713
68.367720669027,0.00661635904094608
68.4898058845074,0.00638187733207
68.6118910999878,0.00697367802683982
68.7339763154682,0.00757836996245377
68.8560615309486,0.00843153397887533
68.978146746429,0.00964493462317038
69.1002319619094,0.0100755910905264
69.2223171773898,0.00994805446122534
69.3444023928702,0.0101258865435707
69.4664876083506,0.00971200710051396
69.588572823831,0.00883032275951504
69.7106580393114,0.00901628757156921
69.8327432547919,0.0094146191922944
69.9548284702723,0.00881681619037556
70.0769136857527,0.00849255452835161
70.1989989012331,0.00880847265766713
70.3210841167135,0.00856331596412576
70.4431693321939,0.00814940474055289
70.5652545476743,0.00858826111589682
70.6873397631547,0.00929495723153274
70.8094249786351,0.00921725474135126
70.9315101941155,0.0084028135085296
71.0535954095959,0.00755006741492046
71.1756806250763,0.00711379505583665
71.2977658405567,0.00733168957135403
71.4198510560371,0.00764025920617668
71.5419362715175,0.00692031055260784
71.6640214869979,0.00621666680009962
71.7861067024783,0.00711401954272129
71.9081919179587,0.00769182697688751
72.0302771334391,0.00675726792075942
72.1523623489196,0.00674608395611833
72.2744475644,0.00760290038614442
72.3965327798804,0.00728069462107178
72.5186179953608,0.00682250591381096
72.6407032108412,0.0068732291578037
72.7627884263216,0.00647887883236492
72.884873641802,0.00644688813367749
73.0069588572824,0.00674096412324366
73.1290440727628,0.0063439140568885
73.2511292882432,0.0065636787229068
73.3732145037236,0.00773706137842091
73.495299719204,0.00829720862060962
73.6173849346844,0.00878485886779829
73.7394701501648,0.0101623780863791
73.8615553656452,0.0115173604039276
73.9836405811256,0.0119415201836687
74.105725796606,0.0115079035503843
74.2278110120864,0.0111894800787283
74.3498962275668,0.0111356459165751
74.4719814430472,0.0102478353659097
74.5940666585277,0.00957973957077282
74.7161518740081,0.0103440796152568
74.8382370894885,0.0106431935762148
74.9603223049689,0.0101597315900991
75.0824075204493,0.0101206675709031
75.2044927359297,0.00932092614664259
75.3265779514101,0.00823569526671936
75.4486631668905,0.00864042444533785
75.5707483823709,0.00882185784122171
75.6928335978513,0.00804288564983415
75.8149188133317,0.00750712461639821
75.9370040288121,0.00630196128595763
76.0590892442925,0.00498155762098071
76.1811744597729,0.00474370979659304
76.3032596752533,0.00353349622190213
76.4253448907337,0.00172672134164036
76.5474301062141,0.00165703231213625
76.6695153216946,0.00193062128822891
76.7916005371749,0.00212462225255455
76.9136857526554,0.00310262810253863
77.0357709681358,0.00290473506514038
77.1578561836162,0.00231537933367283
77.2799413990966,0.00380612644235747
77.402026614577,0.00487974545209057
77.5241118300574,0.00402784447929824
77.6461970455378,0.00343966113744374
77.7682822610182,0.00317731192587968
77.8903674764986,0.00309160617427232
78.012452691979,0.00390929838984561
78.1345379074594,0.00419588988870674
78.2566231229398,0.00348565658411925
78.3787083384202,0.00291428320888436
78.5007935539006,0.00251040093065751
78.622878769381,0.00280110731561473
78.7449639848614,0.00354840926690519
78.8670492003418,0.00314986369595758
78.9891344158223,0.00279192421462642
79.1112196313027,0.00383225373551081
79.2333048467831,0.00481719647228637
79.3553900622635,0.00543092591675017
79.4774752777439,0.00547996815490186
79.5995604932243,0.00371010660757816
79.7216457087047,0.00204073322661863
79.8437309241851,0.00250352684366935
79.9658161396655,0.00313924511821924
80.0879013551459,0.00266085526892281
80.2099865706263,0.00206309645790602
80.3320717861067,0.0019222228603131
80.4541570015871,0.00228955523163854
80.5762422170675,0.00260472889385771
80.6983274325479,0.00286653659666678
80.8204126480283,0.003956799482732
80.9424978635087,0.00461228814472792
81.0645830789891,0.00393647365300146
81.1866682944695,0.00433342582517491
81.30875350995,0.00578054725616616
81.4308387254304,0.00547709876174563
81.5529239409108,0.0042816140280207
81.6750091563912,0.00430114388949602
81.7970943718716,0.00475989522324079
81.919179587352,0.0050599103570334
82.0412648028324,0.00559103717193838
82.1633500183128,0.00592807749307899
82.2854352337932,0.00588630900161002
82.4075204492736,0.00591113492767549
82.529605664754,0.00610583820370288
82.6516908802344,0.0062860439047335
82.7737760957148,0.00633915822848747
82.8958613111952,0.00646962381902903
83.0179465266756,0.00698017490339024
83.140031742156,0.00774537333195947
83.2621169576364,0.008191367458818
83.3842021731168,0.00789050277686271
83.5062873885972,0.00765727700305065
83.6283726040776,0.00857418827264264
83.7504578195581,0.00973774374764259
83.8725430350385,0.010199517712817
83.9946282505189,0.0106980233101601
84.1167134659993,0.010819214378282
84.2387986814797,0.00987110813874088
84.3608838969601,0.00930136531523988
84.4829691124405,0.00906250553380193
84.6050543279209,0.00755692314018197
84.7271395434013,0.00608032083160897
84.8492247588817,0.00613090148287342
84.9713099743621,0.0066086014222049
85.0933951898425,0.00707938268913431
85.2154804053229,0.00746810413849321
85.3375656208033,0.00666827545037755
85.4596508362837,0.00543807653625144
85.5817360517641,0.00558250433572268
85.7038212672445,0.00635897013394213
85.825906482725,0.00601762900172084
85.9479916982053,0.00485890528653631
86.0700769136858,0.00440611045965338
86.1921621291662,0.00462948115649749
86.3142473446466,0.00415165818674774
86.436332560127,0.00345220409137181
86.5584177756074,0.00407320718707225
86.6805029910878,0.00529335870109857
86.8025882065682,0.00622519011066515
86.9246734220486,0.00768459089308703
87.046758637529,0.00905912957322838
87.1688438530094,0.00886758464848974
87.2909290684898,0.00811119202371441
87.4130142839702,0.00831718900386153
87.5350994994506,0.00879011102449265
87.657184714931,0.0083784875720969
87.7792699304114,0.00777219786428098
87.9013551458918,0.00836727292969694
88.0234403613722,0.00950317766037059
88.1455255768527,0.00961935598675245
88.267610792333,0.00941846969751749
88.3896960078135,0.00975150064000813
88.5117812232939,0.00960138634284192
88.6338664387743,0.00938750503033015
88.7559516542547,0.0103396559813465
88.8780368697351,0.0110657649890664
89.0001220852155,0.0107362469150768
89.1222073006959,0.0109019527331217
89.2442925161763,0.0113093157102561
89.3663777316567,0.0106714910504616
89.4884629471371,0.0101625362039973
89.6105481626175,0.0107655601765681
89.7326333780979,0.0112609370943466
89.8547185935783,0.010937592143193
89.9768038090587,0.0101970519029673
90.0988890245391,0.00924646131229785
90.2209742400195,0.00855706700247843
90.3430594554999,0.00864637246257468
90.4651446709804,0.00895936119836338
90.5872298864608,0.00882120293304166
90.7093151019412,0.00866209393131922
90.8314003174216,0.00886344986224417
90.953485532902,0.00885279150647588
91.0755707483824,0.00842734933795528
91.1976559638628,0.00829244120262636
91.3197411793432,0.00870621326281042
91.4418263948236,0.00918073571274879
91.563911610304,0.00943620596135971
91.6859968257844,0.00947365999668961
91.8080820412648,0.009186782424194
91.9301672567452,0.00859614057538047
92.0522524722256,0.00816792190806568
92.174337687706,0.00826311715002392
92.2964229031864,0.00832397739980677
92.4185081186668,0.00790697494190585
92.5405933341472,0.00787180922775408
92.6626785496276,0.0084641136002727
92.784763765108,0.00849979920325634
92.9068489805885,0.00798903104368261
93.0289341960689,0.00768805342039094
93.1510194115493,0.00716738732714594
93.2731046270297,0.00687802976209785
93.3951898425101,0.00753006868708673
93.5172750579905,0.0073677253926301
93.6393602734709,0.00609442938488185
93.7614454889513,0.00613603994334499
93.8835307044317,0.00686321014658273
94.0056159199121,0.006492900277073
94.1277011353925,0.00645593002690938
94.2497863508729,0.00678186811310587
94.3718715663533,0.00605045596625732
94.4939567818337,0.00586597195409432
94.6160419973141,0.00646403229536376
94.7381272127945,0.00564211109938544
94.8602124282749,0.00441193862094573
94.9822976437554,0.00398611553923027
95.1043828592357,0.00333449534665084
95.2264680747162,0.00345793034150527
95.3485532901966,0.00441344432581397
95.470638505677,0.00379412772558403
95.5927237211574,0.00277799284606696
95.7148089366378,0.0028853358776401
95.8368941521182,0.00184265526416293
95.9589793675986,1.34819581696018e-05
96.081064583079,-0.000269106078066603
96.2031497985594,-0.000250039815019116
96.3252350140398,-0.000878238649454818
96.4473202295202,-0.001199415342103
96.5694054450006,-0.00152690082187014
96.691490660481,-0.00203246567726252
96.8135758759614,-0.00242740913801194
96.9356610914418,-0.00249012190099491
97.0577463069222,-0.00121032230330672
97.1798315224026,0.000113312221046365
97.3019167378831,-0.000552702890557792
97.4240019533634,-0.00065693197766128
97.5460871688439,0.00128275833166405
97.6681723843243,0.00228305704652875
97.7902575998047,0.00233875462844174
97.9123428152851,0.00334186315571958
98.0344280307655,0.00405884596490706
98.1565132462459,0.00390944979936882
98.2785984617263,0.00352283120340333
98.4006836772067,0.0028147210024862
98.5227688926871,0.00311106181021911
98.6448541081675,0.00455351309361925
98.7669393236479,0.00484897105074856
98.8890245391283,0.00421809497280689
99.0111097546087,0.00369270960996675
99.1331949700891,0.00247139615071577
99.2552801855695,0.00160785046765335
99.3773654010499,0.00216216166865957
99.4994506165303,0.00237235012205864
99.6215358320108,0.00180884796923835
99.7436210474912,0.00146595237362803
99.8657062629716,0.000958125440025257
99.987791478452,0.000152020240934576
100.109876693932,-0.000672083483666878
100.231961909413,-0.00145656766067447
100.354047124893,-0.00167685571990061
100.476132340374,-0.001985266466575
100.598217555854,-0.00325506971120375
100.720302771334,-0.00426384729393942
100.842387986815,-0.00490322733703236
100.964473202295,-0.00650894524086964
101.086558417776,-0.00801674392080265
101.208643633256,-0.00834193474050673
101.330728848736,-0.0086390320820153
101.452814064217,-0.00902523688562286
101.574899279697,-0.0088531278827798
101.696984495178,-0.00881385910891557
101.819069710658,-0.00930494886799017
101.941154926138,-0.0100129521713829
102.063240141619,-0.0107731954921128
102.185325357099,-0.0109981036990484
102.30741057258,-0.010459706515299
102.42949578806,-0.0098378521621494
102.55158100354,-0.00924865241208691
102.673666219021,-0.00863942729354963
102.795751434501,-0.00871381424449659
102.917836649982,-0.00929498664605545
103.039921865462,-0.00940293228630506
103.162007080943,-0.00938712243571766
103.284092296423,-0.00971904084501204
103.406177511903,-0.00973940083661629
103.528262727384,-0.00996672117238521
103.650347942864,-0.0111405306516485
103.772433158345,-0.0114691579975706
103.894518373825,-0.0102303936023314
104.016603589305,-0.0095743448081949
104.138688804786,-0.00961103366669688
104.260774020266,-0.00903928656170332
104.382859235747,-0.00895606587005673
104.504944451227,-0.00985079892793073
104.627029666707,-0.0105827118737234
104.749114882188,-0.0113805793994958
104.871200097668,-0.0122321585617915
104.993285313149,-0.0125041117175129
105.115370528629,-0.013090455539008
105.237455744109,-0.0138803400064037
105.35954095959,-0.0136228519392857
105.48162617507,-0.0132768574619737
105.603711390551,-0.0136864522911455
105.725796606031,-0.0141144927634062
105.847881821511,-0.0149758665322815
105.969967036992,-0.0163641018640593
106.092052252472,-0.0170738532413517
106.214137467953,-0.0172729181222712
106.336222683433,-0.0173449916583755
106.458307898913,-0.0168184803225196
106.580393114394,-0.0163236109561861
106.702478329874,-0.0161307488000866
106.824563545355,-0.0152825968208128
106.946648760835,-0.0142056111728833
107.068733976315,-0.0136935145918555
107.190819191796,-0.0131590412823051
107.312904407276,-0.0127165934314181
107.434989622757,-0.0130615270203213
107.557074838237,-0.0136451927908562
107.679160053718,-0.0140310145419773
107.801245269198,-0.0143233833325601
107.923330484678,-0.0137994128168283
108.045415700159,-0.0126438231430002
108.167500915639,-0.0127970108245095
108.28958613112,-0.0143155518350298
108.4116713466,-0.0152210669827806
108.53375656208,-0.0154028089370888
108.655841777561,-0.0155172472708627
108.777926993041,-0.0150604510049573
108.900012208522,-0.0149606940822093
109.022097424002,-0.0161981120072504
109.144182639482,-0.0170640475716829
109.266267854963,-0.0172061693348802
109.388353070443,-0.0180233304188656
109.510438285924,-0.0182577938940593
109.632523501404,-0.0171572429857726
109.754608716884,-0.0169096496305344
109.876693932365,-0.0177793280128062
109.998779147845,-0.0183434880426691
110.120864363326,-0.0186130422414718
110.242949578806,-0.0185114051283998
110.365034794286,-0.0180532019572961
110.487120009767,-0.0179282244753464
110.609205225247,-0.0179084069417057
110.731290440728,-0.0182053905869362
110.853375656208,-0.0193748425803072
110.975460871688,-0.0201813608487469
111.097546087169,-0.020137097766503
111.219631302649,-0.020148232908863
111.34171651813,-0.0197228427114157
111.46380173361,-0.018778978815808
111.58588694909,-0.018450604570851
111.707972164571,-0.0185947493470098
111.830057380051,-0.0188796378537025
111.952142595532,-0.0193280218870094
112.074227811012,-0.0192564036632775
112.196313026492,-0.0189009770547886
112.318398241973,-0.0188201491246994
112.440483457453,-0.0184411355995102
112.562568672934,-0.0178158434450445
112.684653888414,-0.0170324176515217
112.806739103895,-0.0157505421952111
112.928824319375,-0.0152345527391643
113.050909534855,-0.0158407568969015
113.172994750336,-0.0156881910260974
113.295079965816,-0.0148833342953845
113.417165181297,-0.014692271267167
113.539250396777,-0.0144385231420067
113.661335612257,-0.0139055276633395
113.783420827738,-0.0140807105863078
113.905506043218,-0.0149141074311085
114.027591258699,-0.0155684875464693
114.149676474179,-0.0156407618644817
114.271761689659,-0.0156229456025606
114.39384690514,-0.0158408527748668
114.51593212062,-0.0155382684061771
114.638017336101,-0.0147242738866436
114.760102551581,-0.013911399864324
114.882187767061,-0.0127527654628745
115.004272982542,-0.0121852036934704
115.126358198022,-0.0125957435751217
115.248443413503,-0.0116365602472588
115.370528628983,-0.0101511534258814
115.492613844463,-0.0111419357841755
115.614699059944,-0.012316034931063
115.736784275424,-0.0114782356629633
115.858869490905,-0.0110413095178883
115.980954706385,-0.0108637818680034
116.103039921865,-0.00936191684366483
116.225125137346,-0.00851727191982914
116.347210352826,-0.00889421708060901
116.469295568307,-0.00872002462986009
116.591380783787,-0.00829420076366566
116.713465999267,-0.00804461367087335
116.835551214748,-0.00750288148123269
116.957636430228,-0.00728271340129355
117.079721645709,-0.00754517894083831
117.201806861189,-0.00777670233501953
117.32389207667,-0.00831350271699362
117.44597729215,-0.00910277262155922
117.56806250763,-0.00945547085464324
117.690147723111,-0.00956967677455474
117.812232938591,-0.0101015073291393
117.934318154072,-0.0106425836340059
118.056403369552,-0.0102588152285544
118.178488585032,-0.00971749281535702
118.300573800513,-0.0100854075166674
118.422659015993,-0.00997742931202249
118.544744231474,-0.00909736919270298
118.666829446954,-0.00958232559050654
118.788914662434,-0.0105901787898274
118.910999877915,-0.0102752460071474
119.033085093395,-0.0103767398178151
119.155170308876,-0.0113017371240819
119.277255524356,-0.0113321143057741
119.399340739836,-0.0114261583613514
119.521425955317,-0.0119166704672797
119.643511170797,-0.0112916358747488
119.765596386278,-0.0108677606287374
119.887681601758,-0.0116615233166954
120.009766817238,-0.0117273699044599
120.131852032719,-0.0110923942112828
120.253937248199,-0.010993455255517
120.37602246368,-0.0104081880524252
120.49810767916,-0.00918778390505547
120.62019289464,-0.00905766466776576
120.742278110121,-0.0101192414250242
120.864363325601,-0.0108422063997319
120.986448541082,-0.0105366480898331
121.108533756562,-0.00972355424723011
121.230618972042,-0.00903616208588493
121.352704187523,-0.00905355393304469
121.474789403003,-0.010040085039875
121.596874618484,-0.0107055150677464
121.718959833964,-0.0102078837356386
121.841045049445,-0.0102036443746831
121.963130264925,-0.010604766785503
122.085215480405,-0.00927324870840223
122.207300695886,-0.00792806983144754
122.329385911366,-0.00871173976789685
122.451471126847,-0.00884569904085886
122.573556342327,-0.0071821160076781
122.695641557807,-0.00666269664569716
122.817726773288,-0.00742080482334681
122.939811988768,-0.0074797616536067
123.061897204249,-0.00736252383132985
123.183982419729,-0.00781014184040578
123.306067635209,-0.00760903331383332
123.42815285069,-0.00599778538998572
123.55023806617,-0.00463209134485542
123.672323281651,-0.00525306761542038
123.794408497131,-0.00636516067843239
123.916493712611,-0.00616487300422924
124.038578928092,-0.00574386819253387
124.160664143572,-0.00526840040376584
124.282749359053,-0.00400476454078045
124.404834574533,-0.00393236315957776
124.526919790013,-0.00533089595075023
124.649005005494,-0.00540775778261535
124.771090220974,-0.00455486985759631
124.893175436455,-0.00427046323192669
125.015260651935,-0.00324168057404428
125.137345867415,-0.00188881060745831
125.259431082896,-0.00193469641966028
125.381516298376,-0.0021571180759563
125.503601513857,-0.00153303607820159
125.625686729337,-0.00098244354551132
125.747771944817,-0.00078044131219242
125.869857160298,-0.000824143012148881
125.991942375778,-0.000630921607741852
126.114027591259,0.000556764346239909
126.236112806739,0.00187136471405018
126.35819802222,0.00276256570599052
126.4802832377,0.0041080118384334
126.60236845318,0.00517927082110841
126.724453668661,0.00525925873892359
126.846538884141,0.0057088285164833
126.968624099622,0.00635381941422706
127.090709315102,0.0059333793710383
127.212794530582,0.00539326887794193
127.334879746063,0.00549218659534192
127.456964961543,0.00561728784045354
127.579050177024,0.00595077069986976
127.701135392504,0.00643606425674058
127.823220607984,0.00642936985315816
127.945305823465,0.00650861063083681
128.067391038945,0.00701945603220454
128.189476254426,0.0070244686293438
128.311561469906,0.00664516323545653
128.433646685386,0.00714360144034827
128.555731900867,0.00852055465603704
128.677817116347,0.00948834041258836
128.799902331828,0.00945278707017672
128.921987547308,0.00910581253464782
129.044072762788,0.00907876303044233
129.166157978269,0.00907017073783397
129.288243193749,0.00859694208846646
129.41032840923,0.00790947233229111
129.53241362471,0.00772019172564965
129.65449884019,0.00793233133529023
129.776584055671,0.00784902627687283
129.898669271151,0.00793501910685786
130.020754486632,0.00862248931711792
130.142839702112,0.00869509700267955
130.264924917592,0.0081492587717848
130.387010133073,0.00832507992590846
130.509095348553,0.00831457703114918
130.631180564034,0.00734605712985936
130.753265779514,0.00693981313379956
130.875350994995,0.00681056203406785
130.997436210475,0.00584043880951822
131.119521425955,0.00536179285190341
131.241606641436,0.00560788430771522
131.363691856916,0.00540473811214019
131.485777072397,0.00538603523418061
131.607862287877,0.00549332142023999
131.729947503357,0.00498538538718406
131.852032718838,0.00517532227284609
131.974117934318,0.00594000771602566
132.096203149799,0.00549372704506532
132.218288365279,0.00476444344382435
132.340373580759,0.00487576824880623
132.46245879624,0.00507020748402652
132.58454401172,0.00548989461462567
132.706629227201,0.00594109784913683
132.828714442681,0.00538371976712628
132.950799658161,0.00447641900659682
133.072884873642,0.00381815766565312
133.194970089122,0.00313665817291531
133.317055304603,0.00311501505450609
133.439140520083,0.00353680359674357
133.561225735563,0.00333894989505336
133.683310951044,0.00315461179651373
133.805396166524,0.00364973864818233
133.927481382005,0.00453312174340021
134.049566597485,0.00538616136695378
134.171651812965,0.00516943035299272
134.293737028446,0.00438741572599875
134.415822243926,0.00493896409037174
134.537907459407,0.00570112493271392
134.659992674887,0.00524418404797621
134.782077890367,0.00540114991551943
134.904163105848,0.00638424689508049
135.026248321328,0.00632750814943774
135.148333536809,0.00572936872559173
135.270418752289,0.00559572747380934
135.39250396777,0.00584054787610511
135.51458918325,0.00661559632951181
135.63667439873,0.00721319983881763
135.758759614211,0.00718211683157001
135.880844829691,0.00758966747755671
136.002930045172,0.00806059649084368
136.125015260652,0.00748708704913316
136.247100476132,0.00663820175713055
136.369185691613,0.00605920024308586
136.491270907093,0.00568408203833676
136.613356122574,0.00615125606009151
136.735441338054,0.00697275872807139
136.857526553534,0.00702528593746486
136.979611769015,0.00681039819011359
137.101696984495,0.00701210516224133
137.223782199976,0.00740126153482337
137.345867415456,0.00789506894976262
137.467952630936,0.00846974469452261
137.590037846417,0.00871515103255973
137.712123061897,0.00829868791996645
137.834208277378,0.00782260126220905
137.956293492858,0.00835319493555636
138.078378708338,0.00947638447843714
138.200463923819,0.00994300901864443
138.322549139299,0.00957334274290388
138.44463435478,0.0085000574633099
138.56671957026,0.00727227194658642
138.68880478574,0.0070256126895674
138.810890001221,0.00727110311700989
138.932975216701,0.00724620072366449
139.055060432182,0.0077062690436361
139.177145647662,0.00809875839100171
139.299230863142,0.00770676409084762
139.421316078623,0.00790061005125723
139.543401294103,0.00833543244628527
139.665486509584,0.00799025523272058
139.787571725064,0.00850387035534765
139.909656940545,0.00938586288971033
140.031742156025,0.00849510728313312
140.153827371505,0.00766099913859907
140.275912586986,0.00788911410651125
140.397997802466,0.00710014497028596
140.520083017947,0.00641278345682224
140.642168233427,0.00721135083606708
140.764253448907,0.00714654193445388
140.886338664388,0.00615594257613412
141.008423879868,0.00632629158394795
141.130509095349,0.00666473007100694
141.252594310829,0.00630949047160323
141.374679526309,0.00676267011355959
141.49676474179,0.00803505000191247
141.61884995727,0.00854310156669362
141.740935172751,0.00801851257485975
141.863020388231,0.00765740630459312
141.985105603711,0.00811110560986543
142.107190819192,0.00836162192179109
142.229276034672,0.00747348387834573
142.351361250153,0.00593383419909933
142.473446465633,0.0046585266071642
142.595531681113,0.00472203333265337
142.717616896594,0.00627466348356694
142.839702112074,0.00747538889317063
142.961787327555,0.00768146252339783
143.083872543035,0.00828060175697266
143.205957758515,0.00897616953351726
143.328042973996,0.00886185262736939
143.450128189476,0.00890916892794825
143.572213404957,0.00960314140233074
143.694298620437,0.0104761869387899
143.816383835917,0.0113315094698034
143.938469051398,0.0113207609378582
144.060554266878,0.0105887777525204
144.182639482359,0.010908084904716
144.304724697839,0.0115697333802346
144.42680991332,0.0104318881047356
144.5488951288,0.00875219584546916
144.67098034428,0.00868620409027538
144.793065559761,0.00943728462274201
144.915150775241,0.00965428013271237
145.037235990722,0.00939011474094449
145.159321206202,0.00894741103882036
145.281406421682,0.0084979959898667
145.403491637163,0.00802590816872942
145.525576852643,0.00731996934235536
145.647662068124,0.0067721980809233
145.769747283604,0.0068974468787923
145.891832499084,0.00720135566934869
146.013917714565,0.00700554103444721
146.136002930045,0.00636855821137249
146.258088145526,0.00555716860848594
146.380173361006,0.00478430165006646
146.502258576486,0.00415622616192906
146.624343791967,0.00385356860769526
146.746429007447,0.00465399112229196
146.868514222928,0.00635613495023951
146.990599438408,0.00711739140779891
147.112684653888,0.00686970501821057
147.234769869369,0.00689883826170022
147.356855084849,0.00623151507204895
147.47894030033,0.00494082207619158
147.60102551581,0.00546655489649992
147.72311073129,0.00652977735668879
147.845195946771,0.00592421388272377
147.967281162251,0.00636584405084383
148.089366377732,0.00862101715646387
148.211451593212,0.00915349784409521
148.333536808692,0.0081492425186938
148.455622024173,0.00777006732999303
148.577707239653,0.00748792725956182
148.699792455134,0.00772239368758042
148.821877670614,0.00899654579337777
148.943962886094,0.00952201559041723
149.066048101575,0.0090733832687916
149.188133317055,0.00854643108517619
149.310218532536,0.00777812858929052
149.432303748016,0.00764620854234225
149.554388963497,0.00817487246695014
149.676474178977,0.00790298591989828
149.798559394457,0.00799659943033114
149.920644609938,0.00919539280298188
150.042729825418,0.00903476900363213
150.164815040899,0.00748217344474755
150.286900256379,0.00675322583079416
150.408985471859,0.006535232030035
150.53107068734,0.00576128163499334
150.65315590282,0.00458996187728288
150.775241118301,0.00385178756776001
150.897326333781,0.00444862730466029
151.019411549261,0.0052673838152213
151.141496764742,0.00498197636024884
151.263581980222,0.00508643140422594
151.385667195703,0.00607775672377865
151.507752411183,0.00636935649014646
151.629837626663,0.0062564629527804
151.751922842144,0.00625074502715335
151.874008057624,0.0055839020296285
151.996093273105,0.00461532795193211
152.118178488585,0.00366386321910917
152.240263704065,0.00274364404061837
152.362348919546,0.0028877617929632
152.484434135026,0.00340541240585979
152.606519350507,0.00274084986781328
152.728604565987,0.00203047136146323
152.850689781467,0.00221260100883075
152.972774996948,0.00236633402966762
153.094860212428,0.00228876886518664
153.216945427909,0.00203154560746114
153.339030643389,0.00152705502124966
153.46111585887,0.000983330200420962
153.58320107435,4.72876947583236e-05
153.70528628983,-0.000560138095707909
153.827371505311,7.65055050475015e-05
153.949456720791,0.000272740512303424
154.071541936272,-0.000100115252395325
154.193627151752,0.00101241344068814
154.315712367232,0.00204861744826762
154.437797582713,0.00146503143664134
154.559882798193,0.00148051145321973
154.681968013674,0.00204005980445514
154.804053229154,0.00171619134268497
154.926138444634,0.00181079808713526
155.048223660115,0.00180949474610467
155.170308875595,0.000124062811948053
155.292394091076,-0.00127129363988272
155.414479306556,-0.00123733936233479
155.536564522036,-0.00131228548907907
155.658649737517,-0.00154229492280782
155.780734952997,-0.00143633594581465
155.902820168478,-0.00133599692746552
156.024905383958,-0.000934707956634689
156.146990599438,-4.50025220671054e-05
156.269075814919,0.000828288502127132
156.391161030399,0.000898682658174253
156.51324624588,-0.000175034716175751
156.63533146136,-0.00108171414486759
156.75741667684,-0.00130153086356012
156.879501892321,-0.00199729006098592
157.001587107801,-0.00227406263475076
157.123672323282,-0.00158376664503056
157.245757538762,-0.00197235340420569
157.367842754242,-0.00245252501399172
157.489927969723,-0.00149647643840729
157.612013185203,-0.00214361629801762
157.734098400684,-0.00430743661944435
157.856183616164,-0.00404200363601366
157.978268831645,-0.00266946498850205
158.100354047125,-0.0027696081938172
158.222439262605,-0.00278250529378106
158.344524478086,-0.00242853426338696
158.466609693566,-0.00262940041371476
158.588694909047,-0.00282818988087103
158.710780124527,-0.00332839953821455
158.832865340007,-0.00355924519764549
158.954950555488,-0.00191307121481153
159.077035770968,0.000186105432429895
159.199120986449,0.00124563370941564
159.321206201929,0.00208662015894367
159.443291417409,0.00255855100321796
159.56537663289,0.00275359120343518
159.68746184837,0.00348718999071278
159.809547063851,0.00372233982730746
159.931632279331,0.00337881237615974
160.053717494811,0.00369180413026153
160.175802710292,0.00375624866977668
160.297887925772,0.00341911548814425
160.419973141253,0.00413095843292588
160.542058356733,0.0050177925618819
160.664143572213,0.00512740711318709
160.786228787694,0.00529493726633712
160.908314003174,0.00532311797012692
161.030399218655,0.00506816584164154
161.152484434135,0.00515386582719405
161.274569649615,0.00507537781178378
161.396654865096,0.00488327483012536
161.518740080576,0.00514624580777141
161.640825296057,0.00488636627906881
161.762910511537,0.00402125332029248
161.884995727017,0.00375125977999384
162.007080942498,0.00381644070677791
162.129166157978,0.00400155905662954
162.251251373459,0.004896758217599
162.373336588939,0.00578851656462504
162.49542180442,0.00579793578744448
162.6175070199,0.00529057896162382
162.73959223538,0.00493196139032953
162.861677450861,0.00517477618865593
162.983762666341,0.00553943763786554
163.105847881822,0.00514852933073868
163.227933097302,0.00456836295724645
163.350018312782,0.00457365733774286
163.472103528263,0.00486964789819803
163.594188743743,0.00537281894768728
163.716273959224,0.00562295167645111
163.838359174704,0.00454598206422562
163.960444390184,0.00277968848013239
164.082529605665,0.00188454286055499
164.204614821145,0.00187924609017196
164.326700036626,0.00220657388305208
164.448785252106,0.00270074684771578
164.570870467586,0.00286337634289871
164.692955683067,0.00250736699832857
164.815040898547,0.00234411446873809
164.937126114028,0.00282034866439016
165.059211329508,0.00358250034848009
165.181296544988,0.0040168280857282
165.303381760469,0.00361652005395894
165.425466975949,0.00280147160204844
165.54755219143,0.00278506513145567
165.66963740691,0.00325457085713687
165.79172262239,0.00283316369815121
165.913807837871,0.00225162765838075
166.035893053351,0.00264948249704159
166.157978268832,0.00307195636896192
166.280063484312,0.0032794278749987
166.402148699792,0.00365049113104919
166.524233915273,0.00301405716627288
166.646319130753,0.00200124810601402
166.768404346234,0.00240685409519327
166.890489561714,0.00279782100315874
167.012574777195,0.00259230782676124
167.134659992675,0.00348801738185776
167.256745208155,0.00395647591913048
167.378830423636,0.0031405986583059
167.500915639116,0.00406301909000134
167.623000854597,0.00595666137428551
167.745086070077,0.00578788435031298
167.867171285557,0.00525191674317498
167.989256501038,0.00565089502688008
168.111341716518,0.00539729732278357
168.233426931999,0.00514138509516114
168.355512147479,0.00578630385313289
168.477597362959,0.00626221150504754
168.59968257844,0.00643906660467206
168.72176779392,0.00627580750491889
168.843853009401,0.0052786588207702
168.965938224881,0.00436826178544134
169.088023440361,0.0042084550302553
169.210108655842,0.00451026999289371
169.332193871322,0.00526366768498234
169.454279086803,0.00589339211164118
169.576364302283,0.00601549279139075
169.698449517763,0.00617884182329105
169.820534733244,0.00632730558335149
169.942619948724,0.00676210975888878
170.064705164205,0.00810468729396716
170.186790379685,0.00902151049800099
170.308875595165,0.00873540792100612
170.430960810646,0.00871832105817428
170.553046026126,0.00911888138138457
170.675131241607,0.0087993330183752
170.797216457087,0.0077152874912842
170.919301672567,0.00612326306569169
171.041386888048,0.00470726467649103
171.163472103528,0.00445786729379658
171.285557319009,0.00448102780504152
171.407642534489,0.00326850745640318
171.529727749969,0.00136941484914442
171.65181296545,0.0002378465648278
171.77389818093,0.000383244378153232
171.895983396411,0.00131164809407289
172.018068611891,0.00213652319246912
172.140153827372,0.00223340371668235
172.262239042852,0.00144845492012503
172.384324258332,0.000249278623184619
172.506409473813,-0.000595682791967157
172.628494689293,-0.000841704625305775
172.750579904774,-0.000364645031394195
172.872665120254,0.000742433899548375
172.994750335734,0.00129937793328484
173.116835551215,0.000853055380010238
173.238920766695,0.000580404006937139
173.361005982176,0.000813523043185997
173.483091197656,0.00107375858295284
173.605176413136,0.00124377684176283
173.727261628617,0.000605186507435622
173.849346844097,-0.000693007313412554
173.971432059578,-0.000927527408380093
174.093517275058,-0.000381484068232461
174.215602490538,-0.00052936266543154
174.337687706019,-0.000438750938416853
174.459772921499,0.000536239400943958
174.58185813698,0.000887272099628183
174.70394335246,0.000559930378386469
174.82602856794,0.000816313626766406
174.948113783421,0.0011484848980715
175.070198998901,0.000632492149368324
175.192284214382,-8.47613921592725e-05
175.314369429862,-0.000224052482695524
175.436454645342,4.67487738878489e-05
175.558539860823,0.000436480015961572
175.680625076303,0.000757604490757626
175.802710291784,0.000396104758079611
175.924795507264,-0.00110775910103018
176.046880722744,-0.00300578268655492
176.168965938225,-0.0039234013078097
176.291051153705,-0.00336631172992279
176.413136369186,-0.00220558502629367
176.535221584666,-0.00184690334869448
176.657306800147,-0.00259034878681169
176.779392015627,-0.00308857996628194
176.901477231107,-0.00247592404977136
177.023562446588,-0.00190751320444107
177.145647662068,-0.00243129069479381
177.267732877549,-0.00324326280287582
177.389818093029,-0.00361289764562885
177.511903308509,-0.00392361769957986
177.63398852399,-0.00406578875715883
177.75607373947,-0.00396861385429255
177.878158954951,-0.00456003689333481
178.000244170431,-0.00537316363809183
178.122329385911,-0.00494010217313459
178.244414601392,-0.00425665170245371
178.366499816872,-0.00452949861394735
178.488585032353,-0.00444917420244538
178.610670247833,-0.00368056941530191
178.732755463313,-0.0030150317713431
178.854840678794,-0.00162605716939
178.976925894274,-7.84341663389045e-05
179.099011109755,-0.0002795802054984
179.221096325235,-0.000681375045844496
179.343181540715,0.000656672356000147
179.465266756196,0.00228504667041357
179.587351971676,0.00339578659173629
179.709437187157,0.00421713123756055
179.831522402637,0.00377960294218292
179.953607618117,0.00283173928031432
180.075692833598,0.00280566873573899
180.197778049078,0.0024645040284004
180.319863264559,0.00175878753383033
180.441948480039,0.00218850990214986
180.564033695519,0.00198860082976663
180.686118911,1.17998026731296e-05
180.80820412648,-0.000863729783140835
180.930289341961,-0.000274570121754302
181.052374557441,-0.000694882435804469
181.174459772922,-0.00128218504068078
181.296544988402,-0.000770841830777637
181.418630203882,-0.000768911825985949
181.540715419363,-0.00112896959346908
181.662800634843,-0.000173141762279572
181.784885850324,0.0011313642650679
181.906971065804,0.00157789368110986
182.029056281284,0.00163055291995061
182.151141496765,0.0012264724058437
182.273226712245,0.000751861791424441
182.395311927726,0.00122994267430667
182.517397143206,0.00143557017819697
182.639482358686,-1.00608298587921e-05
182.761567574167,-0.00165633836896434
182.883652789647,-0.00231356398340324
183.005738005128,-0.00273817127147931
183.127823220608,-0.00332121762665255
183.249908436088,-0.00377771199419392
183.371993651569,-0.00384732565942309
183.494078867049,-0.00352725738425002
183.61616408253,-0.00376575392459324
183.73824929801,-0.00528396648129344
183.86033451349,-0.00725484278992624
183.982419728971,-0.00861119150359401
184.104504944451,-0.00881697853820005
184.226590159932,-0.00796875897686414
184.348675375412,-0.00725326706940539
184.470760590892,-0.00718133862566299
184.592845806373,-0.00677025012371916
184.714931021853,-0.00602792023575056
184.837016237334,-0.00588948777813624
184.959101452814,-0.00619584630075014
185.081186668294,-0.00641786534167492
185.203271883775,-0.0063158769511295
185.325357099255,-0.00597434943936661
185.447442314736,-0.00641849992922801
185.569527530216,-0.00762453391126986
185.691612745697,-0.00782964946970466
185.813697961177,-0.00729266403113665
185.935783176657,-0.00753802299041517
186.057868392138,-0.00754719394966947
186.179953607618,-0.00685241586301203
186.302038823099,-0.00732068974180014
186.424124038579,-0.00827147656059082
186.546209254059,-0.00775503918059704
186.66829446954,-0.00710606849345032
186.79037968502,-0.00703331161679693
186.912464900501,-0.00590207370495144
187.034550115981,-0.00473417454062423
187.156635331461,-0.00514430498064582
187.278720546942,-0.00554164855134725
187.400805762422,-0.00560378350814324
187.522890977903,-0.00666226130581653
187.644976193383,-0.00731455894589933
187.767061408863,-0.00684984063017218
187.889146624344,-0.00735723887553809
188.011231839824,-0.00849852598574217
188.133317055305,-0.00855033413662056
188.255402270785,-0.00851118424070462
188.377487486265,-0.00895499484081392
188.499572701746,-0.00901041044837992
188.621657917226,-0.009463062407136
188.743743132707,-0.0106704497276954
188.865828348187,-0.0110142817954222
188.987913563667,-0.010411235091368
189.109998779148,-0.010289378532286
189.232083994628,-0.0106864839454266
189.354169210109,-0.0110418679911941
189.476254425589,-0.0115075469629902
189.598339641069,-0.0118791812256816
189.72042485655,-0.0115691823582875
189.84251007203,-0.0111412419730654
189.964595287511,-0.0118229002042248
190.086680502991,-0.0133352591357668
190.208765718471,-0.0143789021210574
190.330850933952,-0.0145246405444152
190.452936149432,-0.0136652849403924
190.575021364913,-0.0120258958083419
190.697106580393,-0.0111511726953399
190.819191795874,-0.0116017332588523
190.941277011354,-0.0117940041584279
191.063362226834,-0.0111822356998369
191.185447442315,-0.0109064001110161
191.307532657795,-0.0115768487558125
191.429617873276,-0.0127718761736653
191.551703088756,-0.0133400788415913
191.673788304236,-0.0131369433860363
191.795873519717,-0.0138709909931153
191.917958735197,-0.0151915410289064
192.040043950678,-0.0147710290034797
192.162129166158,-0.0138887089922952
192.284214381638,-0.0149298887034448
192.406299597119,-0.0160001480100178
192.528384812599,-0.0153111555651462
192.65047002808,-0.0143694887334198
192.77255524356,-0.0138161119822863
192.89464045904,-0.0131270739401956
193.016725674521,-0.0126827018155859
193.138810890001,-0.0123149403255906
193.260896105482,-0.0117749864581699
193.382981320962,-0.0121138092980348
193.505066536442,-0.0134613752105752
193.627151751923,-0.0143533221004323
193.749236967403,-0.0141246243127235
193.871322182884,-0.0133635234508073
193.993407398364,-0.0126395674056787
194.115492613844,-0.0119470888118038
194.237577829325,-0.011058332823976
194.359663044805,-0.0102819947673086
194.481748260286,-0.0101363812726199
194.603833475766,-0.0103657862290114
194.725918691246,-0.0104641401866184
194.848003906727,-0.0105955136220161
194.970089122207,-0.0110907299271872
195.092174337688,-0.0116521034567244
195.214259553168,-0.0115788411771642
195.336344768649,-0.0107512407443691
195.458429984129,-0.00995185574542742
195.580515199609,-0.00977353798153949
195.70260041509,-0.00977247664180915
195.82468563057,-0.00906100387426552
195.946770846051,-0.00759253304957429
196.068856061531,-0.00686014302048681
196.190941277011,-0.00802545837256405
196.313026492492,-0.00939015965368834
196.435111707972,-0.0089124741469638
196.557196923453,-0.00810380206136695
196.679282138933,-0.00899888939393204
196.801367354413,-0.0103114999441352
196.923452569894,-0.0106518279971555
197.045537785374,-0.0108361381459909
197.167623000855,-0.0110428653551397
197.289708216335,-0.0106485972093148
197.411793431815,-0.0101581974549179
197.533878647296,-0.0100749408609708
197.655963862776,-0.0103000103893416
197.778049078257,-0.0108651069012107
197.900134293737,-0.0111383986343481
198.022219509217,-0.0105838240930135
198.144304724698,-0.0102393953495788
198.266389940178,-0.0107460487197595
198.388475155659,-0.0114283762494374
198.510560371139,-0.0121180224966116
198.632645586619,-0.012694409946947
198.7547308021,-0.0128465908066198
198.87681601758,-0.0134042162543887
198.998901233061,-0.0143112235742083
199.120986448541,-0.0139458141567964
199.243071664022,-0.0128949254104992
199.365156879502,-0.0128174653547193
199.487242094982,-0.0127265429510678
199.609327310463,-0.0119755386928983
199.731412525943,-0.0119324321011597
199.853497741424,-0.0123104054420291
199.975582956904,-0.0121846135391581
200.097668172384,-0.0123296883596317
200.219753387865,-0.0123414101553396
200.341838603345,-0.0110794400446948
200.463923818826,-0.00979910602873933
200.586009034306,-0.00941374003189218
200.708094249786,-0.00890786347205989
200.830179465267,-0.00846060269930586
200.952264680747,-0.00842608554779119
201.074349896228,-0.00755972552073764
201.196435111708,-0.00615851462010401
201.318520327188,-0.00585525465183568
201.440605542669,-0.00589807539727048
201.562690758149,-0.00484997458359436
201.68477597363,-0.00366958700313087
201.80686118911,-0.00371812109556598
201.92894640459,-0.00464515980461619
202.051031620071,-0.00557526427340388
202.173116835551,-0.00623384825517849
202.295202051032,-0.00651751057930229
202.417287266512,-0.0061873779122212
202.539372481992,-0.00532553387687655
202.661457697473,-0.00444314202314668
202.783542912953,-0.00407488648279687
202.905628128434,-0.00424526271645415
203.027713343914,-0.00389511856657577
203.149798559394,-0.00239714832674815
203.271883774875,-0.00158066182897849
203.393968990355,-0.00260048395600737
203.516054205836,-0.00308301261552209
203.638139421316,-0.00169534079226688
203.760224636797,-0.000317558117970805
203.882309852277,0.000312047795681972
204.004395067757,0.000701165444285702
204.126480283238,0.000497963984709394
204.248565498718,0.000169460896338261
204.370650714199,0.000184156607640293
204.492735929679,-0.000193291329842478
204.614821145159,-0.000328801028124722
204.73690636064,0.000517658708682524
204.85899157612,0.00111636810624811
204.981076791601,0.00135509843963325
205.103162007081,0.00183862680777927
205.225247222561,0.00162892357179625
205.347332438042,0.00109924013325023
205.469417653522,0.00140171935227922
205.591502869003,0.00164794755683162
205.713588084483,0.00191269275450695
205.835673299963,0.00324604643498149
205.957758515444,0.00424230132978498
206.079843730924,0.00409397423353348
206.201928946405,0.00441120176070141
206.324014161885,0.00541595275281489
206.446099377365,0.00609464624358422
206.568184592846,0.00635700549279337
206.690269808326,0.00636606576662031
206.812355023807,0.00647489534217272
206.934440239287,0.00705506786884782
207.056525454767,0.00784863152619751
207.178610670248,0.00849471961453564
207.300695885728,0.00847623841344794
207.422781101209,0.00792447568370258
207.544866316689,0.00811788701393276
207.666951532169,0.00867090533156212
207.78903674765,0.00830481243008326
207.91112196313,0.00827877571573183
208.033207178611,0.00931113637587569
208.155292394091,0.00975354593590362
208.277377609572,0.00963808858693038
208.399462825052,0.00987022871610489
208.521548040532,0.0098018211602422
208.643633256013,0.00937712246415704
208.765718471493,0.00877621676576445
208.887803686974,0.00772821109148718
209.009888902454,0.00756728395108379
209.131974117934,0.00887999767263823
209.254059333415,0.00968990396427045
209.376144548895,0.00932806096993019
209.498229764376,0.00882971425032216
209.620314979856,0.00858428433942683
209.742400195336,0.00894136319481402
209.864485410817,0.00963483994247772
209.986570626297,0.00975428910432121
210.108655841778,0.00995919042419466
210.230741057258,0.0107319564791119
210.352826272738,0.0108499459173652
210.474911488219,0.0105856933089039
210.596996703699,0.0114049468990444
210.71908191918,0.0127121803899469
210.84116713466,0.0132183538238957
210.96325235014,0.012994398720097
211.085337565621,0.0125821656842703
211.207422781101,0.0125880865745084
211.329507996582,0.0132674477672244
211.451593212062,0.0134185152541938
211.573678427542,0.0118776301728929
211.695763643023,0.00992985136727609
211.817848858503,0.00945862617462617
211.939934073984,0.00976108694976909
212.062019289464,0.00935982616646781
212.184104504944,0.0089222762865197
212.306189720425,0.00937026771693325
212.428274935905,0.00991428036873833
212.550360151386,0.00976251304685532
212.672445366866,0.00934042939447834
212.794530582346,0.00948473008789528
212.916615797827,0.0102292385867609
213.038701013307,0.0106842757168405
213.160786228788,0.0107921255740709
213.282871444268,0.0112260348529716
213.404956659749,0.0113579378655871
213.527041875229,0.0107207866737974
213.649127090709,0.0103086642017044
213.77121230619,0.0101649923363356
213.89329752167,0.00981417980723567
214.015382737151,0.0100582781269887
214.137467952631,0.0110239654203862
214.259553168111,0.0117775213386737
214.381638383592,0.0119769558473462
214.503723599072,0.0115858858228504
214.625808814553,0.0110814801960402
214.747894030033,0.0109729220755225
214.869979245513,0.010599914671616
214.992064460994,0.0101837082157451
215.114149676474,0.0104606789647431
215.236234891955,0.0100604468895543
215.358320107435,0.00900359763505487
215.480405322915,0.00941361889078374
215.602490538396,0.00982937333970571
215.724575753876,0.00807732733850363
215.846660969357,0.0064533164273308
215.968746184837,0.00633536708991303
216.090831400317,0.00608665394110404
216.212916615798,0.00619161284112072
216.335001831278,0.00765841274667517
216.457087046759,0.00893104210726065
216.579172262239,0.00919247006630724
216.701257477719,0.00918971174802612
216.8233426932,0.00872690579090929
216.94542790868,0.00766571892008478
217.067513124161,0.00708362633457106
217.189598339641,0.0072467031062148
217.311683555121,0.00712011600310893
217.433768770602,0.00657889252141185
217.555853986082,0.00619328924042724
217.677939201563,0.0054720218282279
217.800024417043,0.00467424003093745
217.922109632524,0.0053806298559807
218.044194848004,0.00659323240596912
218.166280063484,0.00589284953262739
218.288365278965,0.00428119032476393
218.410450494445,0.00357175767871649
218.532535709926,0.00305574725417527
218.654620925406,0.00259051277239011
218.776706140886,0.00274910927595305
218.898791356367,0.00223492988114282
219.020876571847,0.000248451247016169
219.142961787328,-0.00182897765014247
219.265047002808,-0.00286888277425019
219.387132218288,-0.00279081019395712
219.509217433769,-0.00202953251812254
219.631302649249,-0.0016228423412
219.75338786473,-0.00203096279963283
219.87547308021,-0.00246566840993484
219.99755829569,-0.00240326039385021
220.119643511171,-0.00218328748047756
220.241728726651,-0.00198671995221374
220.363813942132,-0.00184020903818975
220.485899157612,-0.00203830217519484
220.607984373092,-0.00231439406675675
220.730069588573,-0.00201612175692611
220.852154804053,-0.00143922738887089
220.974240019534,-0.000993923014126906
221.096325235014,-0.000479919501018455
221.218410450494,-0.000513693396095832
221.340495665975,-0.00139323469626762
221.462580881455,-0.00140456844651904
221.584666096936,0.000125300481836044
221.706751312416,0.00131586893005334
221.828836527896,0.00121444269833558
221.950921743377,0.000959603307441981
222.073006958857,0.00151603679646567
222.195092174338,0.00248297075499155
222.317177389818,0.00288881722448314
222.439262605299,0.00266471960510749
222.561347820779,0.00196140045947558
222.683433036259,0.00013130861839139
222.80551825174,-0.00186459874061177
222.92760346722,-0.00182746616379382
223.049688682701,-0.000597427602583922
223.171773898181,-0.000359978322348328
223.293859113661,-0.000744717582108671
223.415944329142,-0.00105654516708264
223.538029544622,-0.00175636713287319
223.660114760103,-0.00251816934062634
223.782199975583,-0.00243013881842058
223.904285191063,-0.00111111253448701
224.026370406544,0.00061918558132247
224.148455622024,0.00108963640535684
224.270540837505,0.000446919270142247
224.392626052985,0.000242152411011509
224.514711268465,0.000346086147401402
224.636796483946,0.000319985390439217
224.758881699426,0.000779318871943834
224.880966914907,0.00143299995576083
225.003052130387,0.0016211468326075
225.125137345867,0.00131165563051527
225.247222561348,0.000487617756875728
225.369307776828,-2.31575319933026e-05
225.491392992309,0.000228221393700071
225.613478207789,-0.000293895751920654
225.735563423269,-0.0018195259647484
225.85764863875,-0.00257185394308411
225.97973385423,-0.00232654620053152
226.101819069711,-0.00181851404707746
226.223904285191,-0.0012516653281118
226.345989500671,-0.00118368017721708
226.468074716152,-0.00142837897413141
226.590159931632,-0.0010865759503434
226.712245147113,-0.00049666972132428
226.834330362593,-0.000121816040764995
226.956415578074,0.000174192918257039
227.078500793554,2.25576243829139e-05
227.200586009034,-0.000341105598784671
227.322671224515,4.39343657008699e-05
227.444756439995,0.00107891961998988
227.566841655476,0.00201937246137609
227.688926870956,0.0021167293209162
227.811012086436,0.000971024110674056
227.933097301917,-0.000243247419168778
228.055182517397,-0.000471841727887981
228.177267732878,-0.0004782623866772
228.299352948358,-0.000264959698847292
228.421438163838,0.000794876945387364
228.543523379319,0.00126036120463387
228.665608594799,0.000408942201803929
228.78769381028,0.000154151375201341
228.90977902576,0.000865061974274086
229.03186424124,0.00111363731269443
229.153949456721,0.00121176707823702
229.276034672201,0.00165311380936099
229.398119887682,0.00173598104597381
229.520205103162,0.00188133128609152
229.642290318642,0.0024218039387203
229.764375534123,0.00222147867427303
229.886460749603,0.00163416659761731
230.008545965084,0.00182631863949024
230.130631180564,0.0020266717858445
230.252716396044,0.00201618203308741
230.374801611525,0.00263905293137094
230.496886827005,0.00280485757613977
230.618972042486,0.00168044458536366
230.741057257966,0.000841620562836017
230.863142473446,0.00101306459724424
230.985227688927,0.00113625565012461
231.107312904407,0.000503545624077543
231.229398119888,-0.000584899147294451
231.351483335368,-0.00114056267929874
231.473568550848,-0.00100098411712411
231.595653766329,-0.000902122423253831
231.717738981809,-0.000523097724896365
231.83982419729,-0.000134963698338984
231.96190941277,-0.000908956662892448
232.083994628251,-0.00124520059294838
232.206079843731,-0.00010005088722519
232.328165059211,-0.000262980043982101
232.450250274692,-0.00158035864982243
232.572335490172,-0.00110099618162532
232.694420705653,-0.000349756095289214
232.816505921133,-0.00101822882998581
232.938591136613,-0.000894627253498259
233.060676352094,6.68452472980286e-05
233.182761567574,0.000218641184670336
233.304846783055,0.000304831196214726
233.426931998535,0.000379370408345818
233.549017214015,-0.000286310322680003
233.671102429496,-0.00060017383547961
233.793187644976,-0.000139275167656531
233.915272860457,0.000305559574822744
234.037358075937,0.000561430552085616
234.159443291417,0.000314613604550009
234.281528506898,-0.000292614980516204
234.403613722378,-0.000442848717935306
234.525698937859,-0.000597010279561981
234.647784153339,-0.00131205167798761
234.769869368819,-0.002088419864697
234.8919545843,-0.00275166451530889
235.01403979978,-0.00292170353407819
235.136125015261,-0.00233372395296543
235.258210230741,-0.00188740525815799
235.380295446221,-0.00136611662098412
235.502380661702,-3.29937123140802e-05
235.624465877182,0.000705311928472354
235.746551092663,0.000284371297337532
235.868636308143,0.000162967214369458
235.990721523623,0.000253010531128202
236.112806739104,-1.02203180464741e-05
236.234891954584,7.5079888403247e-05
236.356977170065,0.000228808955068749
236.479062385545,-7.2406753803506e-05
236.601147601026,-0.000261639425974492
236.723232816506,-0.000433141030307297
236.845318031986,-0.000602604763938232
236.967403247467,-0.000156944660729027
237.089488462947,-2.27353569404102e-06
237.211573678428,-0.000816577927825377
237.333658893908,-0.00101786321338776
237.455744109388,8.49171804867137e-05
237.577829324869,0.00131152876851283
237.699914540349,0.00225795860975341
237.82199975583,0.00331097792919754
237.94408497131,0.004256415593805
238.06617018679,0.00440055491177054
238.188255402271,0.00383867219814999
238.310340617751,0.00407303779490356
238.432425833232,0.00556988578214557
238.554511048712,0.00659390211779584
238.676596264192,0.00665928892799889
238.798681479673,0.00689830626970388
238.920766695153,0.00688963514885647
239.042851910634,0.00600818889058042
239.164937126114,0.00531492575986437
239.287022341594,0.00546770922354326
239.409107557075,0.00626389153822386
239.531192772555,0.00751184717094732
239.653277988036,0.00844068874136933
239.775363203516,0.00851372314138642
239.897448418996,0.00823541993855717
240.019533634477,0.00799655829672765
240.141618849957,0.00770459834218941
240.263704065438,0.00705475274263983
240.385789280918,0.00593407251390322
240.507874496399,0.00507451338933949
240.629959711879,0.00492805155353098
240.752044927359,0.00500037710143338
240.87413014284,0.00500107348811505
240.99621535832,0.00454068186176882
241.118300573801,0.00358855774526577
241.240385789281,0.00341126452841098
241.362471004761,0.00363158749520286
241.484556220242,0.00245441673516461
241.606641435722,0.00121954540526237
241.728726651203,0.00165337531706674
241.850811866683,0.00203227077762034
241.972897082163,0.00179597185874737
242.094982297644,0.00248502990796217
242.217067513124,0.00329564814341678
242.339152728605,0.00319970943179054
242.461237944085,0.00343636625859929
242.583323159565,0.0040506257269788
242.705408375046,0.00371658283026948
242.827493590526,0.00286518270716263
242.949578806007,0.00260912271376686
243.071664021487,0.00261785674809776
243.193749236967,0.00245644694902704
243.315834452448,0.00259515997250342
243.437919667928,0.00265411767463405
243.560004883409,0.00170380310263833
243.682090098889,0.000770519588474174
243.804175314369,0.000985361270684323
243.92626052985,0.00122356572206067
244.04834574533,0.000899901505448353
244.170430960811,0.000473176294573933
244.292516176291,-0.000118416842381658
244.414601391771,0.000402976102043455
244.536686607252,0.00219108417015342
244.658771822732,0.00191956033613883
244.780857038213,6.37496800301931e-05
244.902942253693,0.000668087115880244
245.025027469174,0.00219859673251142
245.147112684654,0.0021122063564668
245.269197900134,0.00286461258103046
245.391283115615,0.00426388295835803
245.513368331095,0.00357835503968213
245.635453546576,0.00268609472545984
245.757538762056,0.00320911255093852
245.879623977536,0.00293471309359153
246.001709193017,0.00152229758959427
246.123794408497,0.000654780245010051
246.245879623978,0.000549959778874518
246.367964839458,0.000428292475806301
246.490050054938,-0.000428679464138964
246.612135270419,-0.00158518924892211
246.734220485899,-0.00207893417541054
246.85630570138,-0.00252250127682338
246.97839091686,-0.00323650830387159
247.10047613234,-0.00337406943411629
247.222561347821,-0.0034918219700013
247.344646563301,-0.00391381238509814
247.466731778782,-0.00361469350509989
247.588816994262,-0.00348201405150782
247.710902209742,-0.00453121121518655
247.832987425223,-0.00500203796946602
247.955072640703,-0.00429627306575362
248.077157856184,-0.0042057060823425
248.199243071664,-0.00477357990873362
248.321328287144,-0.00465084183197544
248.443413502625,-0.00438096077933259
248.565498718105,-0.00537845290335092
248.687583933586,-0.00704717435990437
248.809669149066,-0.00775655707949751
248.931754364546,-0.00783129964279736
249.053839580027,-0.00842954355382022
249.175924795507,-0.00891864886525151
249.298010010988,-0.00865519539195695
249.420095226468,-0.00839849376912302
249.542180441949,-0.00833617028962744
249.664265657429,-0.00829699108418503
249.786350872909,-0.00875966410644761
249.90843608839,-0.00939337849567309
250.03052130387,-0.00934021016340476
250.152606519351,-0.00884236031456701
250.274691734831,-0.00852211037340678
250.396776950311,-0.00838563295963744
250.518862165792,-0.00793241137306821
250.640947381272,-0.00685640522443875
250.763032596753,-0.00597524799829716
250.885117812233,-0.00604808751472685
251.007203027713,-0.00625553707772101
251.129288243194,-0.00589514152459837
251.251373458674,-0.00552095247198783
251.373458674155,-0.00538059015840764
251.495543889635,-0.0051233311358636
251.617629105115,-0.00468899317441662
251.739714320596,-0.00424319348357596
251.861799536076,-0.00390561879290995
251.983884751557,-0.00356629198828124
252.105969967037,-0.00328125022636015
252.228055182517,-0.00357870071210992
252.350140397998,-0.00408125092338783
252.472225613478,-0.00378511140667306
252.594310828959,-0.00335537694160189
252.716396044439,-0.0035437340479419
252.838481259919,-0.00317733095753129
252.9605664754,-0.0021977348855661
253.08265169088,-0.0020849501150073
253.204736906361,-0.00224073767903933
253.326822121841,-0.00150716760938191
253.448907337321,-0.00081687368865384
253.570992552802,-0.000565279077683024
253.693077768282,0.000112767896113457
253.815162983763,0.00116350171090299
253.937248199243,0.0023173380390825
254.059333414723,0.00347824985511435
254.181418630204,0.00395811350562902
254.303503845684,0.00384110851526315
254.425589061165,0.00388862067655665
254.547674276645,0.00395774462199781
254.669759492126,0.00370606820447788
254.791844707606,0.00307217287292187
254.913929923086,0.00240937442285696
255.036015138567,0.00279288371443748
255.158100354047,0.0037465038914098
255.280185569528,0.00363972849403659
255.402270785008,0.00320617869831441
255.524356000488,0.00316573644835923
255.646441215969,0.00239441060118615
255.768526431449,0.00192716729854144
255.89061164693,0.00291606969973945
256.01269686241,0.00333044111250828
256.13478207789,0.00289569929854735
256.256867293371,0.00304435632970099
256.378952508851,0.00252307146700969
256.501037724332,0.0011275153957634
256.623122939812,0.000807029890949982
256.745208155292,0.00112347969992251
256.867293370773,0.0011597230565985
256.989378586253,0.00134943845893694
257.111463801734,0.0013383660123423
257.233549017214,0.00133607966196261
257.355634232694,0.00178349800377861
257.477719448175,0.00183439165854836
257.599804663655,0.00213495170622142
257.721889879136,0.00323036656777247
257.843975094616,0.00322152607965486
257.966060310096,0.00266773560207963
258.088145525577,0.00364743871818785
258.210230741057,0.00462639948688549
258.332315956538,0.00451770709971337
258.454401172018,0.00476603170673003
258.576486387498,0.00522242983484059
258.698571602979,0.00536167326130252
258.820656818459,0.00554030127009871
258.94274203394,0.00526315760426061
259.06482724942,0.00480331624392125
259.186912464901,0.00468284159575164
259.308997680381,0.00394499202475796
259.431082895861,0.00314506756218162
259.553168111342,0.00365505759593971
259.675253326822,0.00413923173622823
259.797338542303,0.00338376917459408
259.919423757783,0.00255093919145286
260.041508973263,0.00241584117711346
260.163594188744,0.00238592467108596
260.285679404224,0.00214957596209692
260.407764619705,0.0025417982596311
260.529849835185,0.00353851579805277
260.651935050665,0.00314438730796701
260.774020266146,0.00162688871148574
260.896105481626,0.00151210104271481
261.018190697107,0.00180843940871693
261.140275912587,0.000823138346742801
261.262361128067,0.0002835592065504
261.384446343548,0.000155017775595635
261.506531559028,-0.00112320504522255
261.628616774509,-0.00190399905206475
261.750701989989,-0.00116479393792261
261.872787205469,-0.000287733286962767
261.99487242095,0.000351409161789918
262.11695763643,0.000416005882886776
262.239042851911,-4.46877363925966e-05
262.361128067391,0.000355441034815213
262.483213282871,0.000980640098144922
262.605298498352,0.000805612679607812
262.727383713832,0.000883997983842559
262.849468929313,0.000609038007688786
262.971554144793,-0.000717236440933602
263.093639360273,-0.00103296063035733
263.215724575754,-0.000368089554146547
263.337809791234,-0.000589463848737979
263.459895006715,-0.00127073885153097
263.581980222195,-0.00221410109254309
263.704065437676,-0.00352602547339444
263.826150653156,-0.00366358010205317
263.948235868636,-0.00285917653809471
264.070321084117,-0.00270716564059333
264.192406299597,-0.00291035324111092
264.314491515078,-0.00310014896471645
264.436576730558,-0.00307063068827083
264.558661946038,-0.00230236974193604
264.680747161519,-0.00209554542935601
264.802832376999,-0.00279506529623272
264.92491759248,-0.00227425495042811
265.04700280796,-0.0011994122784002
265.16908802344,-0.00171669415888915
265.291173238921,-0.00234141313436502
265.413258454401,-0.0018183034253999
265.535343669882,-0.00193738935163591
265.657428885362,-0.00300482172451674
265.779514100842,-0.00342408105817756
265.901599316323,-0.00315186565222126
266.023684531803,-0.00286970307733291
266.145769747284,-0.00241777627651184
266.267854962764,-0.00221846881516995
266.389940178244,-0.00296161572873856
266.512025393725,-0.0035703418250536
266.634110609205,-0.00296651961862996
266.756195824686,-0.00221272485227345
266.878281040166,-0.00198940166643247
267.000366255646,-0.00156148644393014
267.122451471127,-0.000935650952873052
267.244536686607,-0.000299718805747874
267.366621902088,0.000434407470172588
267.488707117568,0.000777470923925883
267.610792333049,0.0012895807016302
267.732877548529,0.00254987789642821
267.854962764009,0.00279111347769113
267.97704797949,0.00155942539240449
268.09913319497,0.000793251180143179
268.221218410451,0.000631885367876763
268.343303625931,0.000514802048359027
268.465388841411,0.000832606346433486
268.587474056892,0.000941487648671695
268.709559272372,0.000701603019677088
268.831644487853,0.000766698499840833
268.953729703333,0.000398445098413243
269.075814918813,-6.13694847978777e-05
269.197900134294,0.000386088289219792
269.319985349774,0.000241745142347606
269.442070565255,-0.000628696949651374
269.564155780735,-0.000537935528506101
269.686240996215,-0.000802923269644383
269.808326211696,-0.00220511930322043
269.930411427176,-0.00255267348579715
270.052496642657,-0.00190514870280748
270.174581858137,-0.00154719217100168
270.296667073617,-0.0010507502635728
270.418752289098,-0.00106543375502594
270.540837504578,-0.00215947853981091
270.662922720059,-0.00278281815345624
270.785007935539,-0.00262369676135192
270.907093151019,-0.00265966502703771
271.0291783665,-0.00279164229475415
271.15126358198,-0.00301943239798102
271.273348797461,-0.00336014237413401
271.395434012941,-0.00292820315734348
271.517519228421,-0.00172177993523003
271.639604443902,-0.0008780576109606
271.761689659382,-0.000599950823704424
271.883774874863,3.61865331866329e-06
272.005860090343,0.00104276740763068
272.127945305823,0.00152175094199221
272.250030521304,0.00137652723915702
272.372115736784,0.00154378375673353
272.494200952265,0.00194199156046943
272.616286167745,0.00198000953891247
272.738371383226,0.0016355964211751
272.860456598706,0.000983222990051364
272.982541814186,0.00032629982253672
273.104627029667,-0.000305006788711319
273.226712245147,-0.00105602353239332
273.348797460628,-0.000990091513481046
273.470882676108,-0.000276006111818146
273.592967891588,-0.000434179024356707
273.715053107069,-0.000544556026685661
273.837138322549,-5.66425081561722e-06
273.95922353803,-0.000814869738967187
274.08130875351,-0.00204341211349752
274.20339396899,-0.00177303584398102
274.325479184471,-0.00186783760703038
274.447564399951,-0.00233443026944616
274.569649615432,-0.00122310373064776
274.691734830912,-0.000284376135505007
274.813820046392,-0.000263828778749021
274.935905261873,0.000657292388012256
275.057990477353,0.00122837464619355
275.180075692834,0.000536353580374141
275.302160908314,0.00057934928807507
275.424246123794,0.00133786676360164
275.546331339275,0.00188353970031152
275.668416554755,0.00247888321933826
275.790501770236,0.00248592829208158
275.912586985716,0.0019343045744119
276.034672201196,0.00164009096626442
276.156757416677,0.00129667204313276
276.278842632157,0.00173979421813835
276.400927847638,0.00349142488112182
276.523013063118,0.00418034740810611
276.645098278599,0.00334872129618578
276.767183494079,0.00297119675451153
276.889268709559,0.00269787621212202
277.01135392504,0.00187885801141724
277.13343914052,0.00150288426044033
277.255524356001,0.00154094009583745
277.377609571481,0.00158685476427992
277.499694786961,0.00191514223523963
277.621780002442,0.00224389305680348
277.743865217922,0.00235842760552371
277.865950433403,0.00246868336931626
277.988035648883,0.00244534190158372
278.110120864363,0.00218949639639577
278.232206079844,0.00178520648619645
278.354291295324,0.00162977035435491
278.476376510805,0.00211625609555157
278.598461726285,0.00235725984041401
278.720546941765,0.00161440438675958
278.842632157246,0.000973683184763088
278.964717372726,0.000910533867529377
279.086802588207,0.000391202345783012
279.208887803687,-0.000448241462120504
279.330973019167,-0.000345080277169764
279.453058234648,0.000626788345013767
279.575143450128,0.00136830117202272
279.697228665609,0.00190270973417817
279.819313881089,0.00265788223171748
279.941399096569,0.0027864886384095
280.06348431205,0.00239313970013523
280.18556952753,0.00307190178405132
280.307654743011,0.00386995114006414
280.429739958491,0.00288671233140632
280.551825173971,0.0016050441585478
280.673910389452,0.0013792730736834
280.795995604932,0.00137638969867585
280.918080820413,0.00196940854848013
281.040166035893,0.00310265343459859
281.162251251373,0.00317883132142436
281.284336466854,0.00281540500992825
281.406421682334,0.00317973762091242
281.528506897815,0.00342093725576346
281.650592113295,0.00354487985237104
281.772677328776,0.00395200554394847
281.894762544256,0.00381345888435985
282.016847759736,0.00355529650610084
282.138932975217,0.00394598769853306
282.261018190697,0.00391339834125623
282.383103406178,0.0030748511888252
282.505188621658,0.00248936370501913
282.627273837138,0.00270439372030794
282.749359052619,0.00352435530588981
282.871444268099,0.00374090192522554
282.99352948358,0.00239367666386552
283.11561469906,0.00123271348440308
283.23769991454,0.00188708342165866
283.359785130021,0.00258634297171844
283.481870345501,0.0020142879477298
283.603955560982,0.00190573809458325
283.726040776462,0.00283525100974506
283.848125991942,0.00301862597307171
283.970211207423,0.00243892221608877
284.092296422903,0.00255506147275786
284.214381638384,0.00286476010406324
284.336466853864,0.00261426487007849
284.458552069344,0.00280939295031204
284.580637284825,0.0035573917236287
284.702722500305,0.00381022056372046
284.824807715786,0.00389543867108381
284.946892931266,0.00446453457616389
285.068978146746,0.00500252384595499
285.191063362227,0.0052179475007828
285.313148577707,0.00554461088367788
285.435233793188,0.00591184977704478
285.557319008668,0.00546923933382581
285.679404224148,0.004361199215659
285.801489439629,0.00428749903714013
285.923574655109,0.00520398913534797
286.04565987059,0.00492892640076609
286.16774508607,0.0034958657896762
286.28983030155,0.00241735136184487
286.411915517031,0.00148531502660347
286.534000732511,0.000890540560742854
286.656085947992,0.00145095534485695
286.778171163472,0.00235659124732579
286.900256378953,0.00307976150517059
287.022341594433,0.00370268210854689
287.144426809913,0.00355927435844697
287.266512025394,0.00325359663954857
287.388597240874,0.00344770880287563
287.510682456355,0.0027856246643087
287.632767671835,0.00151056644679072
287.754852887315,0.00120877696580449
287.876938102796,0.00117182545184522
287.999023318276,0.000838981891961526
288.121108533757,0.000837943452423807
288.243193749237,0.0006383141597342
288.365278964717,0.000335180074515418
288.487364180198,0.000702192006969129
288.609449395678,0.000657195544315489
288.731534611159,-0.000264143104523568
288.853619826639,-0.000455585005181588
288.975705042119,0.000234777111141418
289.0977902576,1.15595391816656e-05
289.21987547308,-0.0012867505214998
289.341960688561,-0.00137537751740007
289.464045904041,0.000166983574388498
289.586131119521,0.000621043055013189
289.708216335002,5.78946317754263e-05
289.830301550482,0.00102558827479898
289.952386765963,0.00194176778982616
290.074471981443,0.00110905030319273
290.196557196923,0.000928645392516865
290.318642412404,0.000991220221332982
290.440727627884,-0.000864340132811067
290.562812843365,-0.00242331907977955
290.684898058845,-0.00275409918937697
290.806983274326,-0.0038467821659363
290.929068489806,-0.00465688880097801
291.051153705286,-0.00433723312428893
291.173238920767,-0.0042648825094237
291.295324136247,-0.00369519899216368
291.417409351728,-0.00253035322287729
291.539494567208,-0.00254363154802934
291.661579782688,-0.00281371029736306
291.783664998169,-0.00229249718577637
291.905750213649,-0.00207406624777408
292.02783542913,-0.00194627712941986
292.14992064461,-0.00168597865681704
292.27200586009,-0.00212736663503567
292.394091075571,-0.00271998619186524
292.516176291051,-0.00329452515809012
292.638261506532,-0.00442140246426318
292.760346722012,-0.00511198850270332
292.882431937492,-0.00501687799358034
293.004517152973,-0.00490191312682273
293.126602368453,-0.00466548443784423
293.248687583934,-0.00495451080770569
293.370772799414,-0.00624666499470995
293.492858014894,-0.00693718589122422
293.614943230375,-0.00675562819750275
293.737028445855,-0.00709510495217858
293.859113661336,-0.00779275897876711
293.981198876816,-0.00822541506673648
294.103284092296,-0.00834537658516699
294.225369307777,-0.00806755672753163
294.347454523257,-0.00795228458346459
294.469539738738,-0.00823167402144542
294.591624954218,-0.00837998131352965
294.713710169698,-0.00842395838562056
294.835795385179,-0.00798292657369524
294.957880600659,-0.00667050442284553
295.07996581614,-0.00555186341270404
295.20205103162,-0.00516474121872146
295.3241362471,-0.00552447534198492
295.446221462581,-0.00692080319841096
295.568306678061,-0.00766994218880474
295.690391893542,-0.00682945454820028
295.812477109022,-0.0067981484105281
295.934562324503,-0.00777897287123972
296.056647539983,-0.00766047966761492
296.178732755463,-0.00723141745027664
296.300817970944,-0.00750750505014237
296.422903186424,-0.00772672317943843
296.544988401905,-0.00787241384984941
296.667073617385,-0.00736948770707821
296.789158832865,-0.00595473619147206
296.911244048346,-0.00567670649438974
297.033329263826,-0.00651869881053837
297.155414479307,-0.00639470429730489
297.277499694787,-0.00577317233433164
297.399584910267,-0.00533043137213239
297.521670125748,-0.00440461697837516
297.643755341228,-0.00377952178523857
297.765840556709,-0.00396418279097806
297.887925772189,-0.00392781849334075
298.010010987669,-0.00354881424464073
298.13209620315,-0.00333033415915178
298.25418141863,-0.00320769178091692
298.376266634111,-0.00279790377614773
298.498351849591,-0.0020269097206241
298.620437065071,-0.0019265738556914
298.742522280552,-0.00264507720092935
298.864607496032,-0.00269200978846637
298.986692711513,-0.00239474297590988
299.108777926993,-0.00243503035715703
299.230863142473,-0.0013643086995006
299.352948357954,0.00019737021787334
299.475033573434,0.000433943413710487
299.597118788915,0.000662295973536283
299.719204004395,0.00139182900529442
299.841289219876,0.0012510147361197
299.963374435356,0.000972210017970777
300.085459650836,0.000857769533051911
300.207544866317,0.000198087654730267
300.329630081797,0.000344857586404537
300.451715297278,0.00118971852674371
300.573800512758,0.000944078719636585
300.695885728238,0.000838417404459672
300.817970943719,0.00165759576732766
300.940056159199,0.00154612136787507
301.06214137468,0.00103316209537318
301.18422659016,0.0016027552065982
301.30631180564,0.00212304185150546
301.428397021121,0.0022097976854516
301.550482236601,0.00293404911314509
301.672567452082,0.00367804942384607
301.794652667562,0.00343323465881593
301.916737883042,0.00289042468062605
302.038823098523,0.00273798499097676
302.160908314003,0.00243118220916845
302.282993529484,0.00166988465954232
302.405078744964,0.00112509634159848
302.527163960444,0.00116381419305908
302.649249175925,0.00143835731805034
302.771334391405,0.00147197055654119
302.893419606886,0.00100632411959791
303.015504822366,0.000628418016649732
303.137590037846,0.0007205868498006
303.259675253327,0.000296329792493267
303.381760468807,-0.000455183484489367
303.503845684288,-0.000144762576166419
303.625930899768,0.000238905504783403
303.748016115248,-0.000624804630652172
303.870101330729,-0.00159460096411326
303.992186546209,-0.00199254987921095
304.11427176169,-0.00216858277284525
304.23635697717,-0.00206575327890601
304.35844219265,-0.0022633548727325
304.480527408131,-0.00299519327468125
304.602612623611,-0.0036844183922186
304.724697839092,-0.00457351632756909
304.846783054572,-0.00535337437739921
304.968868270053,-0.00543517569825964
305.090953485533,-0.005741120779019
305.213038701013,-0.00618319165256513
305.335123916494,-0.00603915803078635
305.457209131974,-0.00615445510383922
305.579294347455,-0.00597307355388199
305.701379562935,-0.0046721757185326
305.823464778415,-0.00409065494740395
305.945549993896,-0.00428434031016187
306.067635209376,-0.00369272587174851
306.189720424857,-0.0033272992331461
306.311805640337,-0.00327574728327326
306.433890855817,-0.0022609467995827
306.555976071298,-0.00146733647091674
306.678061286778,-0.00160314905465297
306.800146502259,-0.00199423608153552
306.922231717739,-0.00308340649898439
307.044316933219,-0.00414556766054376
307.1664021487,-0.00411353104593199
307.28848736418,-0.00400036574840978
307.410572579661,-0.00387029177217786
307.532657795141,-0.00356688221706913
307.654743010621,-0.00451435481183759
307.776828226102,-0.00584919235219462
307.898913441582,-0.00574033491594213
308.020998657063,-0.00532492159500534
308.143083872543,-0.00569707164709874
308.265169088023,-0.00645168464692444
308.387254303504,-0.00732975572474713
308.509339518984,-0.00752924981800447
308.631424734465,-0.0069342012468357
308.753509949945,-0.00702962727383711
308.875595165425,-0.00804636702058278
308.997680380906,-0.008625420175318
309.119765596386,-0.00811425812240478
309.241850811867,-0.00718281113374207
309.363936027347,-0.00682857934371164
309.486021242828,-0.00698942319496402
309.608106458308,-0.00711492484674367
309.730191673788,-0.00697667311648096
309.852276889269,-0.00594044136482494
309.974362104749,-0.00450819071970013
310.09644732023,-0.00420685729858792
310.21853253571,-0.00414797370265157
310.34061775119,-0.00344616873988483
310.462702966671,-0.00379199144377244
310.584788182151,-0.00511369022515494
310.706873397632,-0.00581929124074667
310.828958613112,-0.00603350400247916
310.951043828592,-0.00561832176163268
311.073129044073,-0.00491989023882397
311.195214259553,-0.00556671596695875
311.317299475034,-0.00645128869585829
311.439384690514,-0.00599782997690436
311.561469905994,-0.00589450787228636
311.683555121475,-0.00685534574566436
311.805640336955,-0.00748115438589113
311.927725552436,-0.00732952765862603
312.049810767916,-0.00657282170081801
312.171895983396,-0.00592670779678771
312.293981198877,-0.00590933984319497
312.416066414357,-0.00552077068055719
312.538151629838,-0.00497401656994159
312.660236845318,-0.00547232950836819
312.782322060798,-0.00608711783915541
312.904407276279,-0.00593526257740738
313.026492491759,-0.00550168725586982
313.14857770724,-0.00508579336014961
313.27066292272,-0.00540214230631163
313.392748138201,-0.00619623433822884
313.514833353681,-0.0058491861664176
313.636918569161,-0.00495348683017743
313.759003784642,-0.00490724145958542
313.881089000122,-0.00519280770822604
314.003174215603,-0.00548463799615625
314.125259431083,-0.00554328915905493
314.247344646563,-0.00492870855812398
314.369429862044,-0.00481035307564114
314.491515077524,-0.00569620952253398
314.613600293005,-0.00647338543622394
314.735685508485,-0.00685675049426589
314.857770723965,-0.00648507471397881
314.979855939446,-0.00516364647675205
315.101941154926,-0.00420509796784993
315.224026370407,-0.00377931956019072
315.346111585887,-0.0032554772416039
315.468196801367,-0.00310300663848635
315.590282016848,-0.00273117545629857
315.712367232328,-0.00166820647306944
315.834452447809,-0.00130733317594739
315.956537663289,-0.00170230291950858
316.078622878769,-0.00203662864846519
316.20070809425,-0.00237973485900924
316.32279330973,-0.00181024903669742
316.444878525211,-0.00048421518619793
316.566963740691,-0.000607371827320446
316.689048956171,-0.00173977373836814
316.811134171652,-0.00203943134901648
316.933219387132,-0.00220384045255246
317.055304602613,-0.00258166912368906
317.177389818093,-0.00194756199760206
317.299475033573,-0.000767573479027565
317.421560249054,-0.00066641420475673
317.543645464534,-0.00150832090440239
317.665730680015,-0.00207173310262464
317.787815895495,-0.00243998623726193
317.909901110975,-0.00285438345782181
318.031986326456,-0.0021803862938539
318.154071541936,-0.000863377144212197
318.276156757417,-0.000799550326322716
318.398241972897,-0.00124287164169283
318.520327188378,-0.00120003886505122
318.642412403858,-0.00159108269599573
318.764497619338,-0.00154235146057009
318.886582834819,-0.000528950766738805
319.008668050299,-0.000850684947730209
319.13075326578,-0.00238055032219834
319.25283848126,-0.00319043939116623
319.37492369674,-0.00381303093977851
319.497008912221,-0.00432873519796017
319.619094127701,-0.00415457155346992
319.741179343182,-0.00434280167051936
319.863264558662,-0.00466068275185472
319.985349774142,-0.00413587057621684
320.107434989623,-0.00365470425247636
320.229520205103,-0.00340785408650657
320.351605420584,-0.00307499727229046
320.473690636064,-0.00350335670941704
320.595775851544,-0.00401863689062014
320.717861067025,-0.00303224738851587
320.839946282505,-0.00118275649463543
320.962031497986,9.37802371275887e-05
321.084116713466,0.000563163383538563
321.206201928946,0.000831469896097513
321.328287144427,0.00128304722905466
321.450372359907,0.00156664653314255
321.572457575388,0.00160321529375234
321.694542790868,0.00131551213316683
321.816628006348,0.000299361668688177
321.938713221829,-9.78284756982795e-05
322.060798437309,0.00127664453792689
322.18288365279,0.00238365883156292
322.30496886827,0.00203352560365549
322.427054083751,0.00159053539576043
322.549139299231,0.00127814933158751
322.671224514711,0.00083990712775453
322.793309730192,0.000665039366030476
322.915394945672,0.000386551940622712
323.037480161153,0.000224612923388832
323.159565376633,0.000702139506889054
323.281650592113,0.000910585572824579
323.403735807594,0.000663641760291953
323.525821023074,0.000653598271443914
323.647906238555,0.000488191981293801
323.769991454035,7.19066722257025e-05
323.892076669515,-5.93095996168156e-05
324.014161884996,0.000272847673330904
324.136247100476,0.00131549827049457
324.258332315957,0.00244262135576939
324.380417531437,0.0027154406060354
324.502502746917,0.00292504622270518
324.624587962398,0.00354194061269572
324.746673177878,0.00360949346808609
324.868758393359,0.00301603268851491
324.990843608839,0.00207719568100249
325.112928824319,0.00074738279869533
325.2350140398,-0.000364313559426905
325.35709925528,-0.000373515441278303
325.479184470761,0.00107705026562201
325.601269686241,0.00288385025424744
325.723354901721,0.0030083912356296
325.845440117202,0.00184173476813287
325.967525332682,0.00127696905998824
326.089610548163,0.00109792165983643
326.211695763643,0.000909599752213768
326.333780979123,0.00121187780514289
326.455866194604,0.00137692191813645
326.577951410084,0.00122244473840784
326.700036625565,0.00114606592757892
326.822121841045,0.000426773812901639
326.944207056525,-0.000328586519929426
327.066292272006,0.000308125247894987
327.188377487486,0.00132374416275934
327.310462702967,0.00176191640590888
327.432547918447,0.00214971490511981
327.554633133928,0.00205320794606155
327.676718349408,0.00131230930518273
327.798803564888,0.000976039289360075
327.920888780369,0.00102524603295542
328.042973995849,0.000685420163420983
328.16505921133,-3.33190982137442e-05
328.28714442681,-0.000619751870760958
328.40922964229,-0.000500052084378132
328.531314857771,0.000712113404551813
328.653400073251,0.00272221777618199
328.775485288732,0.00408456287791993
328.897570504212,0.00380296066057054
329.019655719692,0.00359035476548325
329.141740935173,0.00482420415914833
329.263826150653,0.0059047919219831
329.385911366134,0.00642580500220754
329.507996581614,0.00737074292743049
329.630081797094,0.00744304830581126
329.752167012575,0.00637007411833014
329.874252228055,0.00607661365879389
329.996337443536,0.00623056125375398
330.118422659016,0.00611945326057611
330.240507874496,0.00663262884080088
330.362593089977,0.00695083088261749
330.484678305457,0.00623737246661708
330.606763520938,0.0058273204778951
330.728848736418,0.00602113003789181
330.850933951898,0.00622447862016278
330.973019167379,0.00667120877292336
331.095104382859,0.00693752395896276
331.21718959834,0.00660012618559482
331.33927481382,0.00636344015144615
331.4613600293,0.00641840860779587
331.583445244781,0.00614326095617215
331.705530460261,0.00536814349800777
331.827615675742,0.00491414068555688
331.949700891222,0.00549272299112264
332.071786106702,0.00600508398376169
332.193871322183,0.00525502089789569
332.315956537663,0.00406400783893962
332.438041753144,0.00330376072741291
332.560126968624,0.00290122650694342
332.682212184105,0.00257266312034136
332.804297399585,0.00177251409009445
332.926382615065,0.00134656853585874
333.048467830546,0.00265604634166153
333.170553046026,0.00413860072443859
333.292638261507,0.00437101670301436
333.414723476987,0.004710769218959
333.536808692467,0.00497162687607064
333.658893907948,0.0037998735113085
333.780979123428,0.00233914117105352
333.903064338909,0.0018038614741219
334.025149554389,0.00193322119031
334.147234769869,0.00247764502932674
334.26931998535,0.00268952716736924
334.39140520083,0.00229239358956496
334.513490416311,0.00245610267587974
334.635575631791,0.00333108791175585
334.757660847271,0.0038752352323848
334.879746062752,0.00406342201943963
335.001831278232,0.00461359398017229
335.123916493713,0.0056547989453763
335.246001709193,0.0063716366093383
335.368086924673,0.0062116114264672
335.490172140154,0.00610303494873587
335.612257355634,0.00661946784587962
335.734342571115,0.00679391478862227
335.856427786595,0.00653224795757742
335.978513002075,0.00712226489253582
336.100598217556,0.00856643131996185
336.222683433036,0.00916898662916345
336.344768648517,0.00847520336061713
336.466853863997,0.00827207786552905
336.588939079478,0.00923097812774654
336.711024294958,0.0100136751631889
336.833109510438,0.0104884118840974
336.955194725919,0.0111266563170719
337.077279941399,0.0114701391163248
337.19936515688,0.0120738075888531
337.32145037236,0.0129970958511459
337.44353558784,0.0127977046928429
337.565620803321,0.012291860914877
337.687706018801,0.0125190152946041
337.809791234282,0.0120594908512656
337.931876449762,0.0115609760885508
338.053961665242,0.0123787168964119
338.176046880723,0.0127788790464932
338.298132096203,0.0124844619932849
338.420217311684,0.0125364877829134
338.542302527164,0.0117163753954646
338.664387742644,0.0104825952654537
338.786472958125,0.0104106257741114
338.908558173605,0.0105314937687546
339.030643389086,0.0111154574593601
339.152728604566,0.0127755743769788
339.274813820046,0.0131857965779345
339.396899035527,0.0122402974329751
339.518984251007,0.0117788565886133
339.641069466488,0.0109181449336639
339.763154681968,0.00984354029105714
339.885239897448,0.0102032058379389
340.007325112929,0.0109865052955149
340.129410328409,0.0114253937447671
340.25149554389,0.0119405181005876
340.37358075937,0.0116764039124797
340.49566597485,0.0108630644485919
340.617751190331,0.0104804071494935
340.739836405811,0.00981794383657239
340.861921621292,0.00893195149371687
340.984006836772,0.00867806247709418
341.106092052252,0.00861206278579955
341.228177267733,0.00840811134995819
341.350262483213,0.0080298971372456
341.472347698694,0.00759467792189034
341.594432914174,0.0081345739787016
341.716518129655,0.0090459933848635
341.838603345135,0.00844192021223225
341.960688560615,0.00720971951850192
342.082773776096,0.00708156074726383
342.204858991576,0.00740698679116088
342.326944207057,0.00725160634655421
342.449029422537,0.00680895227408355
342.571114638017,0.00660569954929388
342.693199853498,0.00704359474942375
342.815285068978,0.00798004845848282
342.937370284459,0.00913286647065011
343.059455499939,0.0101859413618055
343.181540715419,0.0105723208577807
343.3036259309,0.0105749697043394
343.42571114638,0.0108107311577109
343.547796361861,0.01100885502049
343.669881577341,0.0111683616762739
343.791966792821,0.0113204611191486
343.914052008302,0.0109058382789463
344.036137223782,0.0105453316229865
344.158222439263,0.0109649034754615
344.280307654743,0.0111404147318275
344.402392870223,0.0105809022849969
344.524478085704,0.00986907666700278
344.646563301184,0.00916090955145603
344.768648516665,0.00898151487687606
344.890733732145,0.00944830335478201
345.012818947625,0.00920378980137548
345.134904163106,0.00791249356848575
345.256989378586,0.0068374650474947
345.379074594067,0.00656946156124294
345.501159809547,0.00663544375493282
345.623245025028,0.00631463947618169
345.745330240508,0.00561997276659034
345.867415455988,0.00535901203213776
345.989500671469,0.00540332731005067
346.111585886949,0.00511674894154307
346.23367110243,0.00513318317945358
346.35575631791,0.00587197483254526
346.47784153339,0.00633957153944844
346.599926748871,0.00610185028319666
346.722011964351,0.00611097131161834
346.844097179832,0.00684021858286127
346.966182395312,0.00730069456678242
347.088267610792,0.0071424955412367
347.210352826273,0.0075069761144866
347.332438041753,0.00797148495821295
347.454523257234,0.00716901997890607
347.576608472714,0.0065585926487774
347.698693688194,0.00727175589922305
347.820778903675,0.00722373329438004
347.942864119155,0.00618972063668641
348.064949334636,0.00627982459985658
348.187034550116,0.00699013846586949
348.309119765596,0.00667083768388372
348.431204981077,0.00541861748251272
348.553290196557,0.00395202908898975
348.675375412038,0.00297669571135357
348.797460627518,0.00233359804891337
348.919545842998,0.00136275084861163
349.041631058479,0.00119660544604928
349.163716273959,0.00235088825639843
349.28580148944,0.00275725843239266
349.40788670492,0.00206098703797318
349.5299719204,0.00182970786354275
349.652057135881,0.00194142236995143
349.774142351361,0.0019354497279631
349.896227566842,0.00163333311050226
350.018312782322,0.000212551160442853
350.140397997803,-0.00121464930388856
350.262483213283,-0.000842652096420071
350.384568428763,-2.90785441715829e-05
350.506653644244,-0.000247852057324274
350.628738859724,-0.000576833874097259
350.750824075205,-0.000691378423674253
350.872909290685,-0.000883088255847601
350.994994506165,-0.000740371866569801
351.117079721646,-0.00057780959992048
351.239164937126,-0.000775557751694106
351.361250152607,-0.000750433199819258
351.483335368087,-0.000659406385824617
351.605420583567,-0.00103009175539074
351.727505799048,-0.001118909870963
351.849591014528,-0.000327038758893243
351.971676230009,0.000467759855307396
352.093761445489,0.000203179415272286
352.215846660969,-0.000979608255313765
352.33793187645,-0.00198776314290935
352.46001709193,-0.0022653623172252
352.582102307411,-0.00245662166733387
352.704187522891,-0.00319735383140285
352.826272738371,-0.00418475087445398
352.948357953852,-0.00478896535805855
353.070443169332,-0.00504636415651527
353.192528384813,-0.00558326849723193
353.314613600293,-0.00630324617942506
353.436698815773,-0.00641462422054281
353.558784031254,-0.00612424872484679
353.680869246734,-0.00614903100322469
353.802954462215,-0.0061780708817201
353.925039677695,-0.00577130586204292
354.047124893175,-0.00505153315808748
354.169210108656,-0.00433574089595881
354.291295324136,-0.00451906613294577
354.413380539617,-0.00574852280605004
354.535465755097,-0.00635637764310434
354.657550970577,-0.00584158931370971
354.779636186058,-0.00561120156366253
354.901721401538,-0.00575825308630591
355.023806617019,-0.00554923507104893
355.145891832499,-0.00541796464804833
355.26797704798,-0.00556562064791404
355.39006226346,-0.00568047010333914
355.51214747894,-0.00588875731129864
355.634232694421,-0.00585863108260001
355.756317909901,-0.00524018971176602
355.878403125382,-0.00478818465271156
356.000488340862,-0.00496413605445296
356.122573556342,-0.00519305025035646
356.244658771823,-0.00502198764686438
356.366743987303,-0.0045965014874838
356.488829202784,-0.00443722841964507
356.610914418264,-0.00480832081124203
356.732999633744,-0.00529179796965672
356.855084849225,-0.00547996278880214
356.977170064705,-0.00526248220904358
357.099255280186,-0.00469377876932599
357.221340495666,-0.00435414148702648
357.343425711146,-0.00487528094491756
357.465510926627,-0.00625961394676735
357.587596142107,-0.00800200043569818
357.709681357588,-0.00928924495205529
357.831766573068,-0.0098534697319969
357.953851788548,-0.00998113640018187
358.075937004029,-0.00929076789119389
358.198022219509,-0.00815874011241371
358.32010743499,-0.00827206542088024
358.44219265047,-0.00900227123312557
358.56427786595,-0.00838002723625184
358.686363081431,-0.00765843243432735
358.808448296911,-0.00863329770464276
358.930533512392,-0.00985194003579105
359.052618727872,-0.00975404394012363
359.174703943353,-0.00905017835398518
359.296789158833,-0.00883355931403255
359.418874374313,-0.00892734089377657
359.540959589794,-0.00828014781995358
359.663044805274,-0.00724418257496853
359.785130020755,-0.00727912274991639
359.907215236235,-0.00748785334214482
360.029300451715,-0.00635426273587489
360.151385667196,-0.00545723517192722
360.273470882676,-0.00599747780050992
360.395556098157,-0.00638422073584373
360.517641313637,-0.00637803226127348
360.639726529117,-0.00725624678903403
360.761811744598,-0.00809218902763506
360.883896960078,-0.00750258579905267
361.005982175559,-0.00661731994390064
361.128067391039,-0.00651585451597887
361.250152606519,-0.00624558176927355
361.372237822,-0.00582502573101642
361.49432303748,-0.00688742303495146
361.616408252961,-0.00871399641663974
361.738493468441,-0.00870843118357569
361.860578683921,-0.00725117884564362
361.982663899402,-0.00680966359341804
362.104749114882,-0.00725719713171111
362.226834330363,-0.00673957184574509
362.348919545843,-0.00551125349585069
362.471004761323,-0.00500716619344316
362.593089976804,-0.00461909993725216
362.715175192284,-0.00335620266724891
362.837260407765,-0.0026675179267204
362.959345623245,-0.00325023927530713
363.081430838725,-0.00324955686983012
363.203516054206,-0.00259035620869635
363.325601269686,-0.00251415759640925
363.447686485167,-0.00205618310420985
363.569771700647,-0.00114243669091332
363.691856916127,-0.00124736693264384
363.813942131608,-0.00133981115530341
363.936027347088,-0.000422213857477713
364.058112562569,-2.33230308015962e-05
364.180197778049,-0.000440300183072739
364.30228299353,-0.000777852020564216
364.42436820901,-0.00124908642737417
364.54645342449,-0.00188819721391833
364.668538639971,-0.00232421395259987
364.790623855451,-0.00219892165886616
364.912709070932,-0.0011713908937437
365.034794286412,-0.000108098220014567
365.156879501892,0.000209630245522749
365.278964717373,0.000206338438578909
365.401049932853,-0.000114297129797266
365.523135148334,-0.000268688458441136
365.645220363814,0.000283754505677976
365.767305579294,0.000260956087088775
365.889390794775,0.000113432944344725
366.011476010255,0.00102760507957595
366.133561225736,0.000198640097941754
366.255646441216,-0.00255821334591712
366.377731656696,-0.00256008967821231
366.499816872177,-0.000523857894019117
366.621902087657,-0.000156178961470373
366.743987303138,0.000168132142730072
366.866072518618,0.00126610127235234
366.988157734098,0.000623509022908127
367.110242949579,-0.000837983777015009
367.232328165059,-0.000607456115870786
367.35441338054,0.00066177756576006
367.47649859602,0.00109919491668955
367.5985838115,0.000461306453371607
367.720669026981,0.000349331025894081
367.842754242461,0.00131712631620132
367.964839457942,0.00203745465733705
368.086924673422,0.00268179158099878
368.209009888903,0.00340444796964266
368.331095104383,0.00283946625488836
368.453180319863,0.00245545227744124
368.575265535344,0.00360661413656704
368.697350750824,0.00351623039524902
368.819435966304,0.00215030609851307
368.941521181785,0.00222067977649667
369.063606397265,0.00246201030792343
369.185691612746,0.00205457988931557
369.307776828226,0.00292126033517239
369.429862043707,0.0038533367661701
369.551947259187,0.00295872795655522
369.674032474667,0.00154780945499239
369.796117690148,0.00065084194891746
369.918202905628,0.000149714733278636
370.040288121109,-0.000125940151660784
370.162373336589,-0.000569105975871294
370.284458552069,-0.00063458476486796
370.40654376755,-0.000246048756316268
370.52862898303,-0.00079890020817053
370.650714198511,-0.00202234457056545
370.772799413991,-0.00254532580508196
370.894884629471,-0.00242825384441671
371.016969844952,-0.00210685937412988
371.139055060432,-0.00217138362620683
371.261140275913,-0.00273064246820055
371.383225491393,-0.00248792038536569
371.505310706873,-0.00187063570558806
371.627395922354,-0.00250479121905901
371.749481137834,-0.00327887794354523
371.871566353315,-0.00324204743395723
371.993651568795,-0.00366207862376957
372.115736784275,-0.00449382258515648
372.237821999756,-0.00502870684831582
372.359907215236,-0.00538824067837432
372.481992430717,-0.00509586057311857
372.604077646197,-0.00471649057743684
372.726162861677,-0.00555282404225917
372.848248077158,-0.00645241831773532
372.970333292638,-0.00645571134010625
373.092418508119,-0.00683784536419249
373.214503723599,-0.00769621690078555
373.33658893908,-0.00808677071854781
373.45867415456,-0.00787486836142485
373.58075937004,-0.00687004541334192
373.702844585521,-0.00579626304924219
373.824929801001,-0.00600907675448227
373.947015016482,-0.00674504638582459
374.069100231962,-0.00690374471926115
374.191185447442,-0.00692551223360808
374.313270662923,-0.00657114925297905
374.435355878403,-0.00567054574016894
374.557441093884,-0.00540301019296443
374.679526309364,-0.00577109421374004
374.801611524844,-0.00600853827711021
374.923696740325,-0.00630171353898289
375.045781955805,-0.00616391521267889
375.167867171286,-0.00538803177308525
375.289952386766,-0.00518768136208492
375.412037602246,-0.00519171987692673
375.534122817727,-0.00482827865066358
375.656208033207,-0.00559031821362282
375.778293248688,-0.00628877604326305
375.900378464168,-0.00430244924561226
376.022463679648,-0.00218149169067325
376.144548895129,-0.0025200386433347
376.266634110609,-0.00302664508290723
376.38871932609,-0.00317919875574056
376.51080454157,-0.00438851966174725
376.63288975705,-0.00497651465244529
376.754974972531,-0.00446152177771346
376.877060188011,-0.0049744475201657
376.999145403492,-0.00614919346136846
377.121230618972,-0.00690470388510784
377.243315834452,-0.00761185542079141
377.365401049933,-0.00756171670065336
377.487486265413,-0.00662701528027357
377.609571480894,-0.0061369640850638
377.731656696374,-0.00582318895840492
377.853741911854,-0.00511729188721029
377.975827127335,-0.00451804066493252
378.097912342815,-0.00375741017188967
378.219997558296,-0.00288005526308139
378.342082773776,-0.00237923052958532
378.464167989257,-0.00154520413893934
378.586253204737,-0.0006501424681149
378.708338420217,-0.000675959090554555
378.830423635698,-0.000287734390672999
378.952508851178,0.00122464000749013
379.074594066659,0.002098361207335
379.196679282139,0.00209204194398781
379.318764497619,0.00238010475385817
379.4408497131,0.00275877738357488
379.56293492858,0.00267917833079901
379.685020144061,0.00199860428332801
379.807105359541,0.000830214268172835
379.929190575021,5.61178174120408e-05
380.051275790502,-4.95904873314288e-05
380.173361005982,-0.00022324351239385
380.295446221463,-0.000565059226670697
380.417531436943,-0.00120365081104249
380.539616652423,-0.00247606750215187
380.661701867904,-0.00330259665440282
380.783787083384,-0.00291721474812296
380.905872298865,-0.00243555351434711
381.027957514345,-0.00241057117063065
381.150042729825,-0.00239825758646669
381.272127945306,-0.00251571053225052
381.394213160786,-0.00265344629749242
381.516298376267,-0.0025204968059663
381.638383591747,-0.00262134981818413
381.760468807227,-0.00302340289193621
381.882554022708,-0.00313114716566889
382.004639238188,-0.00301031255301128
382.126724453669,-0.00321991648262079
382.248809669149,-0.0043870393686174
382.37089488463,-0.00628593546375581
382.49298010011,-0.00725038170637799
382.61506531559,-0.00718516965427776
382.737150531071,-0.00794291352025204
382.859235746551,-0.00886415448311618
382.981320962032,-0.00826192946719431
383.103406177512,-0.00731071559236635
383.225491392992,-0.00657629665341788
383.347576608473,-0.00511024208730977
383.469661823953,-0.00430319051577897
383.591747039434,-0.00499949704316677
383.713832254914,-0.00516070204349702
383.835917470394,-0.00439834417838209
383.958002685875,-0.00384111890803224
384.080087901355,-0.00336473438826683
384.202173116836,-0.00337993228828746
384.324258332316,-0.00405895695728706
384.446343547796,-0.00404053124443698
384.568428763277,-0.003704876018704
384.690513978757,-0.00435631129987251
384.812599194238,-0.00515429717387313
384.934684409718,-0.00552364942704776
385.056769625198,-0.00560386824834703
385.178854840679,-0.0042628420984506
385.300940056159,-0.00202366250237392
385.42302527164,-0.0014727791516884
385.54511048712,-0.00241121314616038
385.6671957026,-0.00250347063301658
385.789280918081,-0.00153629614588631
385.911366133561,-0.000681235868613285
386.033451349042,-0.00023745722735774
386.155536564522,-8.50782395465598e-05
386.277621780002,-0.000278025323775408
386.399706995483,-0.000421928964022738
386.521792210963,0.000404707775171653
386.643877426444,0.00198536801999546
386.765962641924,0.00239515244552064
386.888047857404,0.00108665926842881
387.010133072885,0.000259549670812064
387.132218288365,0.00101075599176264
387.254303503846,0.00174950372868238
387.376388719326,0.00161676115826856
387.498473934807,0.0013389917871796
387.620559150287,0.0011624931577006
387.742644365767,0.0010608039655733
387.864729581248,0.00113059940417859
387.986814796728,0.00104909935412366
388.108900012209,0.00106289519523282
388.230985227689,0.00179561323205055
388.353070443169,0.00275202191060719
388.47515565865,0.00337184622422961
388.59724087413,0.00369059787505403
388.719326089611,0.00344499865971535
388.841411305091,0.00300620840799452
388.963496520571,0.00304845719591918
389.085581736052,0.00310787253827414
389.207666951532,0.0032847594524929
389.329752167013,0.00412368692133369
389.451837382493,0.00464504575967208
389.573922597973,0.00455421799469374
389.696007813454,0.00467880779200866
389.818093028934,0.0047063168008971
389.940178244415,0.00504130933642839
390.062263459895,0.00628264086539549
390.184348675375,0.00665157766940639
390.306433890856,0.00609877439527681
390.428519106336,0.00672206862624031
390.550604321817,0.00738751296311587
390.672689537297,0.00671426292052771
390.794774752777,0.00615600554349176
390.916859968258,0.00573662683126712
391.038945183738,0.00508030983876678
391.161030399219,0.0052908559081482
391.283115614699,0.00529857619344555
391.405200830179,0.00391119348918304
391.52728604566,0.00268391244067502
391.64937126114,0.0019846853966629
391.771456476621,0.00103281529022694
391.893541692101,0.000312842398970902
392.015626907582,-0.000184684204390415
392.137712123062,-0.000252637748485473
392.259797338542,0.000947073197149399
392.381882554023,0.00202728597412454
392.503967769503,0.00151477414637657
392.626052984984,0.000591388043208629
392.748138200464,0.000204835779544993
392.870223415944,-0.000142060871046379
392.992308631425,-0.000881524516162604
393.114393846905,-0.00187055809825706
393.236479062386,-0.00232468946489108
393.358564277866,-0.00213498573462098
393.480649493346,-0.00193843453106015
393.602734708827,-0.00134911332377428
393.724819924307,-0.000738179191992081
393.846905139788,-0.00179136597175791
393.968990355268,-0.00370452092014756
394.091075570748,-0.00443700582771129
394.213160786229,-0.00462505581603117
394.335246001709,-0.00560086284222295
394.45733121719,-0.00707518255055378
394.57941643267,-0.00818496489237914
394.70150164815,-0.00854128634998858
394.823586863631,-0.0088556750954734
394.945672079111,-0.00980129591570859
395.067757294592,-0.01064550455572
395.189842510072,-0.0110099766394694
395.311927725552,-0.0113199484197948
395.434012941033,-0.0110617165333038
395.556098156513,-0.00998867093525032
395.678183371994,-0.009342543915781
395.800268587474,-0.00982174963299379
395.922353802955,-0.0104448512205119
396.044439018435,-0.0101115332540284
396.166524233915,-0.00926057446679049
396.288609449396,-0.00903974387413216
396.410694664876,-0.00940198980911326
396.532779880357,-0.00987132222318378
396.654865095837,-0.0104663023115967
396.776950311317,-0.0105184029077805
396.899035526798,-0.0095518589472379
397.021120742278,-0.00860005082576558
397.143205957759,-0.00844624741053063
397.265291173239,-0.00884111681673749
397.387376388719,-0.00921431536694076
397.5094616042,-0.00883607606314152
397.63154681968,-0.00799832412267666
397.753632035161,-0.00757762940728459
397.875717250641,-0.00703791545024466
397.997802466121,-0.0060655800646737
398.119887681602,-0.00560160196821956
398.241972897082,-0.00535860338894094
398.364058112563,-0.00462663573020993
398.486143328043,-0.0041487326119454
398.608228543523,-0.00409647016046638
398.730313759004,-0.00401518207976922
398.852398974484,-0.004504676071383
398.974484189965,-0.00507832793443227
399.096569405445,-0.00402486977197333
399.218654620925,-0.00248352887277729
399.340739836406,-0.00295501388030947
399.462825051886,-0.00418789787194016
399.584910267367,-0.00381484053966521
399.706995482847,-0.00290965252298366
399.829080698327,-0.00260555894034268
399.951165913808,-0.0019062188639102
400.073251129288,-0.00120251099635844
400.195336344769,-0.00113291394393497
400.317421560249,-0.000196951376783843
400.439506775729,0.00143871029025389
400.56159199121,0.00177256578221559
400.68367720669,0.00133867789190666
400.805762422171,0.00160486472794785
400.927847637651,0.00222070528413969
401.049932853132,0.00244894600565725
401.172018068612,0.00179370005055282
401.294103284092,0.000560226770621857
401.416188499573,5.23666573310425e-05
401.538273715053,0.000274454343812879
401.660358930534,0.000586081219552865
401.782444146014,0.00147676413935845
401.904529361494,0.00235980260618638
402.026614576975,0.00186883821523333
402.148699792455,0.000703278736185404
402.270785007936,0.000216369125519496
402.392870223416,0.000505596533700879
402.514955438896,0.000908883658293235
402.637040654377,0.000799006429572526
402.759125869857,0.000847432861497834
402.881211085338,0.00184618144447267
403.003296300818,0.0026430586993245
403.125381516298,0.00273217326573079
403.247466731779,0.00332816274118901
403.369551947259,0.00413131042647302
403.49163716274,0.00404888802895368
403.61372237822,0.00349674892506312
403.7358075937,0.002977635360761
403.857892809181,0.00249575604824603
403.979978024661,0.0020743887575169
404.102063240142,0.00139261169437388
404.224148455622,0.000642611438026015
404.346233671102,0.000574086691541702
404.468318886583,0.00106001424307615
404.590404102063,0.00162506821393145
404.712489317544,0.00235943401551448
404.834574533024,0.00322716308482247
404.956659748505,0.00379257742700524
405.078744963985,0.00406433126808542
405.200830179465,0.0047292881991518
405.322915394946,0.00556312597300876
405.445000610426,0.00534211953332069
405.567085825907,0.00456843956622844
405.689171041387,0.00444901093515385
405.811256256867,0.00407569678443346
405.933341472348,0.00326125866910686
406.055426687828,0.00349385306861951
406.177511903309,0.00411726621133689
406.299597118789,0.00399792524414057
406.421682334269,0.00385781840905235
406.54376754975,0.00332989513653609
406.66585276523,0.00222769918737594
406.787937980711,0.00259062525005765
406.910023196191,0.00432138839230481
407.032108411671,0.00520304411083831
407.154193627152,0.00532555590826411
407.276278842632,0.0053147882271114
407.398364058113,0.00454651235608091
407.520449273593,0.00356132620468243
407.642534489073,0.00320777675565602
407.764619704554,0.002884569920537
407.886704920034,0.0024181296217812
408.008790135515,0.00254354697755049
408.130875350995,0.00300593459904767
408.252960566475,0.00287399001614398
408.375045781956,0.00232073735937515
408.497130997436,0.00201843756714476
408.619216212917,0.00156027433532986
408.741301428397,0.000676810778257869
408.863386643877,0.000406382261696937
408.985471859358,0.000977829353881232
409.107557074838,0.00118859103929012
409.229642290319,0.00082496265671167
409.351727505799,0.000817084524264292
409.473812721279,0.00126997153582636
409.59589793676,0.00119694438426697
409.71798315224,6.42628332065077e-05
409.840068367721,-0.000955177996538288
409.962153583201,-0.000532937271068895
410.084238798682,0.000367599642256574
410.206324014162,6.37138460621871e-05
410.328409229642,-0.00101600659353729
410.450494445123,-0.00130836670333397
410.572579660603,-0.000251047771908879
410.694664876084,0.00149241042317408
410.816750091564,0.00296771721601979
410.938835307044,0.00391793423758218
411.060920522525,0.00447762817776206
411.183005738005,0.00458204392419413
411.305090953486,0.00465425201060094
411.427176168966,0.00509611263576754
411.549261384446,0.00493635537625044
411.671346599927,0.00353206118169404
411.793431815407,0.00242489705298861
411.915517030888,0.00290061520221778
412.037602246368,0.00380367696055759
412.159687461848,0.00397109143420914
412.281772677329,0.00418117332626323
412.403857892809,0.0049085586364487
412.52594310829,0.00506535035994407
412.64802832377,0.00405617996012
412.77011353925,0.002635444105318
412.892198754731,0.0019493169037404
413.014283970211,0.00270973273538591
413.136369185692,0.00404908020142416
413.258454401172,0.00423847792306942
413.380539616652,0.00338157361790318
413.502624832133,0.00286947097351747
413.624710047613,0.00289181732912234
413.746795263094,0.00285387041072337
413.868880478574,0.00246684833178763
413.990965694054,0.00169530768390637
414.113050909535,0.0011190004529704
414.235136125015,0.00157786421942309
414.357221340496,0.00276959066174164
414.479306555976,0.00321315798051454
414.601391771456,0.00241163270710147
414.723476986937,0.00205903858124856
414.845562202417,0.00299015428833006
414.967647417898,0.0032567985759166
415.089732633378,0.00218864040817897
415.211817848859,0.00160900210639109
415.333903064339,0.00164966674443195
415.455988279819,0.00148073705702873
415.5780734953,0.00199662190591371
415.70015871078,0.00328881485550289
415.822243926261,0.00432986142731837
415.944329141741,0.00548077839154497
416.066414357221,0.00672795389811253
416.188499572702,0.00682111756176211
416.310584788182,0.00607749602198175
416.432670003663,0.00585535378158176
416.554755219143,0.00607292861709359
416.676840434623,0.00611591425547504
416.798925650104,0.00635899493543009
416.921010865584,0.00709835413343398
417.043096081065,0.00764517195662304
417.165181296545,0.00786698162153905
417.287266512025,0.00856088941880581
417.409351727506,0.0094635676067024
417.531436942986,0.00993750062203635
417.653522158467,0.0105248575624017
417.775607373947,0.011153304973534
417.897692589427,0.0113064432971226
418.019777804908,0.0118579468136404
418.141863020388,0.0128527942016962
418.263948235869,0.0129672345874873
418.386033451349,0.0123871679035103
418.508118666829,0.0119228018359765
418.63020388231,0.0116229813598404
418.75228909779,0.0117738892900859
418.874374313271,0.0118503059363694
418.996459528751,0.0109032077736882
419.118544744232,0.0099837919959181
419.240629959712,0.0101693643753004
419.362715175192,0.0105999402178197
419.484800390673,0.0107193571488349
419.606885606153,0.0107248314905358
419.728970821634,0.0103523601244169
419.851056037114,0.00968893164749125
419.973141252594,0.00940949300083757
420.095226468075,0.0094373067725619
420.217311683555,0.00881775321506219
420.339396899036,0.00756710405901077
420.461482114516,0.00715626917540744
420.583567329996,0.00769775236715167
420.705652545477,0.00755797077643831
420.827737760957,0.00678594144980611
420.949822976438,0.00648090497885214
421.071908191918,0.00598905956499177
421.193993407398,0.00483399821669824
421.316078622879,0.00395930263171785
421.438163838359,0.00332430197684767
421.56024905384,0.00211036121062991
421.68233426932,0.000702043374655182
421.8044194848,-0.000166823605739383
421.926504700281,-0.000914038801236463
422.048589915761,-0.00204999602029392
422.170675131242,-0.00277489343573002
422.292760346722,-0.00258809560567444
422.414845562202,-0.00253422790242401
422.536930777683,-0.00298654119413137
422.659015993163,-0.0033778969075765
422.781101208644,-0.00396256592480472
422.903186424124,-0.00458138970692322
423.025271639604,-0.00475978948970662
423.147356855085,-0.00528702353428454
423.269442070565,-0.00581472413545554
423.391527286046,-0.00501098097838515
423.513612501526,-0.00410015902098495
423.635697717006,-0.00444180995358893
423.757782932487,-0.00499707092826059
423.879868147967,-0.00502829542722883
424.001953363448,-0.00429280753897385
424.124038578928,-0.00283613422779331
424.246123794409,-0.00242610471947464
424.368209009889,-0.00331441209736644
424.490294225369,-0.00316922705831308
424.61237944085,-0.00200290501620639
424.73446465633,-0.00141534468190931
424.856549871811,-0.000772266682475006
424.978635087291,0.000230074064097681
425.100720302771,0.000229903838464157
425.222805518252,-0.000446706750474748
425.344890733732,-0.000277317730912869
425.466975949213,0.000431325075690346
425.589061164693,0.000755614918125968
425.711146380173,0.00112453626995856
425.833231595654,0.0015422702817199
425.955316811134,0.00107614914606796
426.077402026615,0.000407392626999494
426.199487242095,0.000787745767036667
426.321572457575,0.00158967361595291
426.443657673056,0.00239839425141022
426.565742888536,0.00352839160718828
426.687828104017,0.00403409385181804
426.809913319497,0.00364128946513297
426.931998534977,0.0032341730682437
427.054083750458,0.00259934671564456
427.176168965938,0.00212125774929673
427.298254181419,0.00270486907164304
427.420339396899,0.003263558293993
427.542424612379,0.00342597513843658
427.66450982786,0.0039369513690836
427.78659504334,0.00360293184225738
427.908680258821,0.00238753651512085
428.030765474301,0.00198122965731632
428.152850689782,0.00139846225909729
428.274935905262,0.000113027571113156
428.397021120742,0.000263903537339114
428.519106336223,0.00149314384764901
428.641191551703,0.00218659390174972
428.763276767183,0.00306924635731159
428.885361982664,0.00403225800435946
429.007447198144,0.00406949469931448
429.129532413625,0.00386092027997713
429.251617629105,0.00387054547976325
429.373702844586,0.00388106165440805
429.495788060066,0.00399005579208048
429.617873275546,0.00369689520314421
429.739958491027,0.00298207038691241
429.862043706507,0.0025150996092941
429.984128921988,0.00177379325389399
430.106214137468,0.000778318144991753
430.228299352948,0.000720633372842423
430.350384568429,0.000979883819612564
430.472469783909,0.000450035009590571
430.59455499939,-9.29300077652707e-05
430.71664021487,-0.000311210745079817
430.83872543035,-0.00071369503865518
430.960810645831,-0.000634909199637494
431.082895861311,0.000421545071651397
431.204981076792,0.00146146457551182
431.327066292272,0.00170955679974081
431.449151507752,0.00153071437697006
431.571236723233,0.00162714051410851
431.693321938713,0.00234197157208184
431.815407154194,0.00327306761374863
431.937492369674,0.00365148739273362
432.059577585154,0.00364768179579289
432.181662800635,0.00433074368121135
432.303748016115,0.00542427122309745
432.425833231596,0.00518822921111115
432.547918447076,0.00381046662019192
432.670003662556,0.00337082175206378
432.792088878037,0.00380206113465734
432.914174093517,0.00369606566003316
433.036259308998,0.00367332057011024
433.158344524478,0.00419419745309152
433.280429739959,0.0041749218375844
433.402514955439,0.00423980068105072
433.524600170919,0.00541542281540399
433.6466853864,0.00614998257050737
433.76877060188,0.00579833435142383
433.890855817361,0.00570057333822255
434.012941032841,0.00533254596991592
434.135026248321,0.00414102749531657
434.257111463802,0.00390656677777595
434.379196679282,0.00472480101386551
434.501281894763,0.00478317114786099
434.623367110243,0.00418795710687385
434.745452325723,0.00372740177342068
434.867537541204,0.00334568247461631
434.989622756684,0.00348553388711661
435.111707972165,0.00414170908827767
435.233793187645,0.00427789199422007
435.355878403125,0.00373241621126785
435.477963618606,0.00342855204936104
435.600048834086,0.00389637231690875
435.722134049567,0.00434111905749893
435.844219265047,0.00392166733731218
435.966304480527,0.00385140801073902
436.088389696008,0.0049621284282009
436.210474911488,0.00536276845157335
436.332560126969,0.00460837045048865
436.454645342449,0.00469216129059001
436.576730557929,0.00533011266160046
436.69881577341,0.00500799133867676
436.82090098889,0.00446706216204972
436.942986204371,0.00458580757479846
437.065071419851,0.00468991237033525
437.187156635331,0.00431150874137299
437.309241850812,0.00410027388504182
437.431327066292,0.00451444862528483
437.553412281773,0.00458284432694842
437.675497497253,0.00402264265837497
437.797582712734,0.00422853127358547
437.919667928214,0.00462316307525943
438.041753143694,0.00389388160567099
438.163838359175,0.00376413030181283
438.285923574655,0.00452281399104266
438.408008790136,0.00387841188112341
438.530094005616,0.00283720991811728
438.652179221096,0.00282547599944517
438.774264436577,0.00218120177921567
438.896349652057,0.00159001518678963
439.018434867538,0.00275600828034699
439.140520083018,0.00338201533960432
439.262605298498,0.00211620031459759
439.384690513979,0.0013130136056612
439.506775729459,0.00194637465333208
439.62886094494,0.00237480084355109
439.75094616042,0.00137574084258549
439.8730313759,-6.28995770159283e-06
439.995116591381,-2.60944493077175e-05
440.117201806861,0.000547544925405316
440.239287022342,0.000213519239159691
440.361372237822,-0.000351575410182033
440.483457453302,-0.000456368703513003
440.605542668783,-6.26108306509422e-05
440.727627884263,0.000781571101418605
440.849713099744,0.00081417319008959
440.971798315224,0.000342113209121318
441.093883530704,0.00116282424015158
441.215968746185,0.00141448879194626
441.338053961665,-0.000321428449276288
441.460139177146,-0.000711329542563551
441.582224392626,0.000657189296125053
441.704309608107,0.000375085034875505
441.826394823587,-0.00112909973617873
441.948480039067,-0.00165423385921756
442.070565254548,-0.00135701576077707
442.192650470028,-0.000579080972178348
442.314735685509,0.000173668076789151
442.436820900989,0.000121854717139323
442.558906116469,-0.000158193723040095
442.68099133195,-0.000192275057836557
442.80307654743,-2.03660792477689e-05
442.925161762911,0.00067259288140527
443.047246978391,0.00117340453141386
443.169332193871,0.000978311994018141
443.291417409352,0.00125245258672983
443.413502624832,0.00166556539727563
443.535587840313,0.000569153220253619
443.657673055793,-0.00100781003545717
443.779758271273,-0.00109557568681354
443.901843486754,-0.000773480177590734
444.023928702234,-0.0020167497808723
444.146013917715,-0.00380786885848704
444.268099133195,-0.00408758835331299
444.390184348675,-0.00363116288472014
444.512269564156,-0.00415136634224383
444.634354779636,-0.00498638216622124
444.756439995117,-0.00508641832153466
444.878525210597,-0.00510933067984078
445.000610426077,-0.00588212467820224
445.122695641558,-0.00704460905151624
445.244780857038,-0.0073204896183795
445.366866072519,-0.00664527314897102
445.488951287999,-0.00685904917733309
445.611036503479,-0.00775851864920726
445.73312171896,-0.00743721395948349
445.85520693444,-0.00741859456334268
445.977292149921,-0.00918565563100095
446.099377365401,-0.00987024139613019
446.221462580881,-0.0086949004774823
446.343547796362,-0.00860436075490646
446.465633011842,-0.00949163502762256
446.587718227323,-0.00928113393504771
446.709803442803,-0.00823274309296034
446.831888658284,-0.00737623649591483
446.953973873764,-0.00748889665468808
447.076059089244,-0.00856159957140671
447.198144304725,-0.00898244765141004
447.320229520205,-0.00848333768605369
447.442314735686,-0.00841457144191448
447.564399951166,-0.00844999954853621
447.686485166646,-0.00798326775375416
447.808570382127,-0.00760295440801257
447.930655597607,-0.00733198418169924
448.052740813088,-0.00730212113849455
448.174826028568,-0.00761517850481407
448.296911244048,-0.0071368159618542
448.418996459529,-0.00607916413486972
448.541081675009,-0.00567986034160121
448.66316689049,-0.00527217561075239
448.78525210597,-0.00483270713866392
448.90733732145,-0.00545108720594607
449.029422536931,-0.00591889109615197
449.151507752411,-0.00546601574379171
449.273592967892,-0.00553359460618576
449.395678183372,-0.00565570713040373
449.517763398852,-0.00468273426907742
449.639848614333,-0.00371065569643515
449.761933829813,-0.00320547695194795
449.884019045294,-0.00279046150894993
450.006104260774,-0.00322110574210592
450.128189476254,-0.00425731734580067
450.250274691735,-0.00465706135552111
450.372359907215,-0.0047959826533807
450.494445122696,-0.00552793196124079
450.616530338176,-0.00636816132080132
450.738615553657,-0.00648840727315864
450.860700769137,-0.00611314018282554
450.982785984617,-0.00595340435713649
451.104871200098,-0.0054650057006789
451.226956415578,-0.00420619197890327
451.349041631058,-0.00375380098596773
451.471126846539,-0.00447075997958356
451.593212062019,-0.00457326947899813
451.7152972775,-0.00441656867111421
451.83738249298,-0.00538168652509468
451.959467708461,-0.00635517891809599
452.081552923941,-0.0061841349793521
452.203638139421,-0.00560527461978683
452.325723354902,-0.00555328327237075
452.447808570382,-0.00580639154794499
452.569893785863,-0.0050114085666524
452.691979001343,-0.00352402174736579
452.814064216823,-0.00372600265364573
452.936149432304,-0.005125402299713
453.058234647784,-0.0055364441760834
453.180319863265,-0.00539702099899173
453.302405078745,-0.00478111270185395
453.424490294225,-0.00332128627194567
453.546575509706,-0.00314493421083406
453.668660725186,-0.00408331366935586
453.790745940667,-0.00345032639446572
453.912831156147,-0.00235601590096397
454.034916371627,-0.002542212741414
454.157001587108,-0.00290680764253854
454.279086802588,-0.00353530755230296
454.401172018069,-0.00459693337345527
454.523257233549,-0.00472155567990423
454.645342449029,-0.00454063949320282
454.76742766451,-0.00506743520651395
454.88951287999,-0.00535879049296224
455.011598095471,-0.00525669494593057
455.133683310951,-0.00510217254860254
455.255768526431,-0.00474004791577933
455.377853741912,-0.00481211490904382
455.499938957392,-0.00520628780636607
455.622024172873,-0.00506815356676872
455.744109388353,-0.0051233582337911
455.866194603834,-0.00568299011847701
455.988279819314,-0.00544048745574018
456.110365034794,-0.00429710861506621
456.232450250275,-0.00363367917014055
456.354535465755,-0.00392677369052159
456.476620681236,-0.00386102669415941
456.598705896716,-0.00249567522777928
456.720791112196,-0.00155619589167159
456.842876327677,-0.00248804114195283
456.964961543157,-0.00367863756459681
457.087046758638,-0.00384121924018678
457.209131974118,-0.00355626931004408
457.331217189598,-0.00317642948156111
457.453302405079,-0.00291995277597547
457.575387620559,-0.00260343498247626
457.69747283604,-0.0017911306091657
457.81955805152,-0.00169820142582233
457.941643267,-0.00271843494799867
458.063728482481,-0.00278046858441424
458.185813697961,-0.00198563999298382
458.307898913442,-0.00244783835589725
458.429984128922,-0.00329100083756943
458.552069344402,-0.00240844962754061
458.674154559883,-0.000661034455154858
458.796239775363,-0.000167996264738904
458.918324990844,-0.000712323017554321
459.040410206324,-0.000507265949210992
459.162495421804,0.00015184350863667
459.284580637285,-0.000388563349783672
459.406665852765,-0.00149776857358388
459.528751068246,-0.00190614790946302
459.650836283726,-0.00196057788535503
459.772921499206,-0.00146507699975963
459.895006714687,-0.000271028434729947
460.017091930167,-1.02374891914523e-05
460.139177145648,-0.00125877492183378
460.261262361128,-0.00249244135901595
460.383347576608,-0.00271737578374318
460.505432792089,-0.00218486587427472
460.627518007569,-0.00143963614385199
460.74960322305,-0.000718589675048485
460.87168843853,-0.000320521304503233
460.993773654011,-0.000673902966795756
461.115858869491,-0.000884103662690398
461.237944084971,-0.000262868658447235
461.360029300452,-0.000489374253448137
461.482114515932,-0.00165766201280662
461.604199731413,-0.00141146611629904
461.726284946893,-0.000458572503225872
461.848370162373,-0.000985488539824543
461.970455377854,-0.00202578304477285
462.092540593334,-0.00234974760037006
462.214625808815,-0.00232172203153442
462.336711024295,-0.0019684100406978
462.458796239775,-0.0013926256285275
462.580881455256,-0.000866592438008297
462.702966670736,-0.000553891844189715
462.825051886217,-0.00104645794018694
462.947137101697,-0.00183768724207853
463.069222317177,-0.00175517224677994
463.191307532658,-0.0012102701214045
463.313392748138,-0.000432779136270194
463.435477963619,0.000994665963532635
463.557563179099,0.0019467910992149
463.679648394579,0.00187942961132017
463.80173361006,0.00216194009768293
463.92381882554,0.00287497544934848
464.045904041021,0.00278317442114329
464.167989256501,0.00202281780102222
464.290074471981,0.00178868618449989
464.412159687462,0.00241308210481377
464.534244902942,0.0028708685724711
464.656330118423,0.00237268524721345
464.778415333903,0.00162716189538464
464.900500549384,0.00166544165218395
465.022585764864,0.00243941586451133
465.144670980344,0.0027099939883335
465.266756195825,0.00167412605358476
465.388841411305,0.000586394718978203
465.510926626786,0.000131990077227069
465.633011842266,-0.000807614031091947
465.755097057746,-0.00127651458929112
465.877182273227,-0.000160561904862688
465.999267488707,0.000169458592063822
466.121352704188,-0.000540737678256917
466.243437919668,0.000154313499407406
466.365523135148,0.000859401005523192
466.487608350629,0.000181927598194503
466.609693566109,0.000124944842044063
466.73177878159,8.06742516739199e-06
466.85386399707,-0.00157989554276168
466.97594921255,-0.00264332850916528
467.098034428031,-0.00308904510335069
467.220119643511,-0.00385910111416148
467.342204858992,-0.00295686982432455
467.464290074472,-0.00126759170192683
467.586375289952,-0.00193302002147897
467.708460505433,-0.00277548006022696
467.830545720913,-0.00140467655140315
467.952630936394,-0.000814703322675082
468.074716151874,-0.00235209227534005
468.196801367354,-0.00365380677946903
468.318886582835,-0.00439968340102941
468.440971798315,-0.00524952182147411
468.563057013796,-0.00512798035597582
468.685142229276,-0.00414761515808536
468.807227444756,-0.00364197801312498
468.929312660237,-0.00314482072034762
469.051397875717,-0.00185589646494451
469.173483091198,-0.00030176455885322
469.295568306678,0.00122958059221988
469.417653522158,0.00227546397942897
469.539738737639,0.00177098505036471
469.661823953119,0.000353406963068865
469.7839091686,-0.000428865059162927
469.90599438408,-0.000801102492316606
470.028079599561,-0.00145798113195326
470.150164815041,-0.00182378121585506
470.272250030521,-0.00113570390135214
470.394335246002,5.49376211154283e-05
470.516420461482,0.00021180468534303
470.638505676963,-0.000453435035547778
470.760590892443,-0.000225994629372051
470.882676107923,0.000230755938309025
471.004761323404,8.1331251785089e-06
471.126846538884,0.000994643234824651
471.248931754365,0.00284825072570214
471.371016969845,0.00306235775498627
471.493102185325,0.00284936947878332
471.615187400806,0.00333091216023696
471.737272616286,0.00255944059830156
471.859357831767,0.00128049660161547
471.981443047247,0.00134312783323376
472.103528262727,0.00145266364666048
472.225613478208,0.00128129373391192
472.347698693688,0.00159730699882721
472.469783909169,0.00123746412292396
472.591869124649,0.000518959236600807
472.713954340129,0.00120939817577842
472.83603955561,0.00263505279468407
472.95812477109,0.00369389351797872
473.080209986571,0.00439624588564192
473.202295202051,0.00421232622181458
473.324380417531,0.00312688433653834
473.446465633012,0.00195422965497788
473.568550848492,0.00109802293652017
473.690636063973,0.0011438312120173
473.812721279453,0.00220541996779734
473.934806494933,0.00309952240208138
474.056891710414,0.00331795164258114
474.178976925894,0.00339852971600591
474.301062141375,0.0032341715795191
474.423147356855,0.00253213457435398
474.545232572335,0.00193940650654492
474.667317787816,0.00199684723354371
474.789403003296,0.0020811273726518
474.911488218777,0.00192498839538916
475.033573434257,0.00221509340972783
475.155658649738,0.00209832525477764
475.277743865218,0.000404457204937075
475.399829080698,-0.000726015487365811
475.521914296179,0.000292930892774515
475.643999511659,0.000968606664167506
475.76608472714,0.000253665595817886
475.88816994262,-0.000173635928693173
476.0102551581,-0.000725122106188131
476.132340373581,-0.00176966547100082
476.254425589061,-0.00163368243929366
476.376510804542,-0.00100077122648916
476.498596020022,-0.00149010241804674
476.620681235502,-0.00175581908741539
476.742766450983,-0.00136879517705587
476.864851666463,-0.00189346449944766
476.986936881944,-0.00245968932799884
477.109022097424,-0.00205813211837019
477.231107312904,-0.00249504089585284
477.353192528385,-0.00377711580669267
477.475277743865,-0.00381382485793097
477.597362959346,-0.00338231888293667
477.719448174826,-0.00388151824359539
477.841533390306,-0.00415777176738472
477.963618605787,-0.0040486942448276
478.085703821267,-0.00439018791261141
478.207789036748,-0.00396502708894473
478.329874252228,-0.0025380567420098
478.451959467709,-0.0021543219905882
478.574044683189,-0.00289879858884858
478.696129898669,-0.00345982807761833
478.81821511415,-0.00415750800323351
478.94030032963,-0.00529466754485047
479.062385545111,-0.0062574342266707
479.184470760591,-0.00691558237086571
479.306555976071,-0.00729701309135425
479.428641191552,-0.00744427951547456
479.550726407032,-0.00764258510392913
479.672811622513,-0.00749013410827082
479.794896837993,-0.00654584797652013
479.916982053473,-0.00572500826737603
480.039067268954,-0.00587821061481533
480.161152484434,-0.00608528556560089
480.283237699915,-0.00531776059257127
480.405322915395,-0.00429783700714107
480.527408130875,-0.00367323320086705
480.649493346356,-0.00284329908441109
480.771578561836,-0.00217087467245048
480.893663777317,-0.00229920070366117
481.015748992797,-0.00215789933231989
481.137834208277,-0.00176810413081264
481.259919423758,-0.00229706059398614
481.382004639238,-0.00251505883403638
481.504089854719,-0.00175137360902046
481.626175070199,-0.00168727043952637
481.748260285679,-0.00178176100158193
481.87034550116,-0.000982253494271712
481.99243071664,-0.000749879816513058
482.114515932121,-0.000782472344400612
482.236601147601,4.06050918209023e-05
482.358686363081,-9.10323301960745e-06
482.480771578562,-0.00113087876695245
482.602856794042,-0.00153061603944933
482.724942009523,-0.00172002758277273
482.847027225003,-0.00172586597367568
482.969112440483,-0.000433220299235929
483.091197655964,0.000437929686424719
483.213282871444,-0.000285847332302689
483.335368086925,-0.000595272965602213
483.457453302405,-0.000149606864403309
483.579538517886,-0.00037606580198012
483.701623733366,-0.000830854691373947
483.823708948846,-0.000801937284342272
483.945794164327,-0.000733462686780615
484.067879379807,-0.000638736529318606
484.189964595288,-0.000626606981446894
484.312049810768,-0.00133972871860305
484.434135026248,-0.00185950694762636
484.556220241729,-0.000766264036685241
484.678305457209,0.000457195431251951
484.80039067269,9.81336234450061e-05
484.92247588817,3.10966959736611e-05
485.04456110365,0.00150825189399988
485.166646319131,0.00256975228408694
485.288731534611,0.00270923276915904
485.410816750092,0.00292034255427948
485.532901965572,0.00271856468250188
485.654987181052,0.00241330367711406
485.777072396533,0.00298644372803743
485.899157612013,0.00340153610721403
486.021242827494,0.00289881673290286
486.143328042974,0.00230887041004025
486.265413258454,0.00237347447143472
486.387498473935,0.00356858724280447
486.509583689415,0.00490685554920476
486.631668904896,0.00482570475354747
486.753754120376,0.00458791497340253
486.875839335856,0.00529085185942507
486.997924551337,0.00527986838013313
487.120009766817,0.00448632811021984
487.242094982298,0.00407102432615287
487.364180197778,0.00352339620720814
487.486265413259,0.00336632749523908
487.608350628739,0.00437119463608507
487.730435844219,0.00489787685690337
487.8525210597,0.00475068646956788
487.97460627518,0.00555889388101387
488.096691490661,0.00621428582057875
488.218776706141,0.00516366285364556
488.340861921621,0.00417470902444027
488.462947137102,0.00484143008150565
488.585032352582,0.00573265377449407
488.707117568063,0.00576350853854421
488.829202783543,0.00631646862502787
488.951287999023,0.00790302363398473
489.073373214504,0.00887561862571651
489.195458429984,0.00880996051157258
489.317543645465,0.00851154513041371
489.439628860945,0.0076356948451934
489.561714076425,0.00620665323620118
489.683799291906,0.0053772665015958
489.805884507386,0.00551217883013626
489.927969722867,0.00607237725008709
490.050054938347,0.00620730286494715
490.172140153827,0.00573508313132807
490.294225369308,0.00556973026146677
490.416310584788,0.00525190696184168
490.538395800269,0.00393134065559488
490.660481015749,0.00340682804313372
490.782566231229,0.0043841546702556
490.90465144671,0.00491732966513697
491.02673666219,0.00511907607686704
491.148821877671,0.00585082931033853
491.270907093151,0.00607082848883316
491.392992308631,0.00586385059012413
491.515077524112,0.00601185093201281
491.637162739592,0.00608067877943075
491.759247955073,0.00610054906517417
491.881333170553,0.00619311587801512
492.003418386033,0.00634409127948254
492.125503601514,0.00706759906826373
492.247588816994,0.00745985800675503
492.369674032475,0.00690949654698099
492.491759247955,0.00700644997294667
492.613844463436,0.00751052758922982
492.735929678916,0.00741358550345801
492.858014894396,0.0083685037295911
492.980100109877,0.0101838806958532
493.102185325357,0.0104077875607255
493.224270540838,0.00945232701567204
493.346355756318,0.00878547328914949
493.468440971798,0.00850703940688468
493.590526187279,0.00853573309912238
493.712611402759,0.00819158801170038
493.83469661824,0.00746253558421589
493.95678183372,0.00739491949089148
494.0788670492,0.00729744941308231
494.200952264681,0.00645191899884659
494.323037480161,0.00599462405519338
494.445122695642,0.00633232056184244
494.567207911122,0.00705035663065051
494.689293126602,0.00735489423060461
494.811378342083,0.00614891211478299
494.933463557563,0.00464562502829262
495.055548773044,0.00419023195013427
495.177633988524,0.00359872939015638
495.299719204004,0.00322618761850839
495.421804419485,0.00392740633211874
495.543889634965,0.00415200074642741
495.665974850446,0.00478994711639042
495.788060065926,0.00730508962619843
495.910145281406,0.00841348514752489
496.032230496887,0.00677521575966791
496.154315712367,0.00546209423344485
496.276400927848,0.00497194159927571
496.398486143328,0.00451278053138014
496.520571358808,0.00477515079147899
496.642656574289,0.00503442157606609
496.764741789769,0.00482085626578791
496.88682700525,0.00511433554189986
497.00891222073,0.00522105917588479
497.13099743621,0.00429652239247506
497.253082651691,0.00336424932642655
497.375167867171,0.00343330691182218
497.497253082652,0.00480560964081363
497.619338298132,0.00641200928671458
497.741423513613,0.00645029594156927
497.863508729093,0.00569455212982128
497.985593944573,0.00575167639135643
498.107679160054,0.00559402333568013
498.229764375534,0.00450872207504792
498.351849591015,0.00365910534555112
498.473934806495,0.00298796876152446
498.596020021975,0.00171006271961381
498.718105237456,0.000585698897999529
498.840190452936,0.000498264025013368
498.962275668417,0.00090148538096758
499.084360883897,0.000878502133165705
499.206446099377,0.000466705797989814
499.328531314858,0.000503692649536007
499.450616530338,0.00126845324870979
499.572701745819,0.00183154084621359
499.694786961299,0.00150980012043091
499.816872176779,0.00100377670925078
499.93895739226,0.000916262816003437
500.06104260774,0.00086644880732946
500.183127823221,0.000845636938504558
500.305213038701,0.000836910531941945
500.427298254181,-2.47728947031846e-05
500.549383469662,-0.00136802723418152
500.671468685142,-0.00170606436491237
500.793553900623,-0.00131958362428079
500.915639116103,-0.00119489377454149
501.037724331583,-0.0010714151210991
501.159809547064,-0.00093401426981901
501.281894762544,-0.00138619609947459
501.403979978025,-0.00233367987864258
501.526065193505,-0.00303928920782224
501.648150408986,-0.00331540327279083
501.770235624466,-0.00430840741414459
501.892320839946,-0.00618332199511701
502.014406055427,-0.0067613941925468
502.136491270907,-0.00604785910249691
502.258576486388,-0.00649080411827428
502.380661701868,-0.00735338133511307
502.502746917348,-0.00708045687719578
502.624832132829,-0.00718247590138145
502.746917348309,-0.00785350130429039
502.86900256379,-0.00769990296641926
502.99108777927,-0.0073294589764328
503.11317299475,-0.00701832084829397
503.235258210231,-0.00630969962407854
503.357343425711,-0.00599111690636804
503.479428641192,-0.0060115543693249
503.601513856672,-0.00605736474848491
503.723599072152,-0.00695520281473196
503.845684287633,-0.00802990875267822
503.967769503113,-0.00831766012703706
504.089854718594,-0.00841165598071079
504.211939934074,-0.00805308449360874
504.334025149554,-0.00755287692227352
504.456110365035,-0.00823773161928078
504.578195580515,-0.00836597626171326
504.700280795996,-0.00649932728316602
504.822366011476,-0.00527886468325247
504.944451226956,-0.00546110184294779
505.066536442437,-0.00496893392048912
505.188621657917,-0.00444066487866278
505.310706873398,-0.00512478171391876
505.432792088878,-0.00555211591111713
505.554877304358,-0.0049725885172719
505.676962519839,-0.00487476843923836
505.799047735319,-0.00588946093088236
505.9211329508,-0.00685077580661785
506.04321816628,-0.0071280599704519
506.16530338176,-0.00732269063907782
506.287388597241,-0.00756761398536653
506.409473812721,-0.00767466275129179
506.531559028202,-0.00787303452771396
506.653644243682,-0.00780209737687965
506.775729459163,-0.00743967921346636
506.897814674643,-0.00766135628981684
507.019899890123,-0.00775939796359894
507.141985105604,-0.00676621366234425
507.264070321084,-0.00594163089516009
507.386155536565,-0.0057734712274434
507.508240752045,-0.00540311200330012
507.630325967525,-0.00534021642686599
507.752411183006,-0.00566755919179384
507.874496398486,-0.0054950261947285
507.996581613967,-0.00542654638181678
508.118666829447,-0.00568907121943309
508.240752044927,-0.00519560648314185
508.362837260408,-0.0044658574075711
508.484922475888,-0.00449845388109541
508.607007691369,-0.00456275453989262
508.729092906849,-0.00415529812461236
508.851178122329,-0.00376694573277756
508.97326333781,-0.00363695585555302
509.09534855329,-0.00398580467770006
509.217433768771,-0.00492359146062089
509.339518984251,-0.00578788680287188
509.461604199731,-0.00613083988626693
509.583689415212,-0.00632317713993247
509.705774630692,-0.00606906836480581
509.827859846173,-0.00469664549027505
509.949945061653,-0.00355856048354936
510.072030277133,-0.00410261037350954
510.194115492614,-0.00465619122308031
510.316200708094,-0.00414213267472714
510.438285923575,-0.00449450448318792
510.560371139055,-0.00584443267166014
510.682456354536,-0.00647238540370095
510.804541570016,-0.00675814534499063
510.926626785496,-0.00702861510671499
511.048712000977,-0.00670292556104003
511.170797216457,-0.00677474216458242
511.292882431937,-0.00728045207703316
511.414967647418,-0.00668878399366117
511.537052862898,-0.00567790544031527
511.659138078379,-0.00534705503602883
511.781223293859,-0.00514494796371396
511.90330850934,-0.00541421164476396
512.02539372482,-0.00633508689006805
512.1474789403,-0.00673972355602833
512.269564155781,-0.00696330270358254
512.391649371261,-0.00779773971627525
512.513734586742,-0.00833673454829488
512.635819802222,-0.00809785315299522
512.757905017702,-0.00712698156577239
512.879990233183,-0.00512755578139035
513.002075448663,-0.00310648630382614
513.124160664144,-0.00190745393428663
513.246245879624,-0.000509015293723336
513.368331095104,0.000917068285607102
513.490416310585,0.00102773634231049
513.612501526065,0.000681501628608268
513.734586741546,0.00103044083757911
513.856671957026,0.00107409491297779
513.978757172506,0.000504986699287399
514.100842387987,0.000541868309538609
514.222927603467,0.000944384049337444
514.345012818948,0.000495835324336368
514.467098034428,-0.000361864197762002
514.589183249909,-0.000604251816658874
514.711268465389,-0.000611666143141515
514.833353680869,-0.00100754850532591
514.95543889635,-0.00132840330318822
515.07752411183,-0.0010879796207421
515.19960932731,-0.000831339148089606
515.321694542791,-0.00128779770934694
515.443779758271,-0.00212812507749415
515.565864973752,-0.00243525893604809
515.687950189232,-0.00209406012344323
515.810035404713,-0.00155521014277606
515.932120620193,-0.000814781539802557
516.054205835673,-1.09580346298736e-05
516.176291051154,8.47389441727608e-05
516.298376266634,-0.000613019436291454
516.420461482114,-0.0010358992585791
516.542546697595,-0.000557345344945982
516.664631913075,0.000146054214666183
516.786717128556,0.000327313797884221
516.908802344036,0.000176460530590758
517.030887559517,-5.34470322802984e-05
517.152972774997,-0.000518236064508017
517.275057990477,-0.000854045994242923
517.397143205958,-0.000949000715171645
517.519228421438,-0.00191400408280736
517.641313636919,-0.00349168640258562
517.763398852399,-0.00351274328943429
517.885484067879,-0.00219061627632597
518.00756928336,-0.00179550315034907
518.12965449884,-0.00200188296905692
518.251739714321,-0.00137204131662138
518.373824929801,-0.000666112059058584
518.495910145281,-0.000574507742295954
518.617995360762,-0.000638781533208976
518.740080576242,-0.000950470059128782
518.862165791723,-0.00107687309082382
518.984251007203,-0.00019755987569205
519.106336222684,0.000556632195402979
519.228421438164,6.79035649113069e-05
519.350506653644,-0.000494672335999365
519.472591869125,-0.000296189879730186
519.594677084605,-0.000167068213532715
519.716762300086,-0.000608136610838025
519.838847515566,-0.00106566648097737
519.960932731046,-0.000661548648692051
520.083017946527,0.000630513188428204
520.205103162007,0.0015661584459981
520.327188377488,0.00161504151908876
520.449273592968,0.00166538529787363
520.571358808448,0.00183571849307481
520.693444023929,0.00146523420681174
520.815529239409,0.000908470936432269
520.93761445489,0.00076617974822523
521.05969967037,0.000653472638586404
521.18178488585,0.000236971941905809
521.303870101331,0.000159625456235893
521.425955316811,0.000962612558436458
521.548040532292,0.00194750743872855
521.670125747772,0.00221019943574461
521.792210963252,0.00209746380870379
521.914296178733,0.00251274190094476
522.036381394213,0.00348151460014212
522.158466609694,0.0040685399980021
522.280551825174,0.00383059669031097
522.402637040654,0.00392538309328387
522.524722256135,0.00497098056317331
522.646807471615,0.00526124503531864
522.768892687096,0.00405694394578818
522.890977902576,0.00327775418006193
523.013063118056,0.00390200198592711
523.135148333537,0.00483867311123108
523.257233549017,0.00499035227748061
523.379318764498,0.0043164450157599
523.501403979978,0.00437929354754874
523.623489195458,0.00592885471720689
523.745574410939,0.00652982050118739
523.867659626419,0.0051682490983818
523.9897448419,0.00436540159785342
524.11183005738,0.00451115247710327
524.233915272861,0.00390128955041792
524.356000488341,0.00333059218810075
524.478085703821,0.00391958786469574
524.600170919302,0.0047282351485441
524.722256134782,0.00503122177123806
524.844341350263,0.0048926890751798
524.966426565743,0.0044710500908414
525.088511781223,0.00407161747182432
525.210596996704,0.00385943871474195
525.332682212184,0.0041991029129629
525.454767427665,0.00522217626450817
525.576852643145,0.00598984683737856
525.698937858625,0.00597715152278733
525.821023074106,0.00575181239307594
525.943108289586,0.00593763014093627
526.065193505067,0.00689143718908005
526.187278720547,0.00776285683083792
526.309363936027,0.00740485193256292
526.431449151508,0.00703902963778444
526.553534366988,0.00770701935036527
526.675619582469,0.00787730657210408
526.797704797949,0.00730929474411605
526.919790013429,0.00722477131170804
527.04187522891,0.0067852646667488
527.16396044439,0.00527782145622664
527.286045659871,0.00391694688244045
527.408130875351,0.0031649353697518
527.530216090831,0.00283265867082161
527.652301306312,0.00332470670285061
527.774386521792,0.00418265925250334
527.896471737273,0.00418475753943981
528.018556952753,0.0033029979808409
528.140642168233,0.00257441148166561
528.262727383714,0.00238188679525814
528.384812599194,0.00229922674949971
528.506897814675,0.00238216032751875
528.628983030155,0.0027789364442975
528.751068245636,0.00297637433080761
528.873153461116,0.00305196107364356
528.995238676596,0.00323815558464963
529.117323892077,0.00267120516314955
529.239409107557,0.00152239774922453
529.361494323038,0.00123105794024471
529.483579538518,0.00155607937418552
529.605664753998,0.00153845052831166
529.727749969479,0.00158609705213622
529.849835184959,0.0020736529542591
529.97192040044,0.00272133730973766
530.09400561592,0.00337048212280002
530.2160908314,0.00396765329248993
530.338176046881,0.00452639062338069
530.460261262361,0.00473171031790697
530.582346477842,0.00424914541778308
530.704431693322,0.00366192809498242
530.826516908802,0.00342496322845866
530.948602124283,0.00344292411658512
531.070687339763,0.00381002226179687
531.192772555244,0.00377110835849443
531.314857770724,0.00293014336948004
531.436942986204,0.00317342039330884
531.559028201685,0.00489084086815287
531.681113417165,0.00563600577266346
531.803198632646,0.00506949550901237
531.925283848126,0.00493836020722204
532.047369063606,0.00535879032595786
532.169454279087,0.00560167669329791
532.291539494567,0.0055022574672824
532.413624710048,0.00530342530513193
532.535709925528,0.00571379053335694
532.657795141008,0.00672724030276681
532.779880356489,0.0072746399831178
532.901965571969,0.00674744643926103
533.02405078745,0.0055367386955004
533.14613600293,0.005007041529196
533.26822121841,0.00619380750875762
533.390306433891,0.00775939359320134
533.512391649371,0.00813886082311112
533.634476864852,0.00808891310571165
533.756562080332,0.00829413711472419
533.878647295813,0.00824312156443728
534.000732511293,0.00807785710498977
534.122817726773,0.00803733886078853
534.244902942254,0.00776773359108541
534.366988157734,0.0075583367251502
534.489073373215,0.00792062243675562
534.611158588695,0.00831326975191506
534.733243804175,0.00791303997778468
534.855329019656,0.00705170243070359
534.977414235136,0.00668266478467502
535.099499450617,0.00666155586802251
535.221584666097,0.00624510263687419
535.343669881577,0.00553748272110449
535.465755097058,0.00457226039702768
535.587840312538,0.00319976701481764
535.709925528019,0.00239219037688045
535.832010743499,0.00257062182340074
535.954095958979,0.00258564147480337
536.07618117446,0.00224229216695329
536.19826638994,0.00219737520277118
536.320351605421,0.00216256970073307
536.442436820901,0.00217785212357696
536.564522036381,0.0025628850144911
536.686607251862,0.00233355287677536
536.808692467342,0.00124746118768016
536.930777682823,0.000982860587938163
537.052862898303,0.0020622216611185
537.174948113783,0.00311062707575921
537.297033329264,0.00343949430052589
537.419118544744,0.00351885977471724
537.541203760225,0.00372012429902809
537.663288975705,0.00396248246716443
537.785374191185,0.00387801052382499
537.907459406666,0.00316530071877178
538.029544622146,0.00200509698412474
538.151629837627,0.00113135522224045
538.273715053107,0.0012853906593369
538.395800268587,0.00192742175344776
538.517885484068,0.00154979816058932
538.639970699548,0.000290027991971245
538.762055915029,-0.000346405029312341
538.884141130509,-0.000598818661166044
539.00622634599,-0.00162750454005877
539.12831156147,-0.00294443774523564
539.25039677695,-0.00370925006390691
539.372481992431,-0.00404354239521275
539.494567207911,-0.00408851947394773
539.616652423392,-0.00393904962975909
539.738737638872,-0.00392819773101309
539.860822854352,-0.00445807194428694
539.982908069833,-0.00549337412200178
540.104993285313,-0.00589711015264038
540.227078500794,-0.00547643254882731
540.349163716274,-0.00593465774589536
540.471248931754,-0.00674605148685314
540.593334147235,-0.00597376525881286
540.715419362715,-0.00525415101556637
540.837504578196,-0.00570721773595404
540.959589793676,-0.00475036390265889
541.081675009157,-0.00262917649368584
541.203760224637,-0.00193262907000804
541.325845440117,-0.00179749511180787
541.447930655598,-0.00132547396325238
541.570015871078,-0.00131241800827794
541.692101086558,-0.000645499447662779
541.814186302039,0.000751209874951556
541.936271517519,0.00071786530823217
542.058356733,-0.000152897469418174
542.18044194848,-0.000238553749374635
542.302527163961,-0.00027882778370672
542.424612379441,-0.000325367999687398
542.546697594921,0.000133209497591373
542.668782810402,-6.56445861815619e-05
542.790868025882,-0.000683211607804504
542.912953241362,8.14344230535753e-05
543.035038456843,0.00116143542135061
543.157123672323,0.000513603471071449
543.279208887804,-0.000461649557079282
543.401294103284,-0.000292829526808665
543.523379318765,-0.000633941282399102
543.645464534245,-0.0016326159330426
543.767549749725,-0.000961763739028124
543.889634965206,0.000659598254253273
544.011720180686,0.00075577250889709
544.133805396167,-9.77748345302725e-05
544.255890611647,-0.000564175490258363
544.377975827127,-0.000652822766851029
544.500061042608,-0.000346515986415459
544.622146258088,-0.000204351187108631
544.744231473569,-0.000437096133433386
544.866316689049,-0.000192327349049383
544.988401904529,-0.000399659979172682
545.11048712001,-0.00172800597589766
545.23257233549,-0.00208818972437199
545.354657550971,-0.00168739171714552
545.476742766451,-0.00261525766938708
545.598827981931,-0.00336197050743592
545.720913197412,-0.00270340187056549
545.842998412892,-0.00276681030323182
545.965083628373,-0.00380150444629543
546.087168843853,-0.00405228816419524
546.209254059334,-0.00341039880111511
546.331339274814,-0.00250813737324271
546.453424490294,-0.00189646667641948
546.575509705775,-0.00197818185122547
546.697594921255,-0.00213595997642439
546.819680136735,-0.0019395783539772
546.941765352216,-0.00184959178943175
547.063850567696,-0.002031063579789
547.185935783177,-0.00209396822665623
547.308020998657,-0.00129082263771845
547.430106214138,0.000419209905994017
547.552191429618,0.00161416316944883
547.674276645098,0.001608213819251
547.796361860579,0.00104847001910845
547.918447076059,9.81591529800925e-05
548.040532291539,-0.000735654049992966
548.16261750702,-0.000543459113721716
548.2847027225,-4.26794881968407e-05
548.406787937981,-0.000124967877825971
548.528873153461,-0.000198380430033114
548.650958368942,6.20225081829885e-05
548.773043584422,0.000260880670596479
548.895128799902,0.000169184281847386
549.017214015383,-0.000388861988302773
549.139299230863,-0.00100159763946279
549.261384446344,-0.000673929651528306
549.383469661824,0.000480073897410827
549.505554877304,0.00111713928286493
549.627640092785,0.000788713149883408
549.749725308265,0.000490169452599184
549.871810523746,0.00055293348372752
549.993895739226,0.000283619288081333
550.115980954706,5.41273520765635e-05
550.238066170187,0.000577692479954743
550.360151385667,0.00116395638608155
550.482236601148,0.00143615417941944
550.604321816628,0.00174533370903667
550.726407032109,0.00157784276059397
550.848492247589,0.000989432029148832
550.970577463069,0.0009872711265878
551.09266267855,0.00114333136849137
551.21474789403,0.000400804307964035
551.336833109511,-0.00106966150240784
551.458918324991,-0.00244906847480025
551.581003540471,-0.00282136974846848
551.703088755952,-0.00219858772104602
551.825173971432,-0.00176594179943405
551.947259186912,-0.00161513567600162
552.069344402393,-0.0010185425558575
552.191429617873,-0.000360884965476502
552.313514833354,2.76770810691786e-05
552.435600048834,0.000292854191773216
552.557685264315,0.000362744982905436
552.679770479795,0.000871757744990863
552.801855695275,0.0017180812313105
552.923940910756,0.00117065833983487
553.046026126236,-0.000338290950111409
553.168111341716,-0.000619012399439039
553.290196557197,-5.23250633094619e-05
553.412281772677,0.000348060824472596
553.534366988158,0.00126713748660085
553.656452203638,0.00220758551112818
553.778537419119,0.00206125008480068
553.900622634599,0.00168168610360953
554.022707850079,0.00159816766167873
554.14479306556,0.00111857562744278
554.26687828104,0.000580165418319192
554.388963496521,0.000396177426166803
554.511048712001,7.30573313709537e-05
554.633133927481,-0.000263893189222573
554.755219142962,-0.000460644175921142
554.877304358442,-0.000745852476462957
554.999389573923,-0.000370477249057094
555.121474789403,0.00071958300673924
555.243560004883,0.00104243245900753
555.365645220364,0.000782248739203831
555.487730435844,0.00124326704669547
555.609815651325,0.00187883947250557
555.731900866805,0.00210300038816733
555.853986082286,0.00260485831750519
555.976071297766,0.00331074411623026
556.098156513246,0.00356006970447733
556.220241728727,0.00333297190160661
556.342326944207,0.00302046580664445
556.464412159688,0.00302651620193481
556.586497375168,0.00306914239799118
556.708582590648,0.00283445739647933
556.830667806129,0.0029574841801038
556.952753021609,0.00321203040614366
557.07483823709,0.00281117385976411
557.19692345257,0.00258106380695313
557.31900866805,0.00254065434851748
557.441093883531,0.00131944425977345
557.563179099011,-0.000287448462615572
557.685264314492,-0.00117233606314695
557.807349529972,-0.00226771292951706
557.929434745452,-0.00359291660236606
558.051519960933,-0.00446326354845024
558.173605176413,-0.00509935394263654
558.295690391894,-0.00512128804570087
558.417775607374,-0.00480439222131975
558.539860822854,-0.00546411591328514
558.661946038335,-0.00638995373901981
558.784031253815,-0.00665460168653677
558.906116469296,-0.00718485027061693
559.028201684776,-0.0078159535823618
559.150286900256,-0.00775916388992486
559.272372115737,-0.00745899436789795
559.394457331217,-0.00676885373832484
559.516542546698,-0.00578703097910279
559.638627762178,-0.00599999101738309
559.760712977658,-0.00726532814784234
559.882798193139,-0.00786712436576701
560.004883408619,-0.00736886607017675
560.1269686241,-0.00629127161981702
560.24905383958,-0.00542406684569186
560.37113905506,-0.00562116956491429
560.493224270541,-0.00629405133156191
560.615309486021,-0.00605736974110747
560.737394701502,-0.00518040969394925
560.859479916982,-0.00490153959441953
560.981565132463,-0.00505594332168817
561.103650347943,-0.00488384600585924
561.225735563423,-0.00476585831633942
561.347820778904,-0.00477756774284515
561.469905994384,-0.0043913570955677
561.591991209865,-0.00457749600189462
561.714076425345,-0.00566772503050909
561.836161640825,-0.00561566447186066
561.958246856306,-0.00443967868986732
562.080332071786,-0.00427304078381723
562.202417287267,-0.00470252816850341
562.324502502747,-0.0046948938517999
562.446587718227,-0.00486711477876577
562.568672933708,-0.00495015287478026
562.690758149188,-0.00463221551668122
562.812843364669,-0.00487943230089549
562.934928580149,-0.00573913947958438
563.057013795629,-0.00633347450026525
563.17909901111,-0.00598974112042788
563.30118422659,-0.00495507333187974
563.423269442071,-0.00495415010074114
563.545354657551,-0.00602495195892392
563.667439873031,-0.00619452876029744
563.789525088512,-0.00615626753587511
563.911610303992,-0.00693961757444659
564.033695519473,-0.00669231313207468
564.155780734953,-0.00547319290625141
564.277865950433,-0.00495791978011755
564.399951165914,-0.00455503617263053
564.522036381394,-0.00435235617495302
564.644121596875,-0.00494180720560634
564.766206812355,-0.00495827294686384
564.888292027835,-0.0046919381455766
565.010377243316,-0.00539266840374872
565.132462458796,-0.00592787464462314
565.254547674277,-0.00592515534744732
565.376632889757,-0.00578521394224997
565.498718105238,-0.00496719095812127
565.620803320718,-0.00499729039117306
565.742888536198,-0.00668839196936145
565.864973751679,-0.00735851519220672
565.987058967159,-0.00679697274655617
566.10914418264,-0.00654828150582382
566.23122939812,-0.00546061280089684
566.3533146136,-0.00416523575235652
566.475399829081,-0.00450306107942302
566.597485044561,-0.00464391624843458
566.719570260042,-0.00387430849193122
566.841655475522,-0.00387085323649854
566.963740691002,-0.00398372301420257
567.085825906483,-0.00437952232704087
567.207911121963,-0.00627745820196451
567.329996337444,-0.00715908157706002
567.452081552924,-0.00597219401297622
567.574166768404,-0.00596308187439605
567.696251983885,-0.00725163408608785
567.818337199365,-0.00754885529656097
567.940422414846,-0.00744484000199594
568.062507630326,-0.00768536372467128
568.184592845806,-0.00803612768127878
568.306678061287,-0.00873362560203682
568.428763276767,-0.00854063538500281
568.550848492248,-0.00657057808722357
568.672933707728,-0.00477645602151752
568.795018923208,-0.00398515411446066
568.917104138689,-0.00313335041274815
569.039189354169,-0.00263546528727266
569.16127456965,-0.00272237362028186
569.28335978513,-0.00224764081360764
569.40544500061,-0.00150544932314784
569.527530216091,-0.00146753055851961
569.649615431571,-0.00154839485716888
569.771700647052,-0.00120643613934934
569.893785862532,-0.000905188896372818
570.015871078012,-0.000593828322589396
570.137956293493,0.000330142845142917
570.260041508973,0.00163643818059276
570.382126724454,0.00234861964079622
570.504211939934,0.00214948442850554
570.626297155415,0.00166354658134621
570.748382370895,0.00143140581296529
570.870467586375,0.00147177555891979
570.992552801856,0.00147930842477546
571.114638017336,0.00106432338562833
571.236723232817,0.000179101918955631
571.358808448297,-0.000803818775404557
571.480893663777,-0.00128603393210442
571.602978879258,-0.000995683144971588
571.725064094738,-0.000798082716907138
571.847149310219,-0.00132519022560048
571.969234525699,-0.00136620737092294
572.091319741179,-0.000328078790319449
572.21340495666,0.000350556561266094
572.33549017214,0.000322832539923266
572.457575387621,0.000755109934509579
572.579660603101,0.00155984794262505
572.701745818581,0.00177589361343887
572.823831034062,0.001483251748203
572.945916249542,0.00171869463611644
573.068001465023,0.0027850143404472
573.190086680503,0.00327676861718893
573.312171895983,0.00258998192406014
573.434257111464,0.0022249088884266
573.556342326944,0.00232088143980212
573.678427542425,0.00189640473875562
573.800512757905,0.00218065930328324
573.922597973385,0.00379728002078281
574.044683188866,0.0049129433291159
574.166768404346,0.00524207272474291
574.288853619827,0.00576667816264176
574.410938835307,0.00599686018705208
574.533024050787,0.00558068580331408
574.655109266268,0.00479673320176068
574.777194481748,0.00376357336953129
574.899279697229,0.00337644026698044
575.021364912709,0.00384289496514132
575.143450128189,0.00382254941523348
575.26553534367,0.00339928269678809
575.38762055915,0.00370925039429505
575.509705774631,0.00409831548159968
575.631790990111,0.00363061216640184
575.753876205592,0.00302696495246771
575.875961421072,0.0032516303122478
575.998046636552,0.00436022479387688
576.120131852033,0.00570305960200133
576.242217067513,0.00628089969451874
576.364302282994,0.00569362854991956
576.486387498474,0.00483141087303456
576.608472713954,0.00457305385526247
576.730557929435,0.00444875243115212
576.852643144915,0.0040657445525156
576.974728360396,0.00409037081967537
577.096813575876,0.00443246792557504
577.218898791356,0.00407978656405577
577.340984006837,0.00275010855926385
577.463069222317,0.000939979256289675
577.585154437798,-0.000183782154015759
577.707239653278,1.72522085665554e-05
577.829324868758,-0.000130464967958954
577.951410084239,-0.00151737576424443
578.073495299719,-0.00229232170123692
578.1955805152,-0.00228975066869529
578.31766573068,-0.00304077516779734
578.43975094616,-0.00386060560799988
578.561836161641,-0.00383309641805449
578.683921377121,-0.0033390797225932
578.806006592602,-0.0024046449159589
578.928091808082,-0.00181293678673876
579.050177023563,-0.00224212596727428
579.172262239043,-0.00236723648334325
579.294347454523,-0.0017718705560051
579.416432670004,-0.00124048207699755
579.538517885484,-0.000526089657873079
579.660603100964,-0.000105143424044239
579.782688316445,-0.000441316243829639
579.904773531925,-0.000371573150410022
580.026858747406,-0.000459507977520516
580.148943962886,-0.00172791552472574
580.271029178367,-0.00215115313961145
580.393114393847,-0.00115405998310437
580.515199609327,-0.000981572310115046
580.637284824808,-0.00149684607323328
580.759370040288,-0.00127465816671319
580.881455255769,-0.000666814746354825
581.003540471249,-3.17245094407204e-05
581.125625686729,0.000410610579267263
581.24771090221,0.000272345186118061
581.36979611769,0.000444415569054901
581.491881333171,0.00132549284389495
581.613966548651,0.00166315203564754
581.736051764131,0.001483432554659
581.858136979612,0.00203587719823083
581.980222195092,0.00280161934074116
582.102307410573,0.00252102318998821
582.224392626053,0.00178777838686962
582.346477841533,0.00155859380824127
582.468563057014,0.00116741208718848
582.590648272494,0.000297466263010397
582.712733487975,4.03583568919055e-06
582.834818703455,0.000141581314821202
582.956903918936,-0.000402938264331525
583.078989134416,-0.00114161935913856
583.201074349896,-0.00127811263362768
583.323159565377,-0.0012417025571969
583.445244780857,-0.00127505253731272
583.567329996337,-0.0014205833157337
583.689415211818,-0.00192532196183914
583.811500427298,-0.00231761485065223
583.933585642779,-0.0023865844293476
584.055670858259,-0.00285754575962151
584.17775607374,-0.00362645130824399
584.29984128922,-0.00390267413737253
584.4219265047,-0.00353213088626776
584.544011720181,-0.00250320957461765
584.666096935661,-0.00133315818080132
584.788182151141,-0.00146776664953685
584.910267366622,-0.00298661674797635
585.032352582102,-0.00411727671524126
585.154437797583,-0.00404822033162451
585.276523013063,-0.00344666966046563
585.398608228544,-0.00276079499165653
585.520693444024,-0.00220527268885924
585.642778659504,-0.00187713537866011
585.764863874985,-0.00120205910509406
585.886949090465,-6.96883311805045e-05
586.009034305946,0.000528552680515709
586.131119521426,0.00027098520670985
586.253204736906,-0.000169149231078603
586.375289952387,-0.000495602010709664
586.497375167867,-0.00049185866861538
586.619460383348,0.000188040364134075
586.741545598828,0.0010708814239708
586.863630814308,0.00145083728070131
586.985716029789,0.00122226099321321
587.107801245269,0.000450674740762004
587.22988646075,-0.000252334424010843
587.35197167623,0.000161703634882598
587.474056891711,0.00140708318129383
587.596142107191,0.00218368749986217
587.718227322671,0.00238969193204388
587.840312538152,0.00287115026819134
587.962397753632,0.00360828953715654
588.084482969113,0.00373928891373547
588.206568184593,0.00297442910228779
588.328653400073,0.00219276384288476
588.450738615554,0.00227813461044372
588.572823831034,0.00271657941533993
588.694909046515,0.00245943818787653
588.816994261995,0.00174133514194192
588.939079477475,0.00149792737781406
589.061164692956,0.00175089648904263
589.183249908436,0.00193270697949008
589.305335123917,0.00179909357142021
589.427420339397,0.00151508692671148
589.549505554877,0.00160048872908842
589.671590770358,0.00227520726303756
589.793675985838,0.00309203931944259
589.915761201318,0.00399436967777688
590.037846416799,0.00520360720379851
590.159931632279,0.00617738585339821
590.28201684776,0.0065172525964652
590.40410206324,0.00636738421044299
590.526187278721,0.00552002987770624
590.648272494201,0.00433191456704146
590.770357709681,0.00391957626034685
590.892442925162,0.0042054477073845
591.014528140642,0.0040382037798787
591.136613356123,0.00295142233329132
591.258698571603,0.0017221475034491
591.380783787083,0.00146428081153642
591.502869002564,0.00195409734952583
591.624954218044,0.00255380962425773
591.747039433525,0.00396402656274684
591.869124649005,0.00571365310227004
591.991209864485,0.0060474533146525
592.113295079966,0.00599030711324966
592.235380295446,0.00684242813071156
592.357465510927,0.00682288035680299
592.479550726407,0.00581431140785283
592.601635941888,0.00624610407637034
592.723721157368,0.00782470804806139
592.845806372848,0.00812051852116404
592.967891588329,0.00662089530049546
593.089976803809,0.00531954437192417
593.21206201929,0.00590671569381641
593.33414723477,0.00682689459949053
593.45623245025,0.00631273809018247
593.578317665731,0.00570403268557759
593.700402881211,0.00549013383075201
593.822488096692,0.00486516163094355
593.944573312172,0.00480719308431922
594.066658527652,0.00474045160497496
594.188743743133,0.00338950982728817
594.310828958613,0.00305063932335449
594.432914174094,0.00389805034740924
594.554999389574,0.00295695643715066
594.677084605054,0.00171040571211455
594.799169820535,0.00242931818606079
594.921255036015,0.00319294980901029
595.043340251496,0.00344045502902929
595.165425466976,0.00407465867674699
595.287510682456,0.00415963826030327
595.409595897937,0.00366995324361078
595.531681113417,0.00312101809928245
595.653766328898,0.00224848916433561
595.775851544378,0.00224250526080594
595.897936759858,0.0036762135515211
596.020021975339,0.00502949950767861
596.142107190819,0.00587507598360773
596.2641924063,0.00631272794394373
596.38627762178,0.0057639248510516
596.50836283726,0.00474092643915476
596.630448052741,0.00406165275091777
596.752533268221,0.00386160677460302
596.874618483702,0.00400896038194784
596.996703699182,0.00357285187211965
597.118788914662,0.00232214286847922
597.240874130143,0.00154941907139053
597.362959345623,0.00148663361981972
597.485044561104,0.00146610007161523
597.607129776584,0.00151732848043237
597.729214992065,0.00139123737738698
597.851300207545,0.000898731864736893
597.973385423025,0.000724916047619706
598.095470638506,0.00110139390831559
598.217555853986,0.00132815971611761
598.339641069467,0.000763480459571249
598.461726284947,-8.29306562425011e-05
598.583811500427,-0.000105248946107408
598.705896715908,0.000102834884218843
598.827981931388,-0.000595965462898076
598.950067146869,-0.00115056609476427
599.072152362349,-0.000533899958964504
599.194237577829,0.000409955411797252
599.31632279331,0.00111112737779314
599.43840800879,0.0017024254383154
599.560493224271,0.00212757559952107
599.682578439751,0.00223538708357784
599.804663655231,0.0018453795393768
599.926748870712,0.00149825735031672
600.048834086192,0.00189983558012273
600.170919301673,0.00227422792577687
600.293004517153,0.00179162244218239
600.415089732633,0.000942132616883903
600.537174948114,0.000553451492728067
600.659260163594,0.00122126243694099
600.781345379075,0.00211302813685973
600.903430594555,0.00165685621786864
601.025515810035,0.000744186926755779
601.147601025516,0.000647947290240735
601.269686240996,0.000155302312121594
601.391771456477,-0.0011331163723548
601.513856671957,-0.00231832879793376
601.635941887437,-0.0035597972448891
601.758027102918,-0.00427966308270852
601.880112318398,-0.00367961046455001
602.002197533879,-0.00301086716635929
602.124282749359,-0.00290031074172578
602.24636796484,-0.00246588256141136
602.36845318032,-0.00194453725659821
602.4905383958,-0.00220004256453648
602.612623611281,-0.00326826907317398
602.734708826761,-0.00449046418742065
602.856794042242,-0.00500924123180843
602.978879257722,-0.0044661110059153
603.100964473202,-0.00284470093075521
603.223049688683,-0.000894050942285107
603.345134904163,-0.000271622754678549
603.467220119644,-0.000738696419311461
603.589305335124,-0.000698955115095253
603.711390550604,-0.000573140942283368
603.833475766085,-0.000615274027859896
603.955560981565,2.29566779099959e-05
604.077646197046,0.000242025448700955
604.199731412526,-0.000408485513348658
604.321816628006,-0.000137127776638524
604.443901843487,0.00091337281249831
604.565987058967,0.00171715739094108
604.688072274448,0.00266810226659881
604.810157489928,0.00303145922787087
604.932242705408,0.00215876068925193
605.054327920889,0.00147286145450546
605.176413136369,0.0014881363719902
605.29849835185,0.00143319726374766
605.42058356733,0.00116434705034874
605.54266878281,0.000699175183734171
605.664753998291,0.000230306803319491
605.786839213771,3.34323711409637e-05
605.908924429252,-0.000135472729615258
606.031009644732,-0.000209024316751176
606.153094860212,-5.93874560481439e-05
606.275180075693,5.60687141315921e-06
606.397265291173,9.54956288015146e-05
606.519350506654,0.000158424726756389
606.641435722134,-5.79662442882254e-05
606.763520937614,4.6985691808699e-05
606.885606153095,0.000553054232443666
607.007691368575,0.000663743955182281
607.129776584056,0.000444004568167784
607.251861799536,0.000164580182263147
607.373947015017,-0.000308155859774989
607.496032230497,-0.000524636703840865
607.618117445977,-0.000183839207250242
607.740202661458,0.000177023190750308
607.862287876938,0.000223517621047523
607.984373092419,0.000325918850330548
608.106458307899,0.000859902804357396
608.228543523379,0.00141194099057423
608.35062873886,0.00147278149991658
608.47271395434,0.00134786633229124
608.594799169821,0.00124902826176027
608.716884385301,0.00121977483398912
608.838969600781,0.00149051889825815
608.961054816262,0.00141618677290649
609.083140031742,0.000684429621196858
609.205225247223,0.000235777701290836
609.327310462703,-3.25454041389349e-05
609.449395678183,-0.000371794551921424
609.571480893664,-9.83733403300467e-05
609.693566109144,-0.000167057752475811
609.815651324625,-0.000999262141556554
609.937736540105,-0.00064152652220422
610.059821755585,0.000393602899403641
610.181906971066,0.000221338179386741
610.303992186546,-8.90623840445314e-05
610.426077402027,0.000131445835722018
610.548162617507,0.000128187682106209
610.670247832987,0.000120329430764912
610.792333048468,-0.000343970166887628
610.914418263948,-0.00121807730499052
611.036503479429,-0.00117631940046559
611.158588694909,-0.00156828572579389
611.280673910389,-0.00350658742554222
611.40275912587,-0.00452721143176937
611.52484434135,-0.00436173455132781
611.646929556831,-0.00510633572926504
611.769014772311,-0.00611893520725051
611.891099987791,-0.00625906646495491
612.013185203272,-0.00592037696690281
612.135270418752,-0.00556565788406035
612.257355634233,-0.00590477870419898
612.379440849713,-0.006606238222135
612.501526065194,-0.00667496936943603
612.623611280674,-0.00689641203229297
612.745696496154,-0.00704048317862457
612.867781711635,-0.00560319642354406
612.989866927115,-0.00424531037739411
613.111952142596,-0.004516052914685
613.234037358076,-0.00462771979558184
613.356122573556,-0.00445478835752562
613.478207789037,-0.00504266285578123
613.600293004517,-0.00480544661986994
613.722378219998,-0.00375944267560697
613.844463435478,-0.00435157949538652
613.966548650958,-0.00557712129021416
614.088633866439,-0.00500834199777352
614.210719081919,-0.00399916658388034
614.3328042974,-0.00439974724114276
614.45488951288,-0.00545028166879576
614.57697472836,-0.00620059164705695
614.699059943841,-0.00618151666408006
614.821145159321,-0.00545507301365563
614.943230374802,-0.00547346985685019
615.065315590282,-0.0062552161301093
615.187400805762,-0.00598548218255323
615.309486021243,-0.005291535209859
615.431571236723,-0.00548322949519708
615.553656452204,-0.00535953247525607
615.675741667684,-0.0048028437986701
615.797826883164,-0.00482566891863962
615.919912098645,-0.00469035856960925
616.041997314125,-0.00459827981541575
616.164082529606,-0.00521219943476286
616.286167745086,-0.0051937149945812
616.408252960566,-0.0048046348341415
616.530338176047,-0.00498717179225485
616.652423391527,-0.00422395351870117
616.774508607008,-0.00326376371625336
616.896593822488,-0.00408087986573393
617.018679037969,-0.00453063902766473
617.140764253449,-0.00382762027395943
617.262849468929,-0.00427337152569027
617.38493468441,-0.00472361894992256
617.50701989989,-0.00374183774456568
617.629105115371,-0.00326976884612143
617.751190330851,-0.00348968583237762
617.873275546331,-0.00325795349418442
617.995360761812,-0.00332252772415321
618.117445977292,-0.00389577297179036
618.239531192773,-0.00456488452288954
618.361616408253,-0.00558879926421765
618.483701623733,-0.00650802164021575
618.605786839214,-0.0068121157226912
618.727872054694,-0.00670346025537696
618.849957270175,-0.00625419281185874
618.972042485655,-0.00577302920263088
619.094127701135,-0.00541652866840279
619.216212916616,-0.00502219778728926
619.338298132096,-0.00482335855264585
619.460383347577,-0.00427961474660177
619.582468563057,-0.00312730312457838
619.704553778538,-0.00299191815841551
619.826638994018,-0.00373285166546228
619.948724209498,-0.00342953477942396
620.070809424979,-0.00291886945963511
620.192894640459,-0.00328253141804771
620.314979855939,-0.00333021071090576
620.43706507142,-0.00331783983747811
620.5591502869,-0.00397759614195224
620.681235502381,-0.0040932544277268
620.803320717861,-0.00386550584779373
620.925405933342,-0.00454674465597418
621.047491148822,-0.0050563342728785
621.169576364302,-0.00432057279530062
621.291661579783,-0.00309964812670525
621.413746795263,-0.00226942280408264
621.535832010743,-0.00265644960226042
621.657917226224,-0.00397295804463698
621.780002441704,-0.00420411699354738
621.902087657185,-0.00333833137378314
622.024172872665,-0.0034783689552339
622.146258088146,-0.00435287682755904
622.268343303626,-0.00437689895525102
622.390428519106,-0.00387200406317245
622.512513734587,-0.00354375242270186
622.634598950067,-0.0035238432949209
622.756684165548,-0.0038794689310842
622.878769381028,-0.00371743069419802
623.000854596508,-0.00244039855975124
623.122939811989,-0.00120641440199203
623.245025027469,-0.000852234008674611
623.36711024295,-0.00100575733298465
623.48919545843,-0.00123056533302976
623.61128067391,-0.00129524502951402
623.733365889391,-0.00133306110023901
623.855451104871,-0.000951260143259445
623.977536320352,0.000630524526449121
624.099621535832,0.00210185450163423
624.221706751313,0.00216376553681699
624.343791966793,0.00208529279619633
624.465877182273,0.00181285556249958
624.587962397754,0.000622720440023323
624.710047613234,0.000693890706708831
624.832132828715,0.00202734392294578
624.954218044195,0.00195962879775262
625.076303259675,0.00185551741530363
625.198388475156,0.00318476252810507
625.320473690636,0.0032215860788102
625.442558906117,0.00152345839754692
625.564644121597,0.000668075939567736
625.686729337077,0.00101437735702255
625.808814552558,0.00129439787878214
625.930899768038,0.000799609473359682
626.052984983519,0.000192411508974908
626.175070198999,0.000275818655820011
626.297155414479,-0.000259714015089752
626.41924062996,-0.00123152264764628
626.54132584544,7.00103228114377e-05
626.663411060921,0.00262595635239858
626.785496276401,0.00378207521688373
626.907581491881,0.00423372321179617
627.029666707362,0.00413572461634116
627.151751922842,0.00326552834092954
627.273837138323,0.00326268173823872
627.395922353803,0.00352164110686092
627.518007569283,0.00307643885067038
627.640092784764,0.00358479250877745
627.762178000244,0.00467687538571184
627.884263215725,0.00525863184430761
628.006348431205,0.00625988950512465
628.128433646685,0.00669961494678311
628.250518862166,0.00588873909809752
628.372604077646,0.00570716393397839
628.494689293127,0.00565651526773338
628.616774508607,0.00470648909947393
628.738859724087,0.00413928787228963
628.860944939568,0.00367967946191201
628.983030155048,0.00309965091640631
629.105115370529,0.00381962587912374
629.227200586009,0.00489314686707502
629.34928580149,0.00492920558231957
629.47137101697,0.00450181567435968
629.59345623245,0.00370504861007916
629.715541447931,0.00299144593532859
629.837626663411,0.00286968571003085
629.959711878892,0.00241189923549517
630.081797094372,0.00221897231690469
630.203882309852,0.00309125617806906
630.325967525333,0.0034914910823045
630.448052740813,0.00355881558682895
630.570137956294,0.00432083084479035
630.692223171774,0.00446459348793752
630.814308387254,0.00417861773872858
630.936393602735,0.0049199987755661
631.058478818215,0.00554585675794271
631.180564033696,0.00517516282000426
631.302649249176,0.00465974854860702
631.424734464656,0.00412652579067631
631.546819680137,0.00361888094816412
631.668904895617,0.00348283526701674
631.790990111098,0.00354144770498617
631.913075326578,0.00368228705183308
632.035160542058,0.00365491353967156
632.157245757539,0.00300301490949118
632.279330973019,0.00172537224844717
632.4014161885,0.000403440841348516
632.52350140398,0.000251027933673727
632.64558661946,0.00129419555728216
632.767671834941,0.00181975857741859
632.889757050421,0.00177527140662155
633.011842265902,0.0021444948267644
633.133927481382,0.00226736815759101
633.256012696862,0.002346809739769
633.378097912343,0.00315679147936996
633.500183127823,0.00338760599425558
633.622268343304,0.00278167304791136
633.744353558784,0.00260510705677905
633.866438774265,0.00237276441100467
633.988523989745,0.00205186272874533
634.110609205225,0.00283903801932325
634.232694420706,0.00392468107351396
634.354779636186,0.0042042190211393
634.476864851667,0.00453556895918591
634.598950067147,0.00550554201520632
634.721035282627,0.00651463680046335
634.843120498108,0.00707841538229724
634.965205713588,0.00739764465116047
635.087290929069,0.00760895681271044
635.209376144549,0.00712613076891064
635.331461360029,0.00620531405103795
635.45354657551,0.00612261771348397
635.57563179099,0.00649922252394052
635.697717006471,0.00602045319188752
635.819802221951,0.00505497328688488
635.941887437431,0.004678056709389
636.063972652912,0.00496097267500258
636.186057868392,0.0051279345332055
636.308143083873,0.00487592153925682
636.430228299353,0.00475296351596565
636.552313514833,0.00423174115206538
636.674398730314,0.00273642528626571
636.796483945794,0.00215004122643178
636.918569161275,0.00321966280830486
637.040654376755,0.00385594868036045
637.162739592235,0.00354734760144462
637.284824807716,0.00298279291116239
637.406910023196,0.00208121630454792
637.528995238677,0.00164137684690695
637.651080454157,0.00151610401166548
637.773165669637,0.000344660155263198
637.895250885118,-0.00068195402509745
638.017336100598,-0.00041749059776792
638.139421316079,-0.000303236234161723
638.261506531559,-0.00057466038652634
638.383591747039,-0.000322349787260225
638.50567696252,0.000360374954930057
638.627762178,0.00118328047786793
638.749847393481,0.00133326127934499
638.871932608961,0.000801921389444971
638.994017824442,0.00119892272273641
639.116103039922,0.00200554220873808
639.238188255402,0.00192050517864491
639.360273470883,0.00215822138875445
639.482358686363,0.00243192111323177
639.604443901844,0.00106799042756184
639.726529117324,-0.000211026607096543
639.848614332804,0.000362860632808445
639.970699548285,0.00126182183438032
640.092784763765,0.00150612510795405
640.214869979246,0.00226457243517595
640.336955194726,0.00432334100924308
640.459040410206,0.00637804397633864
640.581125625687,0.00675374982697714
640.703210841167,0.00642402171591252
640.825296056648,0.00685181558460926
640.947381272128,0.00741986623503261
641.069466487608,0.00823852966987723
641.191551703089,0.00938516463464381
641.313636918569,0.00878215562141038
641.43572213405,0.00684433767490684
641.55780734953,0.00643596185426152
641.67989256501,0.00697042513333474
641.801977780491,0.00646661363284477
641.924062995971,0.00541622687906788
642.046148211452,0.00455507198010606
642.168233426932,0.00402156665599869
642.290318642412,0.00395883051208846
642.412403857893,0.00382435933501045
642.534489073373,0.00349076093122146
642.656574288854,0.00349286741019048
642.778659504334,0.00333965767918569
642.900744719814,0.00223800129671653
643.022829935295,0.000843937939098954
643.144915150775,0.000584764930549291
643.267000366256,0.00151234326294981
643.389085581736,0.0022573537349078
643.511170797216,0.00258087487665415
643.633256012697,0.00304110346439349
643.755341228177,0.00279085900562243
643.877426443658,0.00181966149850629
643.999511659138,0.00181768458016413
644.121596874619,0.00228523902113231
644.243682090099,0.00156827581134126
644.365767305579,0.000524948344225294
644.48785252106,8.36318800085663e-05
644.60993773654,-0.000502619278484339
644.732022952021,-0.000949734809008395
644.854108167501,-0.000346084376278511
644.976193382981,0.000526328971510815
645.098278598462,0.000607795465593185
645.220363813942,0.000512238182874845
645.342449029423,0.00115435385084357
645.464534244903,0.00189062067128313
645.586619460383,0.00159984050684373
645.708704675864,0.000701905149956707
645.830789891344,0.000631347816220933
645.952875106825,0.00178572136438002
646.074960322305,0.00291964661743406
646.197045537785,0.00281645915409346
646.319130753266,0.00199494293915925
646.441215968746,0.00155686700883953
646.563301184227,0.00143254539694245
646.685386399707,0.00119189605227751
646.807471615187,0.000896439746486288
646.929556830668,0.000852014391021701
647.051642046148,0.00137620851614317
647.173727261629,0.00185672399891013
647.295812477109,0.00157312588637151
647.417897692589,0.00154069998972095
647.53998290807,0.00201383927408069
647.66206812355,0.00142242682226265
647.784153339031,0.000556787239564289
647.906238554511,0.00128866117641381
648.028323769991,0.00216659833975221
648.150408985472,0.0019389710787668
648.272494200952,0.00210604253993284
648.394579416433,0.002717154796875
648.516664631913,0.00253407046870245
648.638749847394,0.0020184031409787
648.760835062874,0.00142664610496256
648.882920278354,0.000298957986419595
649.005005493835,-0.000422406996981338
649.127090709315,-0.000257396209812647
649.249175924796,-0.000411419404395519
649.371261140276,-0.000770403869100573
649.493346355756,-0.000337553010341301
649.615431571237,-3.58243614667428e-05
649.737516786717,-0.00046913117113079
649.859602002198,-0.000469185850049934
649.981687217678,-0.000209462577411471
650.103772433158,-0.000414045727374027
650.225857648639,-0.000144091494222136
650.347942864119,0.000368438876385631
650.4700280796,6.39048775437494e-05
650.59211329508,4.96188882152128e-05
650.71419851056,0.000543322235702352
650.836283726041,0.000228249028506621
650.958368941521,0.000113579745695297
651.080454157002,0.000979264855951036
651.202539372482,0.00142890280636001
651.324624587962,0.00155707227426533
651.446709803443,0.0016843829208722
651.568795018923,0.000873551871925995
651.690880234404,2.02887443186845e-05
651.812965449884,4.27821644529576e-05
651.935050665364,-2.47610862443063e-05
652.057135880845,-0.000178886146095024
652.179221096325,-0.000285951143463479
652.301306311806,-0.000692554047018739
652.423391527286,-0.000583365841334508
652.545476742766,-0.000614842188439493
652.667561958247,-0.0017104791069867
652.789647173727,-0.00160185115314861
652.911732389208,-0.000163187200837686
653.033817604688,-8.46387229762353e-06
653.155902820168,5.44771866067939e-05
653.277988035649,0.00130030759365413
653.400073251129,0.00173327050438174
653.52215846661,0.00165698374365199
653.64424368209,0.00217498603503394
653.766328897571,0.00211130573636359
653.888414113051,0.00200314319541893
654.010499328531,0.00274418404180407
654.132584544012,0.00301056151547677
654.254669759492,0.00274942202751737
654.376754974973,0.00250192246532112
654.498840190453,0.00177521773739366
654.620925405933,0.00130665013400357
654.743010621414,0.0012467416341779
654.865095836894,0.000472889463026539
654.987181052375,-0.00021795284868139
655.109266267855,-0.000237619274531796
655.231351483335,-0.000490874909447713
655.353436698816,-0.000406469240354758
655.475521914296,0.000113339403585822
655.597607129777,-0.000326925656635837
655.719692345257,-0.00119185886466065
655.841777560738,-0.00152427429184666
655.963862776218,-0.00185480547266686
656.085947991698,-0.00197737953681053
656.208033207179,-0.00157944837655955
656.330118422659,-0.00110129785528844
656.452203638139,-0.000448832180913495
656.57428885362,9.22779360822185e-05
656.6963740691,0.000302108111530638
656.818459284581,0.00122010459108122
656.940544500061,0.00257808787725596
657.062629715541,0.00278567712126948
657.184714931022,0.00174963897360861
657.306800146502,0.000142649216634617
657.428885361983,-0.00129839210162364
657.550970577463,-0.00171728245522458
657.673055792944,-0.00163615982397196
657.795141008424,-0.00149217605002025
657.917226223904,-0.000495815927146899
658.039311439385,0.000397801834103616
658.161396654865,-0.000397251407199858
658.283481870345,-0.00160218389194135
658.405567085826,-0.00151046933347726
658.527652301306,-0.000560632253839139
658.649737516787,0.000208685868357068
658.771822732267,0.000379359803606688
658.893907947748,0.000460622781400616
659.015993163228,0.000923641511012544
659.138078378708,0.000940675797767581
659.260163594189,0.000338787751657989
659.382248809669,0.000481433951183181
659.50433402515,0.00158238031327953
659.62641924063,0.00252557532860035
659.74850445611,0.00273465673161377
659.870589671591,0.00234000970265171
659.992674887071,0.00201192791816433
660.114760102552,0.0020347643595583
660.236845318032,0.00172273452794604
660.358930533512,0.00116797594104784
660.481015748993,0.000940828484943388
660.603100964473,0.000481957053761013
660.725186179954,-6.90779992506723e-05
660.847271395434,0.00027685417668052
660.969356610915,0.000666697140634543
661.091441826395,0.000113547858141768
661.213527041875,-0.000194913240110375
661.335612257356,0.000272363138808918
661.457697472836,0.000273846078607674
661.579782688317,-0.000329661410449767
661.701867903797,-0.00069073900708335
661.823953119277,-0.00107072215575572
661.946038334758,-0.0015290145952238
662.068123550238,-0.000892318463261194
662.190208765719,0.000684271948948509
662.312293981199,0.00161493511221543
662.434379196679,0.00196812307055732
662.55646441216,0.00266569440249447
662.67854962764,0.00329963023895793
662.800634843121,0.00356893397588295
662.922720058601,0.0037444666364944
663.044805274081,0.00396230901438215
663.166890489562,0.00488461827215489
663.288975705042,0.00600546684789726
663.411060920523,0.00556185273315297
663.533146136003,0.00461617043405449
663.655231351483,0.00499707589265242
663.777316566964,0.00513185689566077
663.899401782444,0.00422866768873764
664.021486997925,0.00370744717414511
664.143572213405,0.00286786645366794
664.265657428885,0.00119614303354952
664.387742644366,0.00076033218847957
664.509827859846,0.00196230947581829
664.631913075327,0.00316912512371349
664.753998290807,0.0036710117510659
664.876083506287,0.00352236296628892
664.998168721768,0.00314458640195833
665.120253937248,0.00256813602706923
665.242339152729,0.00139765009755045
665.364424368209,0.000804725897665913
665.486509583689,0.0013440878201026
665.60859479917,0.00118623291973494
665.73068001465,0.000515016033366797
665.852765230131,0.000653875917706197
665.974850445611,-3.13861692086459e-05
666.096935661092,-0.00157349891292856
666.219020876572,-0.00118275845146234
666.341106092052,9.21772614374451e-05
666.463191307533,-0.000386498943976901
666.585276523013,-0.00105644528325566
666.707361738494,-0.000574655465842145
666.829446953974,-0.000904658692801534
666.951532169454,-0.00250209455885584
667.073617384935,-0.00339355764830429
667.195702600415,-0.00312346314628322
667.317787815896,-0.00311973192969287
667.439873031376,-0.00407454570041236
667.561958246856,-0.0052407910078868
667.684043462337,-0.0058315846658707
667.806128677817,-0.00584866672184309
667.928213893298,-0.00565210736224194
668.050299108778,-0.00571274004367848
668.172384324258,-0.00646102792613495
668.294469539739,-0.00742887665111785
668.416554755219,-0.00730467748385746
668.5386399707,-0.00587532349234199
668.66072518618,-0.00467251104516903
668.78281040166,-0.00459884856370287
668.904895617141,-0.00474924689731141
669.026980832621,-0.00431598670613876
669.149066048102,-0.00362313855812186
669.271151263582,-0.0034825468530501
669.393236479062,-0.00449677874998456
669.515321694543,-0.00591740816270725
669.637406910023,-0.0063460950264287
669.759492125504,-0.00620670845263597
669.881577340984,-0.00663802054335478
670.003662556464,-0.00721407565112102
670.125747771945,-0.00755853113139329
670.247832987425,-0.00818230963304859
670.369918202906,-0.00874921662436887
670.492003418386,-0.00842153794549124
670.614088633867,-0.00713255767525432
670.736173849347,-0.00554581727711879
670.858259064827,-0.00464872449280692
670.980344280308,-0.00453936383419951
671.102429495788,-0.00413741054235939
671.224514711269,-0.00310645097766625
671.346599926749,-0.00217745765038059
671.468685142229,-0.0015984804633832
671.59077035771,-0.00126740660022252
671.71285557319,-0.00146641730084266
671.834940788671,-0.00209568971058177
671.957026004151,-0.00242516442425313
672.079111219631,-0.00250217712156655
672.201196435112,-0.0029902235173803
672.323281650592,-0.00324299434489108
672.445366866073,-0.00255962270104395
672.567452081553,-0.00218980169074544
672.689537297033,-0.0026801108634272
672.811622512514,-0.00277676390165556
672.933707727994,-0.00236758588728253
673.055792943475,-0.00183510716238292
673.177878158955,-0.000620527752577656
673.299963374435,0.000824766302356108
673.422048589916,0.00157829255169819
673.544133805396,0.00185073440918172
673.666219020877,0.00211418674676216
673.788304236357,0.00266554282339162
673.910389451837,0.00256446199768205
674.032474667318,0.000631115205926055
674.154559882798,-0.000929113018561514
674.276645098279,-0.000581567248745228
674.398730313759,-0.00120282018643445
674.520815529239,-0.00286282973051825
674.64290074472,-0.00270380115464762
674.7649859602,-0.00208417282724278
674.887071175681,-0.00214890478232726
675.009156391161,-0.00116453226670336
675.131241606641,-0.000412941752588295
675.253326822122,-0.00114550519332275
675.375412037602,-0.00151251308065382
675.497497253083,-0.00154865710816744
675.619582468563,-0.00191042611618785
675.741667684044,-0.00206629484968658
675.863752899524,-0.00275190017893817
675.985838115004,-0.00306978491393009
676.107923330485,-0.0018352548793551
676.230008545965,-0.00206218902926451
676.352093761446,-0.00421483377965056
676.474178976926,-0.0046344342078077
676.596264192406,-0.00401924622090685
676.718349407887,-0.00449161582966105
676.840434623367,-0.00462532771403764
676.962519838848,-0.00431678246040277
677.084605054328,-0.0046845037340706
677.206690269808,-0.00532158618610353
677.328775485289,-0.00633059416529344
677.450860700769,-0.00727064580254804
677.57294591625,-0.00710991098906153
677.69503113173,-0.00705511050242801
677.81711634721,-0.00795245955946191
677.939201562691,-0.00874527832741398
678.061286778171,-0.00900501172496803
678.183371993652,-0.00864115855713793
678.305457209132,-0.00829302874131145
678.427542424612,-0.00929071909719173
678.549627640093,-0.0104579775508339
678.671712855573,-0.0102396961921833
678.793798071054,-0.00963842328574692
678.915883286534,-0.00899335113888034
679.037968502014,-0.00807419139017116
679.160053717495,-0.00756721468230748
679.282138932975,-0.0066235378621767
679.404224148456,-0.00517528244988594
679.526309363936,-0.00545023861807163
679.648394579416,-0.00664961905187272
679.770479794897,-0.00681801166914104
679.892565010377,-0.00770978129775336
680.014650225858,-0.00977894665070732
680.136735441338,-0.0107617170333157
680.258820656818,-0.0112357508040273
680.380905872299,-0.0122882490952354
680.502991087779,-0.0120682606956889
680.62507630326,-0.0100477067143981
680.74716151874,-0.00822173305849082
680.869246734221,-0.00757320260005347
680.991331949701,-0.00746298198936185
681.113417165181,-0.00723124261248305
681.235502380662,-0.00772227741875867
681.357587596142,-0.0100695113678375
681.479672811623,-0.0123643878043338
681.601758027103,-0.0124107077801933
681.723843242583,-0.0119693636523654
681.845928458064,-0.0121874212619738
681.968013673544,-0.0113181714577329
682.090098889025,-0.0101364420191467
682.212184104505,-0.0102595238917432
682.334269319985,-0.0100044368865253
682.456354535466,-0.00919685025311994
682.578439750946,-0.00966315469197425
682.700524966427,-0.0102473448489324
682.822610181907,-0.0103152726900963
682.944695397387,-0.0113669705480721
683.066780612868,-0.0116646371477433
683.188865828348,-0.00973878055864279
683.310951043829,-0.00875134083014537
683.433036259309,-0.00970964114387076
683.555121474789,-0.0100217746800847
683.67720669027,-0.00959735577506194
683.79929190575,-0.0094316154198884
683.921377121231,-0.00884483826361315
684.043462336711,-0.00785907783659306
684.165547552191,-0.00702741413559399
684.287632767672,-0.00625184657661736
684.409717983152,-0.00566355868263756
684.531803198633,-0.00510119869384749
684.653888414113,-0.00434395567316528
684.775973629593,-0.00416027312687515
684.898058845074,-0.0046805681408328
685.020144060554,-0.00483721094465433
685.142229276035,-0.00425451903839479
685.264314491515,-0.00347557883286685
685.386399706996,-0.00306630030996875
685.508484922476,-0.00311113021173424
685.630570137956,-0.00309981473176818
685.752655353437,-0.00303174737100584
685.874740568917,-0.0035945527906782
685.996825784398,-0.0044289855535948
686.118910999878,-0.0043190184149131
686.240996215358,-0.00335683074641376
686.363081430839,-0.00282418979715302
686.485166646319,-0.00300711504463546
686.6072518618,-0.00302381090440077
686.72933707728,-0.00271713289696067
686.85142229276,-0.00267489858690535
686.973507508241,-0.00289085940603459
687.095592723721,-0.00327837745514394
687.217677939202,-0.00397753681429124
687.339763154682,-0.00455167143787095
687.461848370162,-0.0049587635902042
687.583933585643,-0.00578314424735188
687.706018801123,-0.00644352422137452
687.828104016604,-0.0063742076560231
687.950189232084,-0.00674699470146598
688.072274447564,-0.0078328463622529
688.194359663045,-0.0080567762701769
688.316444878525,-0.00729273474270351
688.438530094006,-0.00689618269873684
688.560615309486,-0.00678299095588694
688.682700524966,-0.00595437225824997
688.804785740447,-0.00446789853057492
688.926870955927,-0.00313612107530214
689.048956171408,-0.00265687260077124
689.171041386888,-0.00288179120984753
689.293126602368,-0.00285122549481724
689.415211817849,-0.00275421680638027
689.537297033329,-0.0035663984212816
689.65938224881,-0.00428251076619946
689.78146746429,-0.00389553512501476
689.90355267977,-0.00367141066885319
690.025637895251,-0.00355173373159442
690.147723110731,-0.00257935531206973
690.269808326212,-0.00263803420031431
690.391893541692,-0.00400854832361223
690.513978757173,-0.00372316584247496
690.636063972653,-0.00270054713239182
690.758149188133,-0.00363689832143344
690.880234403614,-0.00447932644505019
691.002319619094,-0.00389931562893937
691.124404834575,-0.00440827965727623
691.246490050055,-0.00584856680934283
691.368575265535,-0.00577486262215321
691.490660481016,-0.00440773753979484
691.612745696496,-0.00311627453778998
691.734830911977,-0.00215854414356426
691.856916127457,-0.00136246943404451
691.979001342937,-0.000987815096524205
692.101086558418,-0.00193576900373375
692.223171773898,-0.00378070976382367
692.345256989379,-0.00426430521625096
692.467342204859,-0.00307862119895641
692.58942742034,-0.0023417010076779
692.71151263582,-0.00248759956955776
692.8335978513,-0.00186983683308
692.955683066781,4.54847190714081e-06
693.077768282261,0.00168497700802355
693.199853497741,0.00207229450074686
693.321938713222,0.00174927785887825
693.444023928702,0.00137387411632342
693.566109144183,0.000749636823903137
693.688194359663,-1.62920510427191e-05
693.810279575144,-0.000535821912529091
693.932364790624,-0.000641011643562633
694.054450006104,-0.000118578830869155
694.176535221585,0.000685107585354939
694.298620437065,0.000985998678201581
694.420705652545,0.000774423829747038
694.542790868026,0.000626380039158722
694.664876083506,0.000903629050666517
694.786961298987,0.00110805396964086
694.909046514467,0.000367176634466142
695.031131729947,-0.000448627076890215
695.153216945428,4.86353672739575e-05
695.275302160908,0.0010016609247344
695.397387376389,0.00173651671651777
695.519472591869,0.0028341644979641
695.64155780735,0.00323103591226941
695.76364302283,0.00241379425957675
695.88572823831,0.00227587180178474
696.007813453791,0.00267950339960857
696.129898669271,0.00201469755458242
696.251983884752,0.00151232462671672
696.374069100232,0.00233506017382921
696.496154315712,0.00282760203845191
696.618239531193,0.00215602131070229
696.740324746673,0.00155563604702712
696.862409962154,0.00154863341582526
696.984495177634,0.00160616417401911
697.106580393114,0.00175838502682894
697.228665608595,0.00220953104185042
697.350750824075,0.00243222505777274
697.472836039556,0.00227346589099547
697.594921255036,0.00213228877655876
697.717006470517,0.0017380446170621
697.839091685997,0.00142158950559692
697.961176901477,0.00227407902905719
698.083262116958,0.00320698622244659
698.205347332438,0.00255468403333659
698.327432547918,0.00148732609990505
698.449517763399,0.00123587835787004
698.571602978879,0.000995792933655345
698.69368819436,0.000558216236050235
698.81577340984,0.000578519485648368
698.937858625321,0.000973686919546102
699.059943840801,0.00131483330808067
699.182029056281,0.0015667109404581
699.304114271762,0.00222001631921016
699.426199487242,0.00346322363265878
699.548284702723,0.0045353177513766
699.670369918203,0.00516462986407732
699.792455133683,0.00595812954209255
699.914540349164,0.00691171303552608
700.036625564644,0.0075218459658788
700.158710780125,0.00750940880995349
700.280795995605,0.00702598795178942
700.402881211085,0.00674499984020789
700.524966426566,0.00675455771053274
700.647051642046,0.00673236018177503
700.769136857527,0.00730646976860163
700.891222073007,0.00841855660554148
701.013307288487,0.00874283520337387
701.135392503968,0.00844635238668208
701.257477719448,0.00866603284010128
701.379562934929,0.00919071432175717
701.501648150409,0.0094297074651605
701.623733365889,0.00940290484706213
701.74581858137,0.00930384766204422
701.86790379685,0.00925883682561582
701.989989012331,0.00904061601568145
702.112074227811,0.00849168220778835
702.234159443291,0.00776400802305529
702.356244658772,0.00686858411377492
702.478329874252,0.00628383617198663
702.600415089733,0.00651298314903921
702.722500305213,0.00679349822524106
702.844585520694,0.00644924858359886
702.966670736174,0.0058367552101493
703.088755951654,0.0054590185713384
703.210841167135,0.00580282563952785
703.332926382615,0.00635165745627179
703.455011598096,0.00603171008549288
703.577096813576,0.00591510003893476
703.699182029056,0.006936569579883
703.821267244537,0.00708118411155615
703.943352460017,0.00566674834432709
704.065437675498,0.00500869005547186
704.187522890978,0.00582320109145582
704.309608106458,0.00628859332530204
704.431693321939,0.00523610461531752
704.553778537419,0.00388974148156915
704.6758637529,0.00394363604838381
704.79794896838,0.00425720487999916
704.92003418386,0.00318542147401217
705.042119399341,0.00241355491431503
705.164204614821,0.00319680418747233
705.286289830302,0.00385235865544192
705.408375045782,0.00383481417068021
705.530460261262,0.00395108908101991
705.652545476743,0.0039552043213709
705.774630692223,0.00387754384338326
705.896715907704,0.00416216114211166
706.018801123184,0.00420506338924905
706.140886338664,0.00315588084874623
706.262971554145,0.00132524090315651
706.385056769625,0.000421750854401964
706.507141985106,0.00126853973003374
706.629227200586,0.00204177529357174
706.751312416066,0.00183695161523615
706.873397631547,0.00213342535165236
706.995482847027,0.00257532169893563
707.117568062508,0.00175898233126897
707.239653277988,0.00095277880601094
707.361738493469,0.00132713471206584
707.483823708949,0.00171036688117654
707.605908924429,0.00135302234279481
707.72799413991,0.000663504872346137
707.85007935539,0.000156162005436284
707.972164570871,0.000436427960620294
708.094249786351,0.00137600582504739
708.216335001831,0.00218592197296864
708.338420217312,0.00296204850436967
708.460505432792,0.00406796653860692
708.582590648273,0.00490382676569101
708.704675863753,0.0049765699560985
708.826761079233,0.00445118498857999
708.948846294714,0.00335426154670699
709.070931510194,0.00201057247989446
709.193016725675,0.00120563141022243
709.315101941155,0.00115939682835664
709.437187156635,0.0018219395497992
709.559272372116,0.00291437968875323
709.681357587596,0.00329507876458364
709.803442803077,0.00290284149999068
709.925528018557,0.0030787697869738
710.047613234037,0.00350412373989428
710.169698449518,0.00325905257172628
710.291783664998,0.0030656414706868
710.413868880479,0.0031616164428597
710.535954095959,0.003227235532869
710.658039311439,0.00334394317289919
710.78012452692,0.00256018928691668
710.9022097424,0.00114462508808641
711.024294957881,0.00114555424239845
711.146380173361,0.0017329979624955
711.268465388841,0.00124441197550195
711.390550604322,0.000660352114507683
711.512635819802,0.000225712217099469
711.634721035283,0.000158509367169381
711.756806250763,0.00158471943214854
711.878891466243,0.00252794200876297
712.000976681724,0.0020122987733987
712.123061897204,0.00289816166463423
712.245147112685,0.00432573634415608
712.367232328165,0.00373073471138591
712.489317543646,0.003049880623764
712.611402759126,0.00312975342373944
712.733487974606,0.00288157301734785
712.855573190087,0.00351260019246246
712.977658405567,0.00462300561250931
713.099743621048,0.00476205556352728
713.221828836528,0.00527029584922688
713.343914052008,0.00621156413398487
713.465999267489,0.0065146705014772
713.588084482969,0.00703885504382296
713.71016969845,0.00747407137774253
713.83225491393,0.00757708698922946
713.95434012941,0.00887066237871758
714.076425344891,0.0103399247385715
714.198510560371,0.0109127123747255
714.320595775852,0.0122682612441954
714.442680991332,0.0134597737323278
714.564766206812,0.0127815586917424
714.686851422293,0.0126116268459401
714.808936637773,0.0140408936907448
714.931021853254,0.0145605473664759
715.053107068734,0.0134003422391291
715.175192284214,0.0123715224638883
715.297277499695,0.0125516018983693
715.419362715175,0.0127207978484995
715.541447930656,0.0115501474713617
715.663533146136,0.0102062407832915
715.785618361616,0.00958431275449346
715.907703577097,0.00871354550280088
716.029788792577,0.00821620333262069
716.151874008058,0.00902648661340464
716.273959223538,0.009721639334452
716.396044439018,0.00985878360972544
716.518129654499,0.0103817098408366
716.640214869979,0.0106775961735165
716.76230008546,0.0103518858843136
716.88438530094,0.0105665554387762
717.00647051642,0.0115850457804497
717.128555731901,0.0122606367359833
717.250640947381,0.0119645970134755
717.372726162862,0.01131422002946
717.494811378342,0.0108025202481323
717.616896593823,0.0102659277877158
717.738981809303,0.0100539144294699
717.861067024783,0.0103324822014207
717.983152240264,0.0106978308755605
718.105237455744,0.0116737261070602
718.227322671225,0.0129027837228148
718.349407886705,0.0127129839351608
718.471493102185,0.0120647477216977
718.593578317666,0.0123801394859234
718.715663533146,0.0120298010851951
718.837748748627,0.0108442666353369
718.959833964107,0.0106170623724604
719.081919179587,0.0105353325981805
719.204004395068,0.00961052846010344
719.326089610548,0.00902018938665654
719.448174826029,0.00930404830504954
719.570260041509,0.0101767466135314
719.692345256989,0.0111101206603795
719.81443047247,0.0112732779016439
719.93651568795,0.0110776178973896
720.058600903431,0.0110393721822512
720.180686118911,0.0107079974011339
720.302771334391,0.0105405995683276
720.424856549872,0.0105321805521986
720.546941765352,0.00961920981455914
720.669026980833,0.00880642966178146
720.791112196313,0.00903215758999614
720.913197411793,0.00873573073181368
721.035282627274,0.00791966883190215
721.157367842754,0.007933872732797
721.279453058235,0.00795304935705284
721.401538273715,0.00790081404794432
721.523623489195,0.0092360885044607
721.645708704676,0.0106198769537406
721.767793920156,0.0102266753431528
721.889879135637,0.00973766799036802
722.011964351117,0.0101442143005957
722.134049566598,0.009833724441777
722.256134782078,0.00919890067450675
722.378219997558,0.00943782202234374
722.500305213039,0.00897438911072942
722.622390428519,0.00755943727406952
722.744475644,0.0073878501430305
722.86656085948,0.00777599445974668
722.98864607496,0.00711688002321618
723.110731290441,0.00672870222673727
723.232816505921,0.0068937595335989
723.354901721402,0.00644003997123331
723.476986936882,0.00612450292063199
723.599072152362,0.00612026741320814
723.721157367843,0.00571902377371536
723.843242583323,0.00611239599535205
723.965327798804,0.00712390273234766
724.087413014284,0.00660857439867349
724.209498229764,0.00516694565039717
724.331583445245,0.00442752236582352
724.453668660725,0.00404662383107117
724.575753876206,0.00396499351658381
724.697839091686,0.00422882913933101
724.819924307166,0.00404551455432493
724.942009522647,0.00381210007278268
725.064094738127,0.00410847623859587
725.186179953608,0.0042649796678762
725.308265169088,0.00449878280985272
725.430350384568,0.00514286454907007
725.552435600049,0.00476943639441617
725.674520815529,0.00337764227079531
725.79660603101,0.00307206186725066
725.91869124649,0.00335853397923487
726.04077646197,0.00227277803875104
726.162861677451,0.00127427717947238
726.284946892931,0.00191926066559675
726.407032108412,0.00209008001892933
726.529117323892,0.000958543916705577
726.651202539372,0.000532639946585592
726.773287754853,0.000859219221851689
726.895372970333,0.000713566136466448
727.017458185814,0.00010144718508405
727.139543401294,-0.000949530845452727
727.261628616775,-0.00175495774258985
727.383713832255,-0.00144164641690887
727.505799047735,-0.00119364291494605
727.627884263216,-0.00163533495003724
727.749969478696,-0.00176443244661939
727.872054694177,-0.00173637514376286
727.994139909657,-0.00166606619572029
728.116225125137,-0.0015190654001565
728.238310340618,-0.00237739297681679
728.360395556098,-0.00280828943800957
728.482480771579,-0.0009167628585778
728.604565987059,0.000338116520627592
728.726651202539,-0.000730031640087241
728.84873641802,-0.00132341487904716
728.9708216335,-0.00126224669643449
729.092906848981,-0.00179216154822234
729.214992064461,-0.00161731660930631
729.337077279942,-0.00111624944883821
729.459162495422,-0.00173790634533948
729.581247710902,-0.00243137508397659
729.703332926383,-0.00264467725577228
729.825418141863,-0.0028781081434335
729.947503357343,-0.00267542841778051
730.069588572824,-0.00231132885913525
730.191673788304,-0.00255001892031549
730.313759003785,-0.00329984589942464
730.435844219265,-0.00455133024518799
730.557929434746,-0.00574625458747052
730.680014650226,-0.00586014887191938
730.802099865706,-0.00505857885279395
730.924185081187,-0.00405591781715341
731.046270296667,-0.00373188608106918
731.168355512147,-0.00441068904748655
731.290440727628,-0.00431050717468092
731.412525943108,-0.00288412509130886
731.534611158589,-0.00254554500550689
731.656696374069,-0.00343078817617942
731.77878158955,-0.0034165699919778
731.90086680503,-0.00297560466470949
732.02295202051,-0.00327315516957344
732.145037235991,-0.00337207457342179
732.267122451471,-0.00262142789674557
732.389207666952,-0.00193479016862479
732.511292882432,-0.00218031858221683
732.633378097912,-0.00261738622395365
732.755463313393,-0.0020673407031989
732.877548528873,-0.00173256848822671
732.999633744354,-0.00295080184033349
733.121718959834,-0.00379414179502925
733.243804175314,-0.00297080288109385
733.365889390795,-0.00220824999896355
733.487974606275,-0.00217301474326301
733.610059821756,-0.00239469607641155
733.732145037236,-0.00353300327516819
733.854230252716,-0.00527598654194709
733.976315468197,-0.00622101929972928
734.098400683677,-0.0063880380383476
734.220485899158,-0.0063939152580003
734.342571114638,-0.00642394588123451
734.464656330119,-0.00684658878393897
734.586741545599,-0.00740457848011722
734.708826761079,-0.00714966675946915
734.83091197656,-0.00626455994655271
734.95299719204,-0.00593401523498706
735.07508240752,-0.00619394605689247
735.197167623001,-0.00582479604229158
735.319252838481,-0.00470723524140282
735.441338053962,-0.00408408150998845
735.563423269442,-0.00414570516526514
735.685508484923,-0.00405648023035992
735.807593700403,-0.00372142760148805
735.929678915883,-0.00333945818818163
736.051764131364,-0.0030864929715277
736.173849346844,-0.0033436266675806
736.295934562324,-0.00358146511195212
736.418019777805,-0.00317714026210567
736.540104993285,-0.00282760261789429
736.662190208766,-0.00287873246757873
736.784275424246,-0.00316126356330163
736.906360639727,-0.00409958075535864
737.028445855207,-0.00506989741465013
737.150531070687,-0.00527440637270733
737.272616286168,-0.00594952788484443
737.394701501648,-0.00735162670918142
737.516786717129,-0.0078140287328381
737.638871932609,-0.00744629083464244
737.760957148089,-0.00732696547952428
737.88304236357,-0.00714359568134428
738.00512757905,-0.00666463937546651
738.127212794531,-0.00630815847895021
738.249298010011,-0.00638782817231229
738.371383225491,-0.00666931050274896
738.493468440972,-0.00628882780210035
738.615553656452,-0.00569904128626341
738.737638871933,-0.0059121073433421
738.859724087413,-0.00569256969118738
738.981809302894,-0.00488868230673105
739.103894518374,-0.00537755444871188
739.225979733854,-0.00585237774664982
739.348064949335,-0.00493208868134485
739.470150164815,-0.00493098162483237
739.592235380296,-0.00571252909549192
739.714320595776,-0.00548620598560795
739.836405811256,-0.00587749328993345
739.958491026737,-0.00680960561951951
740.080576242217,-0.00628570175606743
740.202661457697,-0.00589883642802901
740.324746673178,-0.00626521145154406
740.446831888658,-0.00547471398019348
740.568917104139,-0.00457378692292403
740.691002319619,-0.00452994589535409
740.8130875351,-0.00427062551110121
740.93517275058,-0.00477789328063718
741.05725796606,-0.00614639969787755
741.179343181541,-0.00618853823734568
741.301428397021,-0.00542076842156316
741.423513612502,-0.00524964028492479
741.545598827982,-0.00518478021111963
741.667684043462,-0.00534976688426714
741.789769258943,-0.00568778648697086
741.911854474423,-0.00553495257095834
742.033939689904,-0.00560811749686187
742.156024905384,-0.0056881509406322
742.278110120864,-0.00452539479690678
742.400195336345,-0.00345798337395909
742.522280551825,-0.00412819248946755
742.644365767306,-0.00524173272850646
742.766450982786,-0.0051718364319101
742.888536198266,-0.00441455904950931
743.010621413747,-0.00442409447594882
743.132706629227,-0.00523857064254418
743.254791844708,-0.00554349947141789
743.376877060188,-0.0053656447257895
743.498962275668,-0.00573809620072701
743.621047491149,-0.00644000662585974
743.743132706629,-0.00704700591695923
743.86521792211,-0.00773420398759191
743.98730313759,-0.00824767716915867
744.109388353071,-0.00834265991183195
744.231473568551,-0.00829712537581941
744.353558784031,-0.00871636918984626
744.475643999512,-0.00989225506648332
744.597729214992,-0.01079283204947
744.719814430473,-0.0107166364510734
744.841899645953,-0.0105392319548331
744.963984861433,-0.01036508320795
745.086070076914,-0.0099210852411138
745.208155292394,-0.0100087209658709
745.330240507875,-0.0102595010820184
745.452325723355,-0.0100744117726414
745.574410938835,-0.0105864210857908
745.696496154316,-0.0115418531118858
745.818581369796,-0.0118963553940255
745.940666585277,-0.0128423626846101
746.062751800757,-0.0143229362835164
746.184837016237,-0.0143325474435517
746.306922231718,-0.0134286022448398
746.429007447198,-0.0129726107605881
746.551092662679,-0.0121077166753981
746.673177878159,-0.010608699041602
746.795263093639,-0.00959894216236762
746.91734830912,-0.00902549784455265
747.0394335246,-0.00829695448884096
747.161518740081,-0.00778169354980735
747.283603955561,-0.00751916480258553
747.405689171041,-0.00667774238355338
747.527774386522,-0.00569498167065055
747.649859602002,-0.00581971949522414
747.771944817483,-0.00590734820294115
747.894030032963,-0.00428233947434189
748.016115248443,-0.00250456871190498
748.138200463924,-0.00250030861132118
748.260285679404,-0.00337155378070394
748.382370894885,-0.00373471686586656
748.504456110365,-0.00349741942655061
748.626541325845,-0.00313668987362744
748.748626541326,-0.00294033595179008
748.870711756806,-0.00269366300700057
748.992796972287,-0.00236664641909268
749.114882187767,-0.00200134264551681
749.236967403248,-0.00121704701479454
749.359052618728,-0.000467195787304852
749.481137834208,-0.000405265477549037
749.603223049689,-0.000460171592365233
749.725308265169,-0.000591178594249977
749.84739348065,-0.00122721032838453
749.96947869613,-0.00187778761022198
750.09156391161,-0.00245587292867892
750.213649127091,-0.00249177009469679
750.335734342571,-0.00100939413184131
750.457819558052,0.000324580533304756
750.579904773532,1.49623746488745e-05
750.701989989012,-0.000127419907829886
750.824075204493,0.000469563910668143
750.946160419973,0.000669343945118761
751.068245635454,0.000791840163056785
751.190330850934,0.000898971729313792
751.312416066414,0.00112490055331651
751.434501281895,0.00225270616671425
751.556586497375,0.00287431719079126
751.678671712856,0.00205945865901804
751.800756928336,0.00138594577370154
751.922842143816,0.000974901923656539
752.044927359297,0.000638717447369808
752.167012574777,0.00112661701923988
752.289097790258,0.00110340828616654
752.411183005738,0.000269121724338182
752.533268221218,0.000398855245176868
752.655353436699,0.000406204870117102
752.777438652179,-0.000549725831460939
752.89952386766,-0.000543279774864894
753.02160908314,-0.000152765507796663
753.14369429862,-0.00078042552595364
753.265779514101,-0.00106660927209602
753.387864729581,-0.000548658256866326
753.509949945062,-5.86702385228786e-05
753.632035160542,0.00028521690638184
753.754120376023,0.000265428288848536
753.876205591503,0.000180954811557597
753.998290806983,0.000342315158528285
754.120376022464,0.000520593886042349
754.242461237944,0.00160270054386755
754.364546453425,0.00307166205796533
754.486631668905,0.0029483852215636
754.608716884385,0.00274637389365109
754.730802099866,0.00362855988820267
754.852887315346,0.00301495626466997
754.974972530827,0.00161900200265302
755.097057746307,0.00237509064487176
755.219142961787,0.00366223808903205
755.341228177268,0.00339348471552389
755.463313392748,0.00216078327990357
755.585398608229,0.000212697366374675
755.707483823709,-0.0014180867772205
755.829569039189,-0.00114796704380556
755.95165425467,1.8689666668499e-05
756.07373947015,0.000465929914549279
756.195824685631,0.00037641068076252
756.317909901111,0.000512148143170842
756.439995116591,0.00101349472091872
756.562080332072,0.00134178995175824
756.684165547552,0.00161128805471339
756.806250763033,0.00235678579662543
756.928335978513,0.0026714296309292
757.050421193993,0.00229357784923252
757.172506409474,0.00248389990518124
757.294591624954,0.00251835058704077
757.416676840435,0.00134146912035431
757.538762055915,0.000370971948762337
757.660847271395,5.91382981713021e-05
757.782932486876,-0.000454484651128054
757.905017702356,-0.000748888852574588
758.027102917837,-0.000809064697939615
758.149188133317,-0.000926847657298784
758.271273348797,-0.000421677147585971
758.393358564278,0.000122633370177487
758.515443779758,6.16350720280313e-05
758.637528995239,0.000713833726892126
758.759614210719,0.0018849472406399
758.8816994262,0.00213625012286579
759.00378464168,0.00250603176721794
759.12586985716,0.00384849987148531
759.247955072641,0.00473525557275562
759.370040288121,0.00457460867321241
759.492125503602,0.00368177548290791
759.614210719082,0.00225648981314622
759.736295934562,0.00171816069102364
759.858381150043,0.00256434444378896
759.980466365523,0.00270172085458677
760.102551581004,0.00161056947673418
760.224636796484,0.00101525782823871
760.346722011964,0.00071721229439559
760.468807227445,-0.000231580858055286
760.590892442925,-0.000754361983339663
760.712977658406,-0.000324105064164052
760.835062873886,-0.000116875937274394
760.957148089366,-0.000597052232444799
761.079233304847,-0.00141267126894426
761.201318520327,-0.00236884593316601
761.323403735808,-0.00323159439467515
761.445488951288,-0.00382939393472849
761.567574166768,-0.00392264968243837
761.689659382249,-0.00344676369901599
761.811744597729,-0.00304262723990583
761.93382981321,-0.00283896114280026
762.05591502869,-0.00238675939625087
762.17800024417,-0.00225680331608638
762.300085459651,-0.00287018591280259
762.422170675131,-0.0033811377284729
762.544255890612,-0.00348759441935412
762.666341106092,-0.00373166356898726
762.788426321572,-0.0040970366858657
762.910511537053,-0.00395889842109055
763.032596752533,-0.00330500501299134
763.154681968014,-0.00348215294101323
763.276767183494,-0.00482703986261854
763.398852398974,-0.00538018333136347
763.520937614455,-0.00501512463809959
763.643022829935,-0.0055596910300087
763.765108045416,-0.00619789633070373
763.887193260896,-0.0057880060652485
764.009278476377,-0.00549338435587077
764.131363691857,-0.00538236135988019
764.253448907337,-0.00515589740411145
764.375534122818,-0.00539361473970946
764.497619338298,-0.00493319500912486
764.619704553779,-0.0036836480100954
764.741789769259,-0.00360251219134121
764.863874984739,-0.00350011687566749
764.98596020022,-0.00210620620609665
765.1080454157,-0.00158045401310223
765.230130631181,-0.00159799438716519
765.352215846661,-0.00035579637192649
765.474301062141,0.000398657769172604
765.596386277622,-8.47003648886678e-05
765.718471493102,-0.000140163612398587
765.840556708583,-2.88153883032066e-05
765.962641924063,-0.000243615639111762
766.084727139543,-9.57930847331334e-05
766.206812355024,0.000226514274887529
766.328897570504,0.000517956870391348
766.450982785985,0.000862950705320531
766.573068001465,0.000929063760013853
766.695153216945,0.000830415038670591
766.817238432426,0.000508042192253998
766.939323647906,-9.55045018653975e-05
767.061408863387,-9.81589550721709e-05
767.183494078867,0.000333964692401728
767.305579294348,0.000381816097587593
767.427664509828,0.000543688710411433
767.549749725308,0.00059324142376892
767.671834940789,-0.000160544611817844
767.793920156269,-0.000654884919850424
767.91600537175,-0.00041703217533143
768.03809058723,-0.000105529211708732
768.16017580271,0.000562607140538685
768.282261018191,0.00122624102926412
768.404346233671,0.000924829172244374
768.526431449152,0.000399238473072107
768.648516664632,0.000340380646254276
768.770601880112,0.000199160145883346
768.892687095593,1.24734582406974e-05
769.014772311073,0.00016120357870361
769.136857526554,0.000566812623674196
769.258942742034,0.00126504927570238
769.381027957514,0.00200538735761907
769.503113172995,0.00186356305723889
769.625198388475,0.000594180570656008
769.747283603956,-0.000394192929542857
769.869368819436,-0.000140796198651477
769.991454034916,-0.000117805178737783
770.113539250397,-0.00136818613460501
770.235624465877,-0.00251361268204329
770.357709681358,-0.00283464225298455
770.479794896838,-0.00280231296816683
770.601880112318,-0.00238239629251761
770.723965327799,-0.00220431171740732
770.846050543279,-0.00251948035245105
770.96813575876,-0.00204959929567475
771.09022097424,-0.00124400839230246
771.212306189721,-0.00128566960121946
771.334391405201,-0.00111764662903789
771.456476620681,-0.000833919954397207
771.578561836162,-0.00164134400648174
771.700647051642,-0.00185524730985834
771.822732267122,-0.000348260151549416
771.944817482603,0.000882091932327343
772.066902698083,0.000978723557352222
772.188987913564,0.000580394776778953
772.311073129044,-0.000221149852294129
772.433158344525,-0.000907730274834107
772.555243560005,-0.00116676110894318
772.677328775485,-0.00129188320130535
772.799413990966,-0.000992705775954992
772.921499206446,-0.000986984986435183
773.043584421927,-0.00249187468861213
773.165669637407,-0.0038308493642944
773.287754852887,-0.00322163027936168
773.409840068368,-0.00255391221887895
773.531925283848,-0.00323581654524847
773.654010499329,-0.00330599522465443
773.776095714809,-0.00173284436097543
773.898180930289,-0.000323995881994247
774.02026614577,-0.000458937542264322
774.14235136125,-0.0016028233966081
774.264436576731,-0.00253727999797686
774.386521792211,-0.00264048515629385
774.508607007691,-0.00262121514904159
774.630692223172,-0.00300554698176304
774.752777438652,-0.00258922293176854
774.874862654133,-0.00123916793791341
774.996947869613,-0.00113849668731544
775.119033085093,-0.0023820962752224
775.241118300574,-0.00268483181958982
775.363203516054,-0.0020990191271565
775.485288731535,-0.00211712753972702
775.607373947015,-0.00248833733277692
775.729459162496,-0.00288474520984869
775.851544377976,-0.00359134443311487
775.973629593456,-0.00398635773383644
776.095714808937,-0.00393641179114055
776.217800024417,-0.00440544453677701
776.339885239898,-0.00509509208034923
776.461970455378,-0.0049217971929291
776.584055670858,-0.0044504284120062
776.706140886339,-0.00473805271101776
776.828226101819,-0.00536114304819052
776.9503113173,-0.00563959235118232
777.07239653278,-0.0057121761088942
777.19448174826,-0.00583000179201939
777.316566963741,-0.00611204646630354
777.438652179221,-0.0059526921861582
777.560737394702,-0.00458446532562494
777.682822610182,-0.00376450559478126
777.804907825662,-0.00513668518586668
777.926993041143,-0.005826695434811
778.049078256623,-0.00412467679574137
778.171163472104,-0.00350336170761039
778.293248687584,-0.00497349811254179
778.415333903064,-0.00574792358430173
778.537419118545,-0.00581509214803967
778.659504334025,-0.00641901491881048
778.781589549506,-0.00728208157806516
778.903674764986,-0.00823285459854982
779.025759980466,-0.00828569675009679
779.147845195947,-0.00740247244893211
779.269930411427,-0.00800242076057778
779.392015626908,-0.00922768110788697
779.514100842388,-0.00860779355953478
779.636186057868,-0.00839398581910439
779.758271273349,-0.00956895412837504
779.880356488829,-0.00932481413321167
780.00244170431,-0.00861030463851987
780.12452691979,-0.0093595318977069
780.24661213527,-0.0098156902336431
780.368697350751,-0.00986082117828004
780.490782566231,-0.0105964870980451
780.612867781712,-0.0109166085341074
780.734952997192,-0.0111652235990635
780.857038212673,-0.0121412492657419
780.979123428153,-0.012266040483615
781.101208643633,-0.0119447401510697
781.223293859114,-0.0128119926652844
781.345379074594,-0.0131695566210169
781.467464290075,-0.0120863759361961
781.589549505555,-0.0117554394259612
781.711634721035,-0.0121705671928309
781.833719936516,-0.0111502270051177
781.955805151996,-0.00927659696500067
782.077890367477,-0.00902173940537923
782.199975582957,-0.0102258495541575
782.322060798437,-0.0100284137618707
782.444146013918,-0.00758885721871308
782.566231229398,-0.00590284738392477
782.688316444879,-0.00669715086996422
782.810401660359,-0.0073941603037693
782.932486875839,-0.00631688859752534
783.05457209132,-0.00546617086461224
783.1766573068,-0.00550426422232818
783.298742522281,-0.00482191031543491
783.420827737761,-0.00388155850019086
783.542912953241,-0.00351327723498708
783.664998168722,-0.0023783687195061
783.787083384202,-0.000784373477675932
783.909168599683,-0.000459744539282935
784.031253815163,-0.000671220647185557
784.153339030643,-0.000661596340438619
784.275424246124,-0.00103219375096092
784.397509461604,-0.00112150394426721
784.519594677085,-0.000810042307814897
784.641679892565,-0.0010725886497813
784.763765108045,-0.00110077748398388
784.885850323526,-0.000486006859324351
785.007935539006,-0.000361862794447821
785.130020754487,-0.000314865505459939
785.252105969967,0.000334847847456339
785.374191185447,0.0011261782686215
785.496276400928,0.00178931656904897
785.618361616408,0.00119884047962224
785.740446831889,-0.000814323103794001
785.862532047369,-0.00149275820443212
785.98461726285,-0.000440985394000768
786.10670247833,-0.000307012856469968
786.22878769381,-0.00108969555141158
786.350872909291,-0.0012345819582296
786.472958124771,-0.000619178084480539
786.595043340252,0.000197978257951692
786.717128555732,0.000138599478876584
786.839213771212,-0.000504197254136757
786.961298986693,-6.22074991708777e-05
787.083384202173,0.000662665906236166
787.205469417654,0.000756863486973505
787.327554633134,0.0015633554867289
787.449639848614,0.00239075099525259
787.571725064095,0.00228573653233614
787.693810279575,0.00308876871342745
787.815895495056,0.00447612788923787
787.937980710536,0.00478745327026371
788.060065926016,0.00539935738937304
788.182151141497,0.0066345094724806
788.304236356977,0.00682515260038043
788.426321572458,0.00637850818193252
788.548406787938,0.00610782314727776
788.670492003418,0.00610114602437222
788.792577218899,0.0068209552646815
788.914662434379,0.00741975376062751
789.03674764986,0.00711270480732381
789.15883286534,0.00680789091915314
789.28091808082,0.00628195866463337
789.403003296301,0.0051570825717761
789.525088511781,0.00473114677036738
789.647173727262,0.0046458284138122
789.769258942742,0.00348903314346727
789.891344158222,0.00235390561610726
790.013429373703,0.00257846638088644
790.135514589183,0.00333439871519075
790.257599804664,0.00344264779101442
790.379685020144,0.00291755483357568
790.501770235625,0.00282436965931004
790.623855451105,0.00372876334775252
790.745940666585,0.00478976664430186
790.868025882066,0.00547048164985854
790.990111097546,0.00608320391614063
791.112196313027,0.00649664482330627
791.234281528507,0.00653602392170348
791.356366743987,0.00649110779985109
791.478451959468,0.0064466225019797
791.600537174948,0.00644410733801089
791.722622390429,0.00667849415046802
791.844707605909,0.00684689192540247
791.966792821389,0.00629452766210659
792.08887803687,0.00520977788592995
792.21096325235,0.00460971559247164
792.333048467831,0.00462036444615835
792.455133683311,0.00455646379315166
792.577218898791,0.0045473563562381
792.699304114272,0.00454282585159455
792.821389329752,0.00379154793507668
792.943474545233,0.00303079295987864
793.065559760713,0.00339265623017006
793.187644976193,0.00406918033264618
793.309730191674,0.00435966021609916
793.431815407154,0.0046139878551702
793.553900622635,0.00473831333963761
793.675985838115,0.00506764619185278
793.798071053595,0.00589064928461681
793.920156269076,0.00572494704562914
794.042241484556,0.00426482944680453
794.164326700037,0.00398368668880394
794.286411915517,0.0055356980376788
794.408497130997,0.00648571060549776
794.530582346478,0.00603973498096164
794.652667561958,0.00590583203334345
794.774752777439,0.00651773038846897
794.896837992919,0.00710299799652634
795.018923208399,0.0080372383632155
795.14100842388,0.0092578657114617
795.26309363936,0.00962318854904697
795.385178854841,0.00957326185189825
795.507264070321,0.00980190409121047
795.629349285802,0.0093098017379437
795.751434501282,0.00850933317084172
795.873519716762,0.00883047470115974
795.995604932243,0.00914702394155511
796.117690147723,0.00851022954761441
796.239775363204,0.00830565335134256
796.361860578684,0.00861898044286858
796.483945794164,0.00830170089065192
796.606031009645,0.0079568672782678
796.728116225125,0.00849136928548194
796.850201440606,0.00917784995325847
796.972286656086,0.00903608771814075
797.094371871566,0.00821422383969572
797.216457087047,0.00739423793907259
797.338542302527,0.00700962598568591
797.460627518008,0.00728573344896452
797.582712733488,0.00752407033484939
797.704797948968,0.00669170869784878
797.826883164449,0.00611970766398026
797.948968379929,0.00712471614411248
798.07105359541,0.00750723692280049
798.19313881089,0.00654129359403203
798.31522402637,0.00672209722194242
798.437309241851,0.00751015385262261
798.559394457331,0.0070817004187054
798.681479672812,0.00671657179518935
798.803564888292,0.0067378606100912
798.925650103773,0.0063012362037872
799.047735319253,0.00634666746249638
799.169820534733,0.00655909408650446
799.291905750214,0.00610210919717077
799.413990965694,0.00644625322069054
799.536076181174,0.00759218026626459
799.658161396655,0.00805794087123457
799.780246612135,0.00863701566010117
799.902331827616,0.0101007718039325
800.024417043096,0.0114371387479699
800.146502258576,0.0118209773645601
800.268587474057,0.0114132312923132
800.390672689537,0.0112173290826731
800.512757905018,0.0111601738119873
800.634843120498,0.0102131333028579
800.756928335979,0.00971978517750928
800.879013551459,0.0105737809527312
801.001098766939,0.0107599358380961
801.12318398242,0.0103544468047434
801.2452691979,0.0103636300438086
801.367354413381,0.00945620049047927
801.489439628861,0.0085164718124478
801.611524844341,0.00904826485767001
801.733610059822,0.0091116430744494
801.855695275302,0.00837520492813041
801.977780490783,0.0078737450866462
802.099865706263,0.00657371635962994
802.221950921743,0.00538089034818946
802.344036137224,0.00515576345346193
802.466121352704,0.00372906792072272
802.588206568185,0.00200127678919256
802.710291783665,0.00201704323294156
802.832376999145,0.00215237123939642
802.954462214626,0.00240060520475256
803.076547430106,0.00334260445298194
803.198632645587,0.00292703517674448
803.320717861067,0.00249159553832574
803.442803076547,0.00412575534223747
803.564888292028,0.00496855045239172
803.686973507508,0.00406718880234094
803.809058722989,0.00357102964822022
803.931143938469,0.00326602581054592
804.05322915395,0.00325624670399391
804.17531436943,0.00411436433269895
804.29739958491,0.00426646635470458
804.419484800391,0.00354078968891217
804.541570015871,0.00298566563967579
804.663655231351,0.00257934438041675
804.785740446832,0.00296089575862595
804.907825662312,0.00362625676086804
805.029910877793,0.00309458436442026
805.151996093273,0.00286742343218654
805.274081308754,0.00397344354847642
805.396166524234,0.00490281736798692
805.518251739714,0.00556337967476579
805.640336955195,0.00550374832836518
805.762422170675,0.00359819083734771
805.884507386156,0.00211702441133181
806.006592601636,0.0027014895442818
806.128677817116,0.00319137047938974
806.250763032597,0.0026327725606626
806.372848248077,0.00204664969730874
806.494933463558,0.00192533107770502
806.617018679038,0.00228644106499625
806.739103894518,0.00252463207288602
806.861189109999,0.00282585187600444
806.983274325479,0.00397606021476988
807.10535954096,0.00446037231149048
807.22744475644,0.00376056491119332
807.34952997192,0.00438117270490757
807.471615187401,0.00576450214163367
807.593700402881,0.00525731501761711
807.715785618362,0.00414790887868043
807.837870833842,0.00426815649932057
807.959956049322,0.00467647864029198
808.082041264803,0.00498250104225067
808.204126480283,0.00552783123042886
808.326211695764,0.00581978156454876
808.448296911244,0.00577137382605946
808.570382126724,0.00582122410948162
808.692467342205,0.00602329737578066
808.814552557685,0.00618965525056591
808.936637773166,0.0062293573940406
809.058722988646,0.00638301121837793
809.180808204127,0.00693511925486421
809.302893419607,0.0077124153332056
809.424978635087,0.00810569542750497
809.547063850568,0.00775571742026507
809.669149066048,0.00761955215879162
809.791234281529,0.00864841001834825
809.913319497009,0.00976734563952436
810.035404712489,0.0102420033739691
810.15748992797,0.0108330794263256
810.27957514345,0.0108998894414035
810.401660358931,0.00996461150987081
810.523745574411,0.00955379018859109
810.645830789891,0.00926132326223769
810.767916005372,0.00764617300453576
810.890001220852,0.00629982520916437
811.012086436333,0.00643261740807958
811.134171651813,0.00687011002745882
811.256256867293,0.00737373201535972
811.378342082774,0.00770776888158591
811.500427298254,0.00678184642319606
811.622512513735,0.00563253566266999
811.744597729215,0.00591950101013045
811.866682944695,0.00663543859536127
811.988768160176,0.00615331468450008
812.110853375656,0.0049971442918224
812.232938591137,0.00464072186378734
812.355023806617,0.00481390883377611
812.477109022098,0.00419118996106273
812.599194237578,0.00352784000674991
812.721279453058,0.0042293578182482
812.843364668539,0.00536835496248393
812.965449884019,0.0062926214680856
813.0875350995,0.00784153862942554
813.20962031498,0.00913246593880911
813.33170553046,0.00882962840745402
813.453790745941,0.00816803447077433
813.575875961421,0.00848965631185888
813.697961176902,0.00891292600179252
813.820046392382,0.00841611426793526
813.942131607862,0.00788383362166567
814.064216823343,0.00861198453756978
814.186302038823,0.00969568401631061
814.308387254304,0.00972281594784305
814.430472469784,0.00960868639151376
814.552557685264,0.00996474469042881
814.674642900745,0.00973896527092247
814.796728116225,0.00963520069727025
814.918813331706,0.0106880427468908
815.040898547186,0.0113039087875284
815.162983762666,0.0109857937405784
815.285068978147,0.0112912663603067
815.407154193627,0.0116493423195489
815.529239409108,0.0109562946494329
815.651324624588,0.0105894589995775
815.773409840068,0.0112812257090325
815.895495055549,0.0117290296785838
816.017580271029,0.0113905410160932
816.13966548651,0.0106589154461045
816.26175070199,0.00971172405985883
816.38383591747,0.00908774751084544
816.505921132951,0.00923794027396763
816.628006348431,0.00951473233065722
816.750091563912,0.00934199961899654
816.872176779392,0.0092310192931973
816.994261994872,0.00945618490886851
817.116347210353,0.00939697481755301
817.238432425833,0.00896708712730118
817.360517641314,0.00889649795975531
817.482602856794,0.00934507885801671
817.604688072275,0.00981563210060848
817.726773287755,0.0100789059293159
817.848858503235,0.0101257410037962
817.970943718716,0.00982976623081727
818.093028934196,0.00924538652868883
818.215114149677,0.00887778677750709
818.337199365157,0.00901981462470201
818.459284580637,0.0090347508034155
818.581369796118,0.00860818053753291
818.703455011598,0.00867745157977957
818.825540227079,0.00928803009685447
818.947625442559,0.00925252828627267
819.069710658039,0.00877930425638434
819.19179587352,0.00850483832176825
819.313881089,0.00795188593549398
819.435966304481,0.00777753803334145
819.558051519961,0.00847592777384844
819.680136735441,0.00813971127501871
819.802221950922,0.00690772287665025
819.924307166402,0.00714094008402829
820.046392381883,0.00777929228318014
820.168477597363,0.00735837886416158
820.290562812843,0.00746354066143232
820.412648028324,0.00772233692494897
820.534733243804,0.00695029358165044
820.656818459285,0.00695776782406883
820.778903674765,0.0075157835885273
820.900988890245,0.00656226292603264
821.023074105726,0.00544782067785638
821.145159321206,0.00503144876543272
821.267244536687,0.00435014952307692
821.389329752167,0.0046448399262257
821.511414967647,0.00554373176440612
821.633500183128,0.00476407130980813
821.755585398608,0.00391470639245726
821.877670614089,0.00404975518201389
821.999755829569,0.00280569789114205
822.12184104505,0.00106697512913845
822.24392626053,0.000900077703582671
822.36601147601,0.000796024721380871
822.488096691491,0.000137608119240255
822.610181906971,-0.000173716112533837
822.732267122452,-0.000575096255470905
822.854352337932,-0.00111636429447205
822.976437553412,-0.00156914130589076
823.098522768893,-0.00159820652977696
823.220607984373,-0.000217988386963995
823.342693199854,0.000902200031338889
823.464778415334,7.83051630801902e-05
823.586863630814,0.000215205010460023
823.708948846295,0.00219397874828997
823.831034061775,0.00299509349923579
823.953119277256,0.003142979378448
824.075204492736,0.00425130036194742
824.197289708216,0.00489582923417741
824.319374923697,0.00476692038149342
824.441460139177,0.00437668590430499
824.563545354658,0.00369618275564163
824.685630570138,0.00420025154376947
824.807715785618,0.00566282620320775
824.929801001099,0.00584523113753535
825.051886216579,0.00529988861218951
825.17397143206,0.00479234320491367
825.29605664754,0.00352931768066714
825.41814186302,0.00284088449703417
825.540227078501,0.00347882705347962
825.662312293981,0.00359611008327949
825.784397509462,0.00307311364254613
825.906482724942,0.00279324569534223
826.028567940422,0.00227420457342736
826.150653155903,0.00149673164712366
826.272738371383,0.00068461291531181
826.394823586864,-4.93524811231057e-05
826.516908802344,-0.000189724298851978
826.638994017824,-0.00057325149152774
826.761079233305,-0.00187499367149792
826.883164448785,-0.00277348909951566
827.005249664266,-0.00347552247541339
827.127334879746,-0.00519154163558912
827.249420095227,-0.00661108555563989
827.371505310707,-0.00691936898323181
827.493590526187,-0.00731762365200994
827.615675741668,-0.00769480857099108
827.737760957148,-0.00751842845309703
827.859846172629,-0.00756262351872768
827.981931388109,-0.00810680658212364
828.104016603589,-0.00886230479826673
828.22610181907,-0.00965486121098245
828.34818703455,-0.00984578963606234
828.470272250031,-0.00931718350333723
828.592357465511,-0.00874737726667772
828.714442680991,-0.00815048626640093
828.836527896472,-0.00756832918856611
828.958613111952,-0.00772706271662825
829.080698327433,-0.00828645954617798
829.202783542913,-0.0083367620017093
829.324868758393,-0.00837014618119012
829.446953973874,-0.00870442849305011
829.569039189354,-0.00868070282319258
829.691124404835,-0.00902550798861598
829.813209620315,-0.0102607720806073
829.935294835795,-0.0104192815534355
830.057380051276,-0.00916054711298618
830.179465266756,-0.00865112417617312
830.301550482237,-0.00863010200534838
830.423635697717,-0.00798990778215352
830.545720913197,-0.00800659027304306
830.667806128678,-0.00889252689545076
830.789891344158,-0.00957333066685775
830.911976559639,-0.0104145163622809
831.034061775119,-0.0112213048804806
831.156146990599,-0.0114822062952076
831.27823220608,-0.0121760711822729
831.40031742156,-0.0129190448590847
831.522402637041,-0.0125893569646347
831.644487852521,-0.0123430605326326
831.766573068001,-0.0127833543383343
831.888658283482,-0.0132065417233535
832.010743498962,-0.0141778389594255
832.132828714443,-0.0155849614176168
832.254913929923,-0.0162611818247133
832.376999145404,-0.0165341419664518
832.499084360884,-0.016630162294619
832.621169576364,-0.0161158572436439
832.743254791845,-0.0157342796293709
832.865340007325,-0.015557611562243
832.987425222806,-0.0146585704015197
833.109510438286,-0.0136478388636168
833.231595653766,-0.0131663658511679
833.353680869247,-0.0125817711537602
833.475766084727,-0.0121802169986174
833.597851300208,-0.0125719206893093
833.719936515688,-0.01312166135201
833.842021731168,-0.0135135366958221
833.964106946649,-0.0137861374450047
834.086192162129,-0.0131409620543065
834.20827737761,-0.0120033819133612
834.33036259309,-0.0123309473773793
834.45244780857,-0.0138501238068392
834.574533024051,-0.0146431153547754
834.696618239531,-0.0148440978801437
834.818703455012,-0.0149414753634579
834.940788670492,-0.0144321790482104
835.062873885972,-0.0144721277357544
835.184959101453,-0.0157782921485876
835.307044316933,-0.0165267382116279
835.429129532414,-0.0167379539316532
835.551214747894,-0.0176540776359403
835.673299963375,-0.017749114471941
835.795385178855,-0.0166502165300116
835.917470394335,-0.0165890340123697
836.039555609816,-0.0174811201954383
836.161640825296,-0.0180204862614366
836.283726040776,-0.0183142825232988
836.405811256257,-0.0181864691435089
836.527896471737,-0.0177643782160909
836.649981687218,-0.0176881472661513
836.772066902698,-0.017660220464744
836.894152118179,-0.0180588996207285
837.016237333659,-0.0193012847704145
837.138322549139,-0.020040045773548
837.26040776462,-0.0200367804686498
837.3824929801,-0.0201174153573609
837.504578195581,-0.0196478022723548
837.626663411061,-0.0187558265724233
837.748748626541,-0.0185278082738756
837.870833842022,-0.0186934084108905
837.992919057502,-0.0190350480387668
838.115004272983,-0.0195038305520719
838.237089488463,-0.0194073789515624
838.359174703943,-0.0191298996725198
838.481259919424,-0.0190997804825841
838.603345134904,-0.0187163177026859
838.725430350385,-0.0181386711590794
838.847515565865,-0.0173240249636368
838.969600781345,-0.0160366016581532
839.091685996826,-0.0156799380427727
839.213771212306,-0.0162956127819193
839.335856427787,-0.0160140627761753
839.457941643267,-0.0152568086202425
839.580026858747,-0.0151185497774419
839.702112074228,-0.0147943125022264
839.824197289708,-0.0142779374735447
839.946282505189,-0.014538338771983
840.068367720669,-0.0153931995150837
840.190452936149,-0.0160129700219387
840.31253815163,-0.0160754445221736
840.43462336711,-0.0161364373135325
840.556708582591,-0.0163928886538863
840.678793798071,-0.0160559517055457
840.800879013552,-0.0152851809256575
840.922964229032,-0.0144770935141762
841.045049444512,-0.013302180830184
841.167134659993,-0.0128887435667708
841.289219875473,-0.0132748281953086
841.411305090953,-0.0120918018779118
841.533390306434,-0.0107681529515158
841.655475521914,-0.0119741438166359
841.777560737395,-0.012932515689943
841.899645952875,-0.0120310362939307
842.021731168356,-0.0117602545609392
842.143816383836,-0.0114654510402588
842.265901599316,-0.00989204289559904
842.387986814797,-0.009216197123792
842.510072030277,-0.00957418280088338
842.632157245758,-0.00929916959030877
842.754242461238,-0.00889650169602142
842.876327676718,-0.00860314269937903
842.998412892199,-0.00801760489357275
843.120498107679,-0.00783281763371822
843.24258332316,-0.00806271120103981
843.36466853864,-0.00826381539898189
843.48675375412,-0.0088330179592169
843.608838969601,-0.00959477734220707
843.730924185081,-0.00989202024599657
843.853009400562,-0.0100370747673521
843.975094616042,-0.0106343545568487
844.097179831523,-0.0111307397563364
844.219265047003,-0.010672763630216
844.341350262483,-0.0102314558027962
844.463435477964,-0.0106568853018978
844.585520693444,-0.0104017224260729
844.707605908924,-0.00956424742694596
844.829691124405,-0.010221801594049
844.951776339885,-0.01110893473031
845.073861555366,-0.0107192967666917
845.195946770846,-0.0109876575889183
845.318031986326,-0.0118842952213614
845.440117201807,-0.0118503530925794
845.562202417287,-0.0120781028520851
845.684287632768,-0.0125292177147611
845.806372848248,-0.0118264285310063
845.928458063729,-0.0115819614834317
846.050543279209,-0.0124249970846545
846.172628494689,-0.0123762740669549
846.29471371017,-0.0118163199640592
846.41679892565,-0.0117734096859113
846.53888414113,-0.0110805839657744
846.660969356611,-0.00988594713508838
846.783054572091,-0.00991005669655289
846.905139787572,-0.0110077106508616
847.027225003052,-0.0116511520394583
847.149310218533,-0.0112936790081376
847.271395434013,-0.0104885346034594
847.393480649493,-0.00983762357825015
847.515565864974,-0.00995614496574225
847.637651080454,-0.0110091726633816
847.759736295935,-0.0115681220158837
847.881821511415,-0.0110630713991888
848.003906726895,-0.0112382501932452
848.125991942376,-0.0115705147910724
848.248077157856,-0.0100906192190932
848.370162373337,-0.00897443200372225
848.492247588817,-0.00989165534522847
848.614332804297,-0.00978514998303584
848.736418019778,-0.00810478295311581
848.858503235258,-0.00780098598001406
848.980588450739,-0.00853767526302124
849.102673666219,-0.00851312093490438
849.2247588817,-0.00848610277687119
849.34684409718,-0.00898295321084821
849.46892931266,-0.00866474798585828
849.591014528141,-0.00697092575619776
849.713099743621,-0.00576007407029871
849.835184959101,-0.00654360315949683
849.957270174582,-0.00754961945593254
850.079355390062,-0.00727509975551708
850.201440605543,-0.00693602958999177
850.323525821023,-0.00638263782342299
850.445611036504,-0.00510560446393929
850.567696251984,-0.0052678999600285
850.689781467464,-0.00666054544003311
850.811866682945,-0.00656986946510322
850.933951898425,-0.00581563832313115
851.056037113906,-0.00557185434838743
851.178122329386,-0.0044269709563385
851.300207544866,-0.00318183429439422
851.422292760347,-0.00334589554845612
851.544377975827,-0.00347421707042091
851.666463191308,-0.00281969238279326
851.788548406788,-0.00232197045870154
851.910633622268,-0.00215417071514813
852.032718837749,-0.00223978746995797
852.154804053229,-0.00198991914148252
852.27688926871,-0.000744069871745867
852.39897448419,0.000496124346652111
852.52105969967,0.00141198812143314
852.643144915151,0.00283923498831409
852.765230130631,0.00383431005234643
852.887315346112,0.00392942240495374
853.009400561592,0.00452133375498371
853.131485777072,0.00513286861487508
853.253570992553,0.00466203150625037
853.375656208033,0.00422354240071273
853.497741423514,0.0043622455981217
853.619826638994,0.00448896048319802
853.741911854474,0.00488253133979691
853.863997069955,0.00535043198806628
853.986082285435,0.00532028841436168
854.108167500916,0.00548219078383284
854.230252716396,0.00600709907976609
854.352337931877,0.00593838159804894
854.474423147357,0.00559963400402731
854.596508362837,0.00623178161051892
854.718593578318,0.00765474400010971
854.840678793798,0.00856699627834831
854.962764009279,0.00851304315738678
855.084849224759,0.00824105049191685
855.206934440239,0.00829007805211915
855.32901965572,0.00828796748823919
855.4511048712,0.00779583452902496
855.573190086681,0.00714889664586155
855.695275302161,0.00704058025773043
855.817360517641,0.00725074467058622
855.939445733122,0.00714377351708519
856.061530948602,0.00732485023028903
856.183616164083,0.0080470567399946
856.305701379563,0.00803201582203151
856.427786595043,0.00755751663033556
856.549871810524,0.00784258766737197
856.671957026004,0.00774179402091333
856.794042241485,0.006783027878909
856.916127456965,0.00650465795109636
857.038212672445,0.00630318182084104
857.160297887926,0.00529401125856397
857.282383103406,0.00493545422645242
857.404468318887,0.00515189922571351
857.526553534367,0.00490459555166757
857.648638749847,0.00495014155446347
857.770723965328,0.00498746746394544
857.892809180808,0.00446165300094824
858.014894396289,0.00479093651285492
858.136979611769,0.00549274565497643
858.259064827249,0.00492736386071207
858.38115004273,0.00428709963200462
858.50323525821,0.00443566503810314
858.625320473691,0.00461596023796661
858.747405689171,0.00510095510442216
858.869490904652,0.00550362002792586
858.991576120132,0.00487316620816976
859.113661335612,0.00401064971815014
859.235746551093,0.00333701951364261
859.357831766573,0.00265023876778004
859.479916982054,0.00269673016510382
859.602002197534,0.00305328768572312
859.724087413014,0.0027694811321679
859.846172628495,0.002623076830523
859.968257843975,0.0031456337402455
860.090343059456,0.004048061913924
860.212428274936,0.00485405503146423
860.334513490416,0.00450302035684853
860.456598705897,0.00379656915765014
860.578683921377,0.00448737929895635
860.700769136858,0.0051148902309144
860.822854352338,0.00460750604659307
860.944939567818,0.00492817611005896
861.067024783299,0.00587721268439415
861.189109998779,0.00570442112065358
861.31119521426,0.00514657445442853
861.43328042974,0.00504407632789379
861.55536564522,0.00532473312712563
861.677450860701,0.00613982255385341
861.799536076181,0.00666522605559553
861.921621291662,0.0066488905890516
862.043706507142,0.00716141613590449
862.165791722622,0.00757940343497174
862.287876938103,0.00694743431296918
862.409962153583,0.00614567819430673
862.532047369064,0.00556199299513252
862.654132584544,0.0052167478580543
862.776217800024,0.00576246697874422
862.898303015505,0.00652751831928242
863.020388230985,0.0065029467934804
863.142473446466,0.00632316183535639
863.264558661946,0.00655564518546875
863.386643877426,0.00694793691452381
863.508729092907,0.00746767442839963
863.630814308387,0.00805582121414872
863.752899523868,0.00826477379338365
863.874984739348,0.00780676959136455
863.997069954829,0.0074006921220516
864.119155170309,0.00805587691118708
864.241240385789,0.00918302311733262
864.36332560127,0.00960407468741062
864.48541081675,0.00921633889084567
864.607496032231,0.00810721226606476
864.729581247711,0.00694009020786377
864.851666463191,0.00678955107245595
864.973751678672,0.00698313995460287
865.095836894152,0.00695676923153783
865.217922109633,0.00748177486885849
865.340007325113,0.00778188699204112
865.462092540593,0.0073837702174921
865.584177756074,0.00769244160318715
865.706262971554,0.0080440340334866
865.828348187035,0.00770034077808973
865.950433402515,0.0083936140923542
866.072518617995,0.00916917991381382
866.194603833476,0.00816367274580269
866.316689048956,0.00751790069959332
866.438774264437,0.00772952055696825
866.560859479917,0.00680672990246481
866.682944695397,0.00628888861302803
866.805029910878,0.0071250141264443
866.927115126358,0.00686172733941496
867.049200341839,0.00592496594039686
867.171285557319,0.00619982722668806
867.293370772799,0.00641911708026387
867.41545598828,0.00604901503653736
867.53754120376,0.00663295432254054
867.659626419241,0.00790311395717284
867.781711634721,0.00830374031589182
867.903796850201,0.00775751458868652
868.025882065682,0.00750260980381515
868.147967281162,0.00802854794859877
868.270052496643,0.00820754915239071
868.392137712123,0.00723357797029451
868.514222927603,0.00566407579687793
868.636308143084,0.00441591280548116
868.758393358564,0.00460033546468216
868.880478574045,0.00617241293044079
869.002563789525,0.00721885345818892
869.124649005006,0.00740814004952364
869.246734220486,0.00809565933330178
869.368819435966,0.00872775981613201
869.490904651447,0.00857612202110759
869.612989866927,0.00871181101689901
869.735075082408,0.00944957670171174
869.857160297888,0.0103638438281958
869.979245513368,0.0112317413902044
870.101330728849,0.0111379212857533
870.223415944329,0.0104854234352357
870.34550115981,0.0109981624636434
870.46758637529,0.011585791200543
870.58967159077,0.0103002073014491
870.711756806251,0.00874840141033562
870.833842021731,0.00884611615303915
870.955927237212,0.00957803284137248
871.078012452692,0.00975059881230113
871.200097668172,0.00949270445060264
871.322182883653,0.00906943543748074
871.444268099133,0.00864772339292805
871.566353314614,0.00816790381819465
871.688438530094,0.00744246127823907
871.810523745574,0.00694541244347186
871.932608961055,0.00712422669655527
872.054694176535,0.00740018078666117
872.176779392016,0.00716003099489708
872.298864607496,0.00650493952713511
872.420949822977,0.00568052027833667
872.543035038457,0.0048939727570212
872.665120253937,0.00422960300079435
872.787205469418,0.00393716918149415
872.909290684898,0.00484097312711435
873.031375900378,0.00652259775035454
873.153461115859,0.00713727342191537
873.275546331339,0.0069215054124511
873.39763154682,0.00698922187174114
873.5197167623,0.00617079410745347
873.641801977781,0.00495140376832154
873.763887193261,0.00566851641880411
873.885972408741,0.00654478097811037
874.008057624222,0.00583652959340063
874.130142839702,0.00655976578609775
874.252228055183,0.00881279649881939
874.374313270663,0.00910829623254278
874.496398486143,0.00816498786745243
874.618483701624,0.00786054792169637
874.740568917104,0.00755523341073174
874.862654132585,0.00792894939840391
874.984739348065,0.00924206944419955
875.106824563545,0.00965969779676734
875.228909779026,0.00923751945891856
875.350994994506,0.00872244196205898
875.473080209987,0.00796379515015361
875.595165425467,0.00796377113030787
875.717250640947,0.00845879279872952
875.839335856428,0.00812139034732375
875.961421071908,0.008403415777881
876.083506287389,0.00963414282424783
876.205591502869,0.00928985518539564
876.327676718349,0.00778963479222471
876.44976193383,0.00720351854037195
876.57184714931,0.00696002347977592
876.693932364791,0.00612178682631216
876.816017580271,0.00492088555316546
876.938102795751,0.00425982040662909
877.060188011232,0.00494741255563876
877.182273226712,0.00564352921212688
877.304358442193,0.00528750714636848
877.426443657673,0.00553522104977976
877.548528873154,0.00653070409715045
877.670614088634,0.00675141519347279
877.792699304114,0.00671144444947704
877.914784519595,0.0067122545553758
878.036869735075,0.00600878483900551
878.158954950555,0.00507575845570428
878.281040166036,0.00409865626617781
878.403125381516,0.00321981782571585
878.525210596997,0.00347799614315904
878.647295812477,0.00389912058438047
878.769381027958,0.00312952509088594
878.891466243438,0.00251248068846485
879.013551458918,0.0027264438381144
879.135636674399,0.00283797137845584
879.257721889879,0.00275885530143883
879.37980710536,0.00247529896835184
879.50189232084,0.00196948948472885
879.62397753632,0.00139511919137285
879.746062751801,0.000387967794789161
879.868147967281,-0.000127335965131672
879.990233182762,0.000533884374063937
880.112318398242,0.000550999570664235
880.234403613722,0.00024253787570912
880.356488829203,0.00149241791907928
880.478574044683,0.00234436041411797
880.600659260164,0.00171670579134895
880.722744475644,0.00189864515262434
880.844829691125,0.00239184869070476
880.966914906605,0.00205226964796851
881.089000122085,0.00227741783844045
881.211085337566,0.00214632576383897
881.333170553046,0.000354565970702622
881.455255768526,-0.000884386856084335
881.577340984007,-0.000830093942647974
881.699426199487,-0.00100321273780889
881.821511414968,-0.00122917690777634
881.943596630448,-0.00114612240950875
882.065681845929,-0.00107686530853592
882.187767061409,-0.000638313949086543
882.309852276889,0.000279306712488426
882.43193749237,0.00113875226493435
882.55402270785,0.00111583319350686
882.676107923331,-3.03452962285102e-07
882.798193138811,-0.000799576944423461
882.920278354291,-0.00104233378955345
883.042363569772,-0.00181709200555414
883.164448785252,-0.00196943835835405
883.286534000733,-0.0013209900597617
883.408619216213,-0.00187862695628348
883.530704431693,-0.00219452854823786
883.652789647174,-0.00122406209376878
883.774874862654,-0.00220214097748172
883.896960078135,-0.004295504992267
884.019045293615,-0.00378531923079564
884.141130509095,-0.00258708883652622
884.263215724576,-0.00281309307050373
884.385300940056,-0.00274930957749372
884.507386155537,-0.0024687084116332
884.629471371017,-0.00272478094861822
884.751556586497,-0.002956263615282
884.873641801978,-0.0035775294163518
884.995727017458,-0.00373216293234602
885.117812232939,-0.00197640189909701
885.239897448419,-6.87289842179947e-06
885.361982663899,0.000993968168087702
885.48406787938,0.00186016749863244
885.60615309486,0.00228271837336842
885.728238310341,0.00254837182727688
885.850323525821,0.00333299461841109
885.972408741302,0.00347661279113239
886.094493956782,0.00319350561261216
886.216579172262,0.00357402610680454
886.338664387743,0.00354414078517383
886.460749603223,0.00327051911759724
886.582834818703,0.00409754076819056
886.704920034184,0.004913794086252
886.827005249664,0.00501960749090324
886.949090465145,0.00524494484742571
887.071175680625,0.00524545168032361
887.193260896106,0.0050351499464716
887.315346111586,0.0051651399495358
887.437431327066,0.00505302941461463
887.559516542547,0.0049270243877987
887.681601758027,0.00522124419051908
887.803686973508,0.00486702751517025
887.925772188988,0.00402455145307385
888.047857404468,0.00381781576079289
888.169942619949,0.00385008255121365
888.292027835429,0.00407712978027794
888.41411305091,0.00503856730668652
888.53619826639,0.00587967534112645
888.65828348187,0.00583842108718076
888.780368697351,0.00534405368542496
888.902453912831,0.00504881712341315
889.024539128312,0.00536604047033821
889.146624343792,0.00569577292997069
889.268709559272,0.00524824771864817
889.390794774753,0.00472731698282447
889.512879990233,0.00478626140308488
889.634965205714,0.00510795605497522
889.757050421194,0.00566641327079995
889.879135636674,0.00586376100140098
890.001220852155,0.00467398878658122
890.123306067635,0.00294427394659903
890.245391283116,0.00213859674666414
890.367476498596,0.00213753591273566
890.489561714076,0.00245901411123038
890.611646929557,0.00293580552697393
890.733732145037,0.00302688565790481
890.855817360518,0.00263921579773193
890.977902575998,0.00252266074455301
891.099987791479,0.00304223636336931
891.222073006959,0.00380678842452204
891.344158222439,0.00419363770088522
891.46624343792,0.00372134328894606
891.5883286534,0.00294230601445388
891.71041386888,0.0030353985991761
891.832499084361,0.00345305621696019
891.954584299841,0.00292530628461354
892.076669515322,0.00242210733675469
892.198754730802,0.00287231290519609
892.320839946283,0.00323132047475488
892.442925161763,0.00347932322644835
892.565010377243,0.00382466367005636
892.687095592724,0.0030486192869868
892.809180808204,0.00213063341789324
892.931266023685,0.00262793034478304
893.053351239165,0.00286963500030673
893.175436454645,0.00270890438460644
893.297521670126,0.00369756603527067
893.419606885606,0.00395445129403195
893.541692101087,0.0031610387967102
893.663777316567,0.0043481484063583
893.785862532047,0.0061160590961881
893.907947747528,0.00578659965334649
894.030032963008,0.00541348971706365
894.152118178489,0.00582861303184966
894.274203393969,0.00549385252119602
894.396288609449,0.00535041438067669
894.51837382493,0.00604345355199906
894.64045904041,0.00648942497159284
894.762544255891,0.00670008110508486
894.884629471371,0.00648992454837476
895.006714686851,0.00545148486560175
895.128799902332,0.00460937567923101
895.250885117812,0.00447904034699945
895.372970333293,0.0048010414889465
895.495055548773,0.00557547074658152
895.617140764254,0.00614861222715268
895.739225979734,0.00626262060400812
895.861311195214,0.00645146342342666
895.983396410695,0.0065902505684237
896.105481626175,0.00712981177414727
896.227566841656,0.00856031088421581
896.349652057136,0.00938704448414411
896.471737272616,0.00911806413848544
896.593822488097,0.00926193638563648
896.715907703577,0.00970391516555032
896.837992919058,0.00937033652221919
896.960078134538,0.00829752798976332
897.082163350018,0.00670838266225718
897.204248565499,0.00539860856723126
897.326333780979,0.00527177612188163
897.44841899646,0.00522457901497521
897.57050421194,0.00388326497355073
897.69258942742,0.00198375940298656
897.814674642901,0.00092817184108513
897.936759858381,0.00113146581891428
898.058845073862,0.00205777812362019
898.180930289342,0.00283238879327854
898.303015504822,0.00286085920902261
898.425100720303,0.00201540891358646
898.547185935783,0.00081333893497383
898.669271151264,-8.11400795194931e-06
898.791356366744,-0.000243863692622156
898.913441582224,0.000282309784975519
899.035526797705,0.00138866933979422
899.157612013185,0.00182758815693057
899.279697228666,0.00134822568821663
899.401782444146,0.00115086554805906
899.523867659626,0.00140113945359513
899.645952875107,0.0016738841635373
899.768038090587,0.00182861085121846
899.890123306068,0.00107702256629582
900.012208521548,-0.000199342391416681
900.134293737028,-0.000301933026542161
900.256378952509,0.000178209905986421
900.378464167989,-5.52201347470759e-05
900.50054938347,0.000140980369070319
900.62263459895,0.0011289313757612
900.744719814431,0.00136538023748839
900.866805029911,0.00107505090307971
900.988890245391,0.00142238727180253
901.110975460872,0.00170418080297264
901.233060676352,0.00113229189702079
901.355145891833,0.000464229326785648
901.477231107313,0.000382505493474928
901.599316322793,0.000673177793408053
901.721401538274,0.00109013586432405
901.843486753754,0.00141918584226102
901.965571969235,0.000987594631382899
902.087657184715,-0.000598997815274203
902.209742400195,-0.00248121441643098
902.331827615676,-0.00330110194904982
902.453912831156,-0.00267342623301173
902.575998046637,-0.00155798695956131
902.698083262117,-0.00133608493239792
902.820168477597,-0.00213730862179758
902.942253693078,-0.00253411460834138
903.064338908558,-0.00185165949971498
903.186424124039,-0.00137693253043392
903.308509339519,-0.00198170500878458
903.430594554999,-0.00275291272497482
903.55267977048,-0.00311046645281583
903.67476498596,-0.0034529738740987
903.796850201441,-0.00356952890185783
903.918935416921,-0.00352029197764733
904.041020632402,-0.00424101204687699
904.163105847882,-0.0050121859615598
904.285191063362,-0.0045016449177342
904.407276278843,-0.00395964840753666
904.529361494323,-0.00432255535444621
904.651446709803,-0.00417676882219093
904.773531925284,-0.00345853352299811
904.895617140764,-0.00281262886804753
905.017702356245,-0.00132050308903512
905.139787571725,0.00010903299912397
905.261872787205,-0.000250227120909184
905.383958002686,-0.000493624480018465
905.506043218166,0.000975142311932967
905.628128433647,0.00255737153446946
905.750213649127,0.00371721278007041
905.872298864608,0.0045393192620261
905.994384080088,0.00402995268580156
906.116469295568,0.00321895710400775
906.238554511049,0.00329303622463037
906.360639726529,0.00287210131203093
906.48272494201,0.00228405226854151
906.60481015749,0.0028363651390668
906.72689537297,0.00244071184071619
906.848980588451,0.000431267000774583
906.971065803931,-0.000206450208227005
907.093151019412,0.000345002844870414
907.215236234892,-0.000225533478578563
907.337321450372,-0.000702497852479159
907.459406665853,-0.000168619656991027
907.581491881333,-0.000307030643139942
907.703577096814,-0.000593357268985942
907.825662312294,0.000489121407578639
907.947747527774,0.00173594778546844
908.069832743255,0.00216075150095031
908.191917958735,0.00224087419481282
908.314003174216,0.00181998496711796
908.436088389696,0.00146022422797897
908.558173605176,0.00206850101869838
908.680258820657,0.00217468082407264
908.802344036137,0.000652150554458081
908.924429251618,-0.000875119883521228
909.046514467098,-0.00146134503202689
909.168599682579,-0.00191763231363761
909.290684898059,-0.00251147568552463
909.412770113539,-0.00295169790905418
909.53485532902,-0.00296876198277063
909.6569405445,-0.00262717838373794
909.77902575998,-0.0029655847041684
909.901110975461,-0.00457946277058024
910.023196190941,-0.00655386810836026
910.145281406422,-0.00788159254149877
910.267366621902,-0.00803523712886092
910.389451837383,-0.00719849756567045
910.511537052863,-0.00660819938881267
910.633622268343,-0.00657771242611269
910.755707483824,-0.00610534592831823
910.877792699304,-0.00539419714334054
910.999877914785,-0.00532360305842032
911.121963130265,-0.00562944934441887
911.244048345745,-0.00582916932998032
911.366133561226,-0.00567762048002588
911.488218776706,-0.00534790616256842
911.610303992187,-0.00591969309368888
911.732389207667,-0.00711401311183203
911.854474423147,-0.00718667496564009
911.976559638628,-0.0067200735879272
912.098644854108,-0.00705274751225274
912.220730069589,-0.00694913379557396
912.342815285069,-0.00629518382710823
912.464900500549,-0.00693842720215884
912.58698571603,-0.00779909011275925
912.70907093151,-0.00718493490496016
912.831156146991,-0.0066679236176896
912.953241362471,-0.00656052953478039
913.075326577951,-0.00528907463078255
913.197411793432,-0.00423905994555775
913.319497008912,-0.00470799606541345
913.441582224393,-0.00496294210701662
913.563667439873,-0.00506927366884568
913.685752655353,-0.00618722662448999
913.807837870834,-0.00666706733775196
913.929923086314,-0.00619682545866814
914.052008301795,-0.00686168013218257
914.174093517275,-0.00792714190166622
914.296178732756,-0.00789088156891749
914.418263948236,-0.00793922546664093
914.540349163716,-0.0083676574928776
914.662434379197,-0.00838891684249795
914.784519594677,-0.0089630764982529
914.906604810157,-0.0101832567411424
915.028690025638,-0.0104047701078024
915.150775241118,-0.00981909884077402
915.272860456599,-0.00979171154929305
915.394945672079,-0.0101972998602218
915.51703088756,-0.0105588320741909
915.63911610304,-0.011062943172434
915.76120131852,-0.0114042895217424
915.883286534001,-0.011035951946706
916.005371749481,-0.0106753901817426
916.127456964962,-0.0114951856382879
916.249542180442,-0.0130384148960327
916.371627395922,-0.0140529036316363
916.493712611403,-0.0141879064463738
916.615797826883,-0.0132745221288347
916.737883042364,-0.0116501384535554
916.859968257844,-0.0109348202159926
916.982053473324,-0.0114334818274941
917.104138688805,-0.0115101560085166
917.226223904285,-0.0108618715273995
917.348309119766,-0.0106540498959078
917.470394335246,-0.0113956333633368
917.592479550727,-0.0125863556493457
917.714564766207,-0.0130472812536237
917.836649981687,-0.0128743655293934
917.958735197168,-0.01379735908368
918.080820412648,-0.0150603282794146
918.202905628128,-0.0144807690335521
918.324990843609,-0.0137886877107161
918.447076059089,-0.0150298188619696
918.56916127457,-0.0159784283833952
918.69124649005,-0.0152345265913783
918.813331705531,-0.0144074625131808
918.935416921011,-0.0138775626462937
919.057502136491,-0.0132011348064165
919.179587351972,-0.0128016715843979
919.301672567452,-0.0123905030581695
919.423757782933,-0.0118614951656095
919.545842998413,-0.0123319064232969
919.667928213893,-0.0137221559015484
919.790013429374,-0.0145441420777227
919.912098644854,-0.0142863652354722
920.034183860335,-0.0135668630950036
920.156269075815,-0.0128929828435397
920.278354291295,-0.012204039301968
920.400439506776,-0.0112976647790472
920.522524722256,-0.0105555603967424
920.644609937737,-0.010455039404008
920.766695153217,-0.0106662353099718
920.888780368697,-0.0107369558413495
921.010865584178,-0.0108974948162595
921.132950799658,-0.0114413454327805
921.255036015139,-0.0119993999335132
921.377121230619,-0.0118715984751679
921.499206446099,-0.0110291019657529
921.62129166158,-0.0102964351992453
921.74337687706,-0.0101812750672088
921.865462092541,-0.0101521071664621
921.987547308021,-0.0093319625687129
922.109632523501,-0.00781310407367287
922.231717738982,-0.00721268422568369
922.353802954462,-0.00849207500301226
922.475888169943,-0.00969482001303366
922.597973385423,-0.00903950036868442
922.720058600904,-0.00835225632517943
922.842143816384,-0.00938315022953437
922.964229031864,-0.0106070371651417
923.086314247345,-0.0108983843733295
923.208399462825,-0.0111479812419761
923.330484678305,-0.0113369544447664
923.452569893786,-0.0109101409181777
923.574655109266,-0.0104655058500586
923.696740324747,-0.0104126010428059
923.818825540227,-0.010671707377756
923.940910755708,-0.0112665561002799
924.062995971188,-0.0114662134816761
924.185081186668,-0.0108711776761323
924.307166402149,-0.0106157917643396
924.429251617629,-0.0111655226246099
924.55133683311,-0.0118397927383544
924.67342204859,-0.0125591928055508
924.79550726407,-0.0131178595949144
924.917592479551,-0.0132924722995429
925.039677695031,-0.0139910331285931
925.161762910512,-0.0148970776386441
925.283848125992,-0.0144306020475558
925.405933341472,-0.0134952460574396
925.528018556953,-0.0135450174598968
925.650103772433,-0.0133848257194773
925.772188987914,-0.0126688059703026
925.894274203394,-0.0127595228118567
926.016359418874,-0.0131196074221913
926.138444634355,-0.0130156881282774
926.260529849835,-0.0132748258126136
926.382615065316,-0.0132325783024577
926.504700280796,-0.0119193299082974
926.626785496276,-0.0107735905308573
926.748870711757,-0.010438344461426
926.870955927237,-0.00989984486624642
926.993041142718,-0.00953547471380719
927.115126358198,-0.00950120994965432
927.237211573679,-0.0085186068274488
927.359296789159,-0.00717855448669747
927.481382004639,-0.00699455085695427
927.60346722012,-0.00694395681775296
927.7255524356,-0.00577679938987474
927.847637651081,-0.00465134429246842
927.969722866561,-0.00478628690558593
928.091808082041,-0.00571211279048861
928.213893297522,-0.00661746284354353
928.335978513002,-0.0072778384410482
928.458063728482,-0.00755682027953641
928.580148943963,-0.00720607663894518
928.702234159443,-0.00634835255959094
928.824319374924,-0.00551275261590477
928.946404590404,-0.00522680138053291
929.068489805885,-0.00542884083610991
929.190575021365,-0.00496266042220489
929.312660236845,-0.00340821124141617
929.434745452326,-0.00278655643771054
929.556830667806,-0.00390349120211168
929.678915883287,-0.00419382165076515
929.801001098767,-0.00272362222830366
929.923086314247,-0.00144101246065035
930.045171529728,-0.000812350587622778
930.167256745208,-0.000425973463289379
930.289341960689,-0.000664177152004443
930.411427176169,-0.000927326503601953
930.533512391649,-0.000919093179881817
930.65559760713,-0.00135529451624773
930.77768282261,-0.00139724453920582
930.899768038091,-0.0005203089533684
931.021853253571,-5.82882317493344e-06
931.143938469051,0.000273285385263663
931.266023684532,0.000752543033980379
931.388108900012,0.000442014646195645
931.510194115493,-2.75992787706658e-05
931.632279330973,0.000311896424961012
931.754364546453,0.00046983136526231
931.876449761934,0.000808123037281042
931.998534977414,0.00220757110122158
932.120620192895,0.00306306454087239
932.242705408375,0.00289071576986257
932.364790623856,0.00332869985935868
932.486875839336,0.00434540297282297
932.608961054816,0.00499282698334496
932.731046270297,0.00525178744394902
932.853131485777,0.00526415144760412
932.975216701258,0.00542743183928533
933.097301916738,0.00606258297759954
933.219387132218,0.00688365160503824
933.341472347699,0.00753044765168029
933.463557563179,0.00745561237647894
933.58564277866,0.00694984401925692
933.70772799414,0.00727464747674821
933.82981320962,0.00777188484996898
933.951898425101,0.00735139699512787
934.073983640581,0.00748169826283472
934.196068856062,0.00855288317828867
934.318154071542,0.00891108188081698
934.440239287022,0.00886324235272448
934.562324502503,0.00914924663518106
934.684409717983,0.00905742622559162
934.806494933464,0.00866406678123859
934.928580148944,0.00802386867307351
935.050665364424,0.00695982270384523
935.172750579905,0.00696525014907907
935.294835795385,0.00832689323031241
935.416921010866,0.00900505225615422
935.539006226346,0.00861071190556064
935.661091441826,0.00814178028796691
935.783176657307,0.00792870703237818
935.905261872787,0.00835545699546292
936.027347088268,0.00901492252866505
936.149432303748,0.00908445739591561
936.271517519228,0.0093825339547623
936.393602734709,0.0101651694395545
936.515687950189,0.010187917625548
936.63777316567,0.0100002305530778
936.75985838115,0.0109599357581394
936.88194359663,0.012258639546357
937.004028812111,0.0127233150732637
937.126114027591,0.0125159334990221
937.248199243072,0.0121603767261147
937.370284458552,0.0122909782646709
937.492369674033,0.0130608973628867
937.614454889513,0.0131269025488879
937.736540104993,0.0114870567341677
937.858625320474,0.00965237463126095
937.980710535954,0.00933417833780838
938.102795751435,0.00958313675677651
938.224880966915,0.00909402430463987
938.346966182395,0.00872451185945975
938.469051397876,0.00923304066747017
938.591136613356,0.00971957409210288
938.713221828837,0.00950645824321947
938.835307044317,0.00910663855702076
938.957392259797,0.00933096288472269
939.079477475278,0.0100917787320136
939.201562690758,0.0104958073738464
939.323647906239,0.0106468265457638
939.445733121719,0.0111415125701901
939.567818337199,0.0112141902246946
939.68990355268,0.0105772844166458
939.81198876816,0.0102439839247237
939.934073983641,0.0100776236465394
940.056159199121,0.00972996037843191
940.178244414601,0.0100759492764526
940.300329630082,0.0110730359322427
940.422414845562,0.0118102426670068
940.544500061043,0.0120017783223087
940.666585276523,0.0116081060439165
940.788670492004,0.0111833501173584
940.910755707484,0.0111196268928149
941.032840922964,0.0107140244839172
941.154926138445,0.0103959333079252
941.277011353925,0.010722847966902
941.399096569405,0.0101949015300797
941.521181784886,0.00923700482703539
941.643267000366,0.00983625465049621
941.765352215847,0.0100790582336903
941.887437431327,0.00819307480132924
942.009522646808,0.00674350369753585
942.131607862288,0.00664456593387841
942.253693077768,0.00629609921204842
942.375778293249,0.00651035461407498
942.497863508729,0.00804728645463483
942.61994872421,0.00922641573496045
942.74203393969,0.00948370140794225
942.86411915517,0.00952778480341974
942.986204370651,0.00902868873969824
943.108289586131,0.00798718276575066
943.230374801612,0.00752343410548265
943.352460017092,0.00772086379891357
943.474545232572,0.00754329010327537
943.596630448053,0.00702962488831209
943.718715663533,0.00666436471029684
943.840800879014,0.00587372684576157
943.962886094494,0.00516105526195167
944.084971309974,0.00605174878608841
944.207056525455,0.00717575005174303
944.329141740935,0.0063108248260621
944.451226956416,0.00479433396590063
944.573312171896,0.00417414154913521
944.695397387376,0.00362232060140121
944.817482602857,0.00322902862854549
944.939567818337,0.0034309000934156
945.061653033818,0.0027754319442454
945.183738249298,0.000696165246489743
945.305823464778,-0.00134255899085699
945.427908680259,-0.00233952494308841
945.549993895739,-0.00223636378787612
945.67207911122,-0.0015109266305581
945.7941643267,-0.00122640130974719
945.916249542181,-0.00171131239510446
946.038334757661,-0.00212916979206302
946.160419973141,-0.00206645026933286
946.282505188622,-0.00188454853166365
946.404590404102,-0.00170958962636373
946.526675619582,-0.00160590357619598
946.648760835063,-0.00186991502871779
946.770846050543,-0.00213924003160095
946.892931266024,-0.00181207799178589
947.015016481504,-0.00127457197562431
947.137101696985,-0.000838709577082577
947.259186912465,-0.000328349249817388
947.381272127945,-0.000482106555422836
947.503357343426,-0.00139970770555826
947.625442558906,-0.00125448576216964
947.747527774387,0.00032833653453456
947.869612989867,0.00138560519640502
947.991698205347,0.00121690296413982
948.113783420828,0.00103913029691807
948.235868636308,0.00169530284948422
948.357953851789,0.00267472097859416
948.480039067269,0.00305055382447402
948.602124282749,0.00285643306363
948.72420949823,0.00211748123719499
948.84629471371,0.000174977245955642
948.968379929191,-0.00172234065953986
949.090465144671,-0.00149801590981792
949.212550360151,-0.000339380970140304
949.334635575632,-0.00023380679284941
949.456720791112,-0.000604333560179133
949.578806006593,-0.000941021995815313
949.700891222073,-0.00171655295519772
949.822976437553,-0.00248023989893824
949.945061653034,-0.00232756002536986
950.067146868514,-0.000933084512030162
950.189232083995,0.000740041989237746
950.311317299475,0.00105968241349426
950.433402514955,0.000430481797457392
950.555487730436,0.000310445764435473
950.677572945916,0.000387164193553655
950.799658161397,0.000379310198841634
950.921743376877,0.000906564715140186
951.043828592358,0.00154818733959704
951.165913807838,0.00172012977790232
951.287999023318,0.00138613496184599
951.410084238799,0.000551820236358673
951.532169454279,0.000152224277635306
951.654254669759,0.000422304365353086
951.77633988524,-0.00025541639810084
951.89842510072,-0.00179904705499618
952.020510316201,-0.00245713006953835
952.142595531681,-0.00221700441505423
952.264680747162,-0.00172933371932451
952.386765962642,-0.00120241323722218
952.508851178122,-0.0012229087005642
952.630936393603,-0.00145299510066122
952.753021609083,-0.0010635131687819
952.875106824564,-0.000507378268421331
952.997192040044,-0.000140668257759142
953.119277255524,0.000139941520435851
953.241362471005,-7.50211897042135e-05
953.363447686485,-0.000409309460131756
953.485532901966,6.05886430842126e-05
953.607618117446,0.00112551430113321
953.729703332926,0.00205422413723755
953.851788548407,0.00206646320656134
953.973873763887,0.000857879354976985
954.095958979368,-0.000266763662973322
954.218044194848,-0.000448628404967721
954.340129410328,-0.000510109232589932
954.462214625809,-0.000231379206536258
954.584299841289,0.000867750446666214
954.70638505677,0.00117311814305391
954.82847027225,0.000282493766042727
954.95055548773,0.000170644902142763
955.072640703211,0.000873595424247965
955.194725918691,0.00104841901323479
955.316811134172,0.00120023167622561
955.438896349652,0.00164138006502136
955.560981565133,0.00168876130193524
955.683066780613,0.00191587534281121
955.805151996093,0.00245594248220595
955.927237211574,0.00216607836278955
956.049322427054,0.00164909631396474
956.171407642535,0.0019107922912785
956.293492858015,0.00205691293825735
956.415578073495,0.00210984262530174
956.537663288976,0.00280841828339769
956.659748504456,0.00286086187734354
956.781833719937,0.00169724974637588
956.903918935417,0.0009881136121607
957.026004150897,0.00121602205366493
957.148089366378,0.00128450442620444
957.270174581858,0.000579896365832164
957.392259797339,-0.000512215651318115
957.514345012819,-0.000997487842743368
957.636430228299,-0.000870722928619619
957.75851544378,-0.000803232391314317
957.88060065926,-0.000372299308070982
958.002685874741,-8.14178960723027e-05
958.124771090221,-0.000954868472224911
958.246856305701,-0.00110401425655775
958.368941521182,5.34466702862943e-05
958.491026736662,-0.0003655879353318
958.613111952143,-0.00159727898139859
958.735197167623,-0.000941834287872447
958.857282383103,-0.000374981855566083
958.979367598584,-0.0010982415905366
959.101452814064,-0.000811541264447065
959.223538029545,9.59744153893099e-05
959.345623245025,0.000184992258839981
959.467708460506,0.000336344221414606
959.589793675986,0.000348518052655947
959.711878891466,-0.000353993698503171
959.833964106947,-0.000572453491888719
959.956049322427,-9.17852548611795e-05
960.078134537907,0.00033890536647193
960.200219753388,0.000586296632659725
960.322304968868,0.000286493807029147
960.444390184349,-0.00028798206783067
960.566475399829,-0.000382025088816418
960.68856061531,-0.000594137204907191
960.81064583079,-0.00134897209567496
960.93273104627,-0.00213672533546345
961.054816261751,-0.00282947630739028
961.176901477231,-0.00296145802669912
961.298986692712,-0.00239225256852387
961.421071908192,-0.00203445175030103
961.543157123672,-0.00145098192624504
961.665242339153,-8.23136906559591e-05
961.787327554633,0.000517133528490214
961.909412770114,8.37437832779175e-05
962.031497985594,4.68778281905348e-05
962.153583201074,9.57406671851123e-05
962.275668416555,-0.000167639179505985
962.397753632035,-3.01776062619748e-05
962.519838847516,7.13256048625338e-05
962.641924062996,-0.000251296802287429
962.764009278476,-0.000422757922538967
962.886094493957,-0.000640655261865158
963.008179709437,-0.000782995093973404
963.130264924918,-0.000308222930429931
963.252350140398,-0.000292784226379835
963.374435355878,-0.00117669347895148
963.496520571359,-0.00127394300294246
963.618605786839,-0.000149067157345413
963.74069100232,0.00100564755255109
963.8627762178,0.00194435665983589
963.984861433281,0.0030291449744138
964.106946648761,0.00395419573412608
964.229031864241,0.00401600124541332
964.351117079722,0.00346159370161544
964.473202295202,0.00385999117629173
964.595287510683,0.00541604944789619
964.717372726163,0.00634187516569688
964.839457941643,0.00643585693746191
964.961543157124,0.00676309467411057
965.083628372604,0.0067014011964843
965.205713588084,0.00579746156180626
965.327798803565,0.00518895530780671
965.449884019045,0.00540197482799723
965.571969234526,0.00625647603033931
965.694054450006,0.0075476931354726
965.816139665487,0.00844519337634843
965.938224880967,0.00851648759549176
966.060310096447,0.0083035732584674
966.182395311928,0.0081280538692075
966.304480527408,0.00787265613577282
966.426565742889,0.00720919493049578
966.548650958369,0.00609295466240817
966.670736173849,0.0053161376878286
966.79282138933,0.00521918300480622
966.91490660481,0.00529720184462256
967.036991820291,0.00529821473970053
967.159077035771,0.00477364892006876
967.281162251251,0.00384334388335671
967.403247466732,0.0037962100782421
967.525332682212,0.00392814646331142
967.647417897693,0.00259996777379139
967.769503113173,0.00149950595033154
967.891588328653,0.00200832589830315
968.013673544134,0.00223672269844619
968.135758759614,0.00202106537621673
968.257843975095,0.00280682111207027
968.379929190575,0.00351991920959794
968.502014406055,0.00339883957710027
968.624099621536,0.00375239797343115
968.746184837016,0.00434529185660421
968.868270052497,0.0039247807094851
968.990355267977,0.00312498439032677
969.112440483458,0.00294251067501977
969.234525698938,0.00293159336621606
969.356610914418,0.00278249445051502
969.478696129899,0.00298109002502698
969.600781345379,0.00297436054951452
969.72286656086,0.0019416466473824
969.84495177634,0.00111023580818328
969.96703699182,0.00138926253376976
970.089122207301,0.00154390371106707
970.211207422781,0.00119559398825194
970.333292638262,0.000730276903378359
970.455377853742,0.000126073312380398
970.577463069222,0.000841300196941633
970.699548284703,0.00259150528577459
970.821633500183,0.00199556444872475
970.943718715664,0.000249083887067108
971.065803931144,0.00113155870456443
971.187889146624,0.00248700310417042
971.309974362105,0.00234448012554645
971.432059577585,0.00333779465618378
971.554144793066,0.00464008897255549
971.676230008546,0.00381565834329489
971.798315224026,0.00314626897130311
971.920400439507,0.00375445630883877
972.042485654987,0.0033431345670732
972.164570870468,0.00195529964629901
972.286656085948,0.00120531970903112
972.408741301428,0.00114980031482145
972.530826516909,0.000992233253321131
972.652911732389,6.52257978846051e-05
972.77499694787,-0.00104542891037516
972.89708216335,-0.00148946231379804
973.01916737883,-0.00200740734231277
973.141252594311,-0.00271396308864489
973.263337809791,-0.00281366326344472
973.385423025272,-0.00301752551843259
973.507508240752,-0.00342096128799795
973.629593456232,-0.00305412029864435
973.751678671713,-0.00305927481962808
973.873763887193,-0.00417442653362192
973.995849102674,-0.00449832634452838
974.117934318154,-0.00378769301364714
974.240019533635,-0.00382890386759725
974.362104749115,-0.00436789478049542
974.484189964595,-0.00414729535111777
974.606275180076,-0.00394687955255179
974.728360395556,-0.00508072681830393
974.850445611037,-0.00672166725681546
974.972530826517,-0.00733880690269683
975.094616041997,-0.00748581165783211
975.216701257478,-0.00818431673146268
975.338786472958,-0.00864202267126957
975.460871688439,-0.00838557455149152
975.582956903919,-0.00820572726709698
975.705042119399,-0.00816536490483003
975.82712733488,-0.00818022542995646
975.94921255036,-0.00873995108479244
976.071297765841,-0.00937837886391736
976.193382981321,-0.0093033370329727
976.315468196801,-0.00885894447259815
976.437553412282,-0.00861825392409059
976.559638627762,-0.0085249705890224
976.681723843243,-0.0080451889860545
976.803809058723,-0.00695336610151869
976.925894274203,-0.00617063987140633
977.047979489684,-0.00632273485109034
977.170064705164,-0.0064858263224109
977.292149920645,-0.00610606043163264
977.414235136125,-0.00578331705956611
977.536320351606,-0.00566276195999029
977.658405567086,-0.00539783991948031
977.780490782566,-0.00496745830583297
977.902575998047,-0.00453794288388488
978.024661213527,-0.00421137233250772
978.146746429007,-0.00385647406047084
978.268831644488,-0.00360143017668356
978.390916859968,-0.00397313718484375
978.513002075449,-0.00443789793473199
978.635087290929,-0.00408182046855195
978.75717250641,-0.0037471871695716
978.87925772189,-0.0039759411982435
979.00134293737,-0.00351155039652799
979.123428152851,-0.00258324429175727
979.245513368331,-0.00259319823474677
979.367598583812,-0.00268681155898267
979.489683799292,-0.00190830614689044
979.611769014772,-0.00130592573787695
979.733854230253,-0.00105868769099606
979.855939445733,-0.000328195664077282
979.978024661214,0.000731396870011793
980.100109876694,0.00192518502382134
980.222195092174,0.00309584361437304
980.344280307655,0.00353565404069551
980.466365523135,0.00346539956791814
980.588450738616,0.00358779816154806
980.710535954096,0.00367399038813542
980.832621169576,0.00342218325336234
980.954706385057,0.00276717897427761
981.076791600537,0.00216551766893177
981.198876816018,0.00268838186827105
981.320962031498,0.00360035553853058
981.443047246978,0.00340607515538399
981.565132462459,0.00306758300220456
981.687217677939,0.00301527786021137
981.80930289342,0.00216429111978439
981.9313881089,0.00185897963213291
982.05347332438,0.00291107576157943
982.175558539861,0.00318263655171022
982.297643755341,0.00281161009229761
982.419728970822,0.00302053262920152
982.541814186302,0.00235368916762787
982.663899401783,0.000990981205729757
982.785984617263,0.00078980851301497
982.908069832743,0.00105048810639808
983.030155048224,0.00106741567937356
983.152240263704,0.00125491334012954
983.274325479184,0.00118771804083634
983.396410694665,0.00123035223391782
983.518495910145,0.00166213559000187
983.640581125626,0.00164712390745532
983.762666341106,0.00206228760324735
983.884751556587,0.00314523759038233
984.006836772067,0.00296824253985222
984.128921987547,0.00253236570610505
984.251007203028,0.0036481265722483
984.373092418508,0.0045032415899875
984.495177633989,0.00439411668489099
984.617262849469,0.0047469548365986
984.739348064949,0.00519392129316706
984.86143328043,0.00537164413502376
984.98351849591,0.00558142897692248
985.105603711391,0.0052791318612342
985.227688926871,0.00490199729519763
985.349774142351,0.00479687323555608
985.471859357832,0.00398164296688665
985.593944573312,0.00329693848687319
985.716029788793,0.0039217841226107
985.838115004273,0.00429912348740983
985.960200219753,0.00348011413013965
986.082285435234,0.00272679850276743
986.204370650714,0.00263675673951353
986.326455866195,0.00256670711771774
986.448541081675,0.00233660370595894
986.570626297155,0.00285436980176406
986.692711512636,0.00383834006029194
986.814796728116,0.00325954555956887
986.936881943597,0.00181912306904728
987.058967159077,0.00188994955740516
987.181052374558,0.00206329748858063
987.303137590038,0.001022464267819
987.425222805518,0.000617059135041714
987.547308020999,0.000382077849052268
987.669393236479,-0.00100424267383909
987.79147845196,-0.00164918487794751
987.91356366744,-0.000878632972952098
988.03564888292,-5.74633999170985e-05
988.157734098401,0.00056146075612005
988.279819313881,0.000535762635114496
988.401904529361,0.000111632682159906
988.523989744842,0.000627979150759752
988.646074960322,0.00117977942896426
988.768160175803,0.00100291574614316
988.890245391283,0.00116353532920427
989.012330606764,0.00076865241554753
989.134415822244,-0.000559972660267686
989.256501037724,-0.000690875652257551
989.378586253205,-6.20040293205876e-05
989.500671468685,-0.000371337187959038
989.622756684166,-0.00103494785598459
989.744841899646,-0.00206121454071682
989.866927115126,-0.00336811494181459
989.989012330607,-0.00337759661004375
990.111097546087,-0.00263090318024855
990.233182761568,-0.00258002906118938
990.355267977048,-0.00279183990668113
990.477353192528,-0.00301475742158265
990.599438408009,-0.00293348806085077
990.721523623489,-0.0021416354324125
990.84360883897,-0.00209630077348588
990.96569405445,-0.00277563492287359
991.08777926993,-0.00208060178756957
991.209864485411,-0.00111855462834479
991.331949700891,-0.00176936740378257
991.454034916372,-0.00224960360531928
991.576120131852,-0.00168749579038818
991.698205347332,-0.00195946063911382
991.820290562813,-0.00303617015501296
991.942375778293,-0.00337311566466612
992.064460993774,-0.00312045829697388
992.186546209254,-0.00285749359976533
992.308631424735,-0.00239296906916678
992.430716640215,-0.00228691946521566
992.552801855695,-0.00312003264416036
992.674887071176,-0.00364763519926842
992.796972286656,-0.00299135238174568
992.919057502137,-0.00233433326489147
993.041142717617,-0.00214534548768046
993.163227933097,-0.001689721931264
993.285313148578,-0.00108186341230861
993.407398364058,-0.000427916921832078
993.529483579539,0.000297076326897463
993.651568795019,0.000609932247639481
993.773654010499,0.00124641054460657
993.89573922598,0.00256020918035625
994.01782444146,0.00265215883719699
994.139909656941,0.0014277874176739
994.261994872421,0.000788019949890219
994.384080087901,0.000625107083240441
994.506165303382,0.000540015029105208
994.628250518862,0.000894191307834704
994.750335734343,0.000945517484562026
994.872420949823,0.000745887340589924
994.994506165303,0.00083209179830494
995.116591380784,0.000393534807898572
995.238676596264,3.21626193612084e-05
995.360761811745,0.00053035133485114
995.482847027225,0.000247675083617789
995.604932242705,-0.000557074839490979
995.727017458186,-0.000373778467765768
995.849102673666,-0.000808839582263025
995.971187889147,-0.00222683660379092
996.093273104627,-0.00242775448772784
996.215358320107,-0.00182190094666491
996.337443535588,-0.00148926023017373
996.459528751068,-0.000964300786188874
996.581613966549,-0.00110221574975211
996.703699182029,-0.00223481872220263
996.825784397509,-0.00275729704419794
996.94786961299,-0.0026162004157661
997.06995482847,-0.00270987716854349
997.192040043951,-0.00285998490863567
997.314125259431,-0.00315696958313497
997.436210474912,-0.00351266967355699
997.558295690392,-0.003011612385798
997.680380905872,-0.00182154259505068
997.802466121353,-0.00107283238766484
997.924551336833,-0.000807557517553203
998.046636552314,-0.000125280353381689
998.168721767794,0.000924130440323125
998.290806983274,0.00133521113298657
998.412892198755,0.00121619513818697
998.534977414235,0.00146916099533184
998.657062629716,0.00188071533346237
998.779147845196,0.00191455036276794
998.901233060676,0.00157252024204042
999.023318276157,0.000926334709491267
999.145403491637,0.000297968251419762
999.267488707118,-0.000365808884536411
999.389573922598,-0.00111331819662438
999.511659138078,-0.000939554775624585
999.633744353559,-0.000281552047414202
999.755829569039,-0.000536200513039485
999.87791478452,-0.000524631529557236
1000,-2.6375685994124e-05
