xe,y
0,0.0111376595164479
0.122085215480405,0.0135624943981126
0.244170430960811,0.014659007755169
0.366255646441216,0.0106381784850376
0.488340861921621,0.00874542076533454
0.610426077402027,0.00991935176933505
0.732511292882432,0.00984454807225876
0.854596508362837,0.00750529775433136
0.976681723843243,0.00339396903520659
1.09876693932365,0.00082827204842211
1.22085215480405,0.00234918862112881
1.34293737028446,0.00362630503540999
1.46502258576486,0.00249561281697942
1.58710780124527,0.00210253105950968
1.70919301672567,0.00251518368308956
1.83127823220608,0.00335731121456428
1.95336344768649,0.00386995880826609
2.07544866316689,0.000968834028488125
2.1975338786473,0.000514151936616029
2.3196190941277,0.00815950601271743
2.44170430960811,0.0123226204179015
2.56378952508851,0.00737332195149762
2.68587474056892,0.00468221308826626
2.80795995604932,0.00524684619798125
2.93004517152973,0.00356927720344208
3.05213038701013,0.00426202329858239
3.17421560249054,0.00606342122273384
3.29630081797094,0.00317408048925812
3.41838603345135,0.000430636711512359
3.54047124893175,0.000482013846960156
3.66255646441216,0.000196769896262366
3.78464167989257,0.00115477058652944
3.90672689537297,0.00250489586305248
4.02881211085338,0.00065743546028415
4.15089732633378,-0.00289767580146274
4.27298254181419,-0.00669582254595256
4.39506775729459,-0.00902581556506726
4.517152972775,-0.00646730324431615
4.6392381882554,-0.0010501551615664
4.76132340373581,0.002718366919321
4.88340861921621,0.00291777515091265
5.00549383469662,0.000947855299733437
5.12757905017702,0.00302998030260326
5.24966426565743,0.00836777963958804
5.37174948113783,0.00752337435036262
5.49383469661824,0.00351204314350939
5.61591991209864,0.00492791343864346
5.73800512757905,0.00657627167761219
5.86009034305946,0.00489917237406525
5.98217555853986,0.00589298465130733
6.10426077402027,0.0091516741477003
6.22634598950067,0.00956067213061516
6.34843120498108,0.00713303547196379
6.47051642046148,0.00588529550474205
6.59260163594189,0.00754091047087484
6.71468685142229,0.00634453815189597
6.8367720669027,0.000815721068982634
6.9588572823831,0.000507306527794898
7.08094249786351,0.00534003692090255
7.20302771334391,0.00574863250524481
7.32511292882432,0.00306356385288932
7.44719814430473,6.2485001090584e-05
7.56928335978513,-0.00589218575317534
7.69136857526554,-0.0100428157162927
7.81345379074594,-0.00859586706126543
7.93553900622635,-0.00616101336441513
8.05762422170675,-0.00427013329352566
8.17970943718716,-0.00295789625461882
8.30179465266756,-0.00338366246544702
8.42387986814797,-0.00191422949823331
8.54596508362837,0.00286754687422659
8.66805029910878,0.00626908029844499
8.79013551458918,0.00654294957209541
8.91222073006959,0.00691712608186572
9.03430594554999,0.0101150796183975
9.1563911610304,0.0134337853473608
9.2784763765108,0.0126254285419968
9.40056159199121,0.0106823193933117
9.52264680747162,0.0112199852860658
9.64473202295202,0.0116648364034099
9.76681723843243,0.0111771575296959
9.88890245391283,0.0100949801502063
10.0109876693932,0.00776938772526779
10.1330728848736,0.00740250128372298
10.255158100354,0.00861681399781264
10.3772433158345,0.0069109681488758
10.4993285313149,0.00410142405167808
10.6214137467953,0.00131912231463272
10.7434989622757,-0.00243080326920365
10.8655841777561,-0.00278793816746756
10.9876693932365,-0.00145666458096337
11.1097546087169,-0.00366054386880263
11.2318398241973,-0.0033859541018498
11.3539250396777,0.00193849568760439
11.4760102551581,0.00542552303125691
11.5980954706385,0.00716277060430981
11.7201806861189,0.00962138982049499
11.8422659015993,0.0109483428938407
11.9643511170797,0.011128432957497
12.0864363325601,0.0105672119574481
12.2085215480405,0.0112413709424845
12.3306067635209,0.0141248387280186
12.4526919790013,0.0139650669035066
12.5747771944817,0.0125649515160705
12.6968624099622,0.0149576322442679
12.8189476254426,0.0140989448475288
12.941032840923,0.0105197701963799
13.0631180564034,0.0131648741883765
13.1852032718838,0.0145052991787667
13.3072884873642,0.0104148569432357
13.4293737028446,0.01076322871219
13.551458918325,0.0120273142260053
13.6735441338054,0.00995083483303687
13.7956293492858,0.0127972595645323
13.9177145647662,0.0166663605568968
14.0397997802466,0.0156319845241424
14.161884995727,0.0171493708144972
14.2839702112074,0.0196605088200369
14.4060554266878,0.0173779041392916
14.5281406421682,0.0152498332119911
14.6502258576486,0.0132706141390393
14.772311073129,0.00996267155588789
14.8943962886095,0.0117645340557372
15.0164815040899,0.0165950025038364
15.1385667195703,0.0173166709158007
15.2606519350507,0.0160578716251952
15.3827371505311,0.0152796191697652
15.5048223660115,0.0148374166289118
15.6269075814919,0.0159495558465939
15.7489927969723,0.016810384874128
15.8710780124527,0.0170564498712644
15.9931632279331,0.0193067962452971
16.1152484434135,0.0198151382330023
16.2373336588939,0.014667150079215
16.3594188743743,0.0101002287543761
16.4815040898547,0.0120363477456739
16.6035893053351,0.0154497962736085
16.7256745208155,0.0137823021146066
16.8477597362959,0.0102439175061066
16.9698449517763,0.0105070049635183
17.0919301672567,0.0122003210473187
17.2140153827372,0.0115940056277188
17.3361005982176,0.0105780314613618
17.458185813698,0.0111074157887738
17.5802710291784,0.0127328304300714
17.7023562446588,0.0150029342295624
17.8244414601392,0.0175234729127871
17.9465266756196,0.0196603135552868
18.0686118911,0.0199969921947297
18.1906971065804,0.0194080502743372
18.3127823220608,0.022368938509519
18.4348675375412,0.0281335624624531
18.5569527530216,0.0314089121179171
18.679037968502,0.0328638871557544
18.8011231839824,0.0341039345312519
18.9232083994628,0.0334158846824107
19.0452936149432,0.0331928322668571
19.1673788304236,0.0346650582119416
19.289464045904,0.0344332606711153
19.4115492613844,0.0347406595435956
19.5336344768649,0.0382745587094608
19.6557196923453,0.0410355282767057
19.7778049078257,0.0440967186262081
19.8998901233061,0.0516242058738578
20.0219753387865,0.0582448967955654
20.1440605542669,0.0593206946157656
20.2661457697473,0.0596331200627793
20.3882309852277,0.0604561149300083
20.5103162007081,0.0577199923840149
20.6324014161885,0.053639929035841
20.7544866316689,0.0520540579686884
20.8765718471493,0.0503203082882111
20.9986570626297,0.0479190041818186
21.1207422781101,0.047740327091722
21.2428274935905,0.0463707019456792
21.3649127090709,0.0419356492919871
21.4869979245513,0.0410803077593132
21.6090831400317,0.0433436722987977
21.7311683555121,0.039908209120468
21.8532535709926,0.0319461658539899
21.975338786473,0.0281755868407553
22.0974240019534,0.0301551106589971
22.2195092174338,0.0328511608575731
22.3415944329142,0.0327368592217764
22.4636796483946,0.0313951519627196
22.585764863875,0.0309883687875291
22.7078500793554,0.0301510589101987
22.8299352948358,0.028992696014707
22.9520205103162,0.0282741035587849
23.0741057257966,0.0254620914558789
23.196190941277,0.0218192054902234
23.3182761567574,0.0208106957145328
23.4403613722378,0.0204689673620544
23.5624465877182,0.0204694925793962
23.6845318031986,0.0226796541811855
23.806617018679,0.0251811751205088
23.9287022341594,0.0280601859229661
24.0507874496399,0.029894939849214
24.1728726651203,0.0252397860562812
24.2949578806007,0.0191401837846922
24.4170430960811,0.0193122153022717
24.5391283115615,0.0203446281572798
24.6612135270419,0.0184962133780247
24.7832987425223,0.0173646461132211
24.9053839580027,0.0167616194243567
25.0274691734831,0.0166022576903852
25.1495543889635,0.0160576680721386
25.2716396044439,0.0118736890652126
25.3937248199243,0.00897075827572795
25.5158100354047,0.011667442656121
25.6378952508851,0.0147020584483326
25.7599804663655,0.0167021652380887
25.8820656818459,0.0181195644756911
26.0041508973263,0.0164949089879089
26.1262361128067,0.0164855962637486
26.2483213282871,0.0196796844543907
26.3704065437676,0.0196819325296369
26.492491759248,0.0195879425045482
26.6145769747284,0.0230337540904761
26.7366621902088,0.0234357180483931
26.8587474056892,0.0218118677780468
26.9808326211696,0.0237403793641725
27.10291783665,0.0250255110396648
27.2250030521304,0.0228225848442126
27.3470882676108,0.020420431657563
27.4691734830912,0.0193570336267997
27.5912586985716,0.0194910137686989
27.713343914052,0.0194911625312049
27.8354291295324,0.0188978217356883
27.9575143450128,0.0178090226960957
28.0795995604932,0.0132853060510507
28.2016847759736,0.00848355441649698
28.323769991454,0.00987560122159254
28.4458552069344,0.0112091742562453
28.5679404224148,0.00895590999549158
28.6900256378953,0.0122941248080241
28.8121108533757,0.0175926789689208
28.9341960688561,0.0143852222198756
29.0562812843365,0.0101980852116379
29.1783664998169,0.0133572183351247
29.3004517152973,0.0198550770842478
29.4225369307777,0.0268915042000858
29.5446221462581,0.0308974054395569
29.6667073617385,0.0272049116082404
29.7887925772189,0.0213055346557873
29.9108777926993,0.019989010710115
30.0329630081797,0.0204952495308613
30.1550482236601,0.0191482325069774
30.2771334391405,0.017238404126537
30.3992186546209,0.0163761065129907
30.5213038701013,0.0152129323824439
30.6433890855817,0.0133644968076393
30.7654743010621,0.0139719526735329
30.8875595165425,0.0162199888739144
31.009644732023,0.0164681010851678
31.1317299475034,0.0182017303919022
31.2538151629838,0.0234126938797464
31.3759003784642,0.0260914591094117
31.4979855939446,0.0258219906152128
31.620070809425,0.0263746305905718
31.7421560249054,0.0259784296073755
31.8642412403858,0.0244665557456429
31.9863264558662,0.0229929005504913
32.1084116713466,0.0198093655461368
32.230496886827,0.0175085298258072
32.3525821023074,0.017081735449491
32.4746673177878,0.0136023297014154
32.5967525332682,0.0101547960406783
32.7188377487486,0.0110418487703999
32.840922964229,0.00996488505179061
32.9630081797094,0.00671142224409194
33.0850933951898,0.00852253989675161
33.2071786106703,0.0138498441108521
33.3292638261507,0.0194538410478336
33.4513490416311,0.0241689193180507
33.5734342571115,0.0231068204657321
33.6955194725919,0.0198478902248329
33.8176046880723,0.0231048305624513
33.9396899035527,0.0278755187626914
34.0617751190331,0.0282797596674716
34.1838603345135,0.0295201571520037
34.3059455499939,0.0316488640157444
34.4280307654743,0.0300182515584729
34.5501159809547,0.0276832004499526
34.6722011964351,0.0283894543431568
34.7942864119155,0.0309717070224094
34.9163716273959,0.0335033838810189
35.0384568428763,0.0344099878938211
35.1605420583567,0.0337422388203984
35.2826272738371,0.0317772773402839
35.4047124893175,0.0277191907967101
35.526797704798,0.0239814827587008
35.6488829202784,0.0226730149083435
35.7709681357588,0.0214084439675272
35.8930533512392,0.0205178919783236
36.0151385667196,0.0222313793862731
36.1372237822,0.0239674743566016
36.2593089976804,0.0234735024480663
36.3813942131608,0.0222885127901655
36.5034794286412,0.0216163206534
36.6255646441216,0.0206033220866757
36.747649859602,0.0178579913019677
36.8697350750824,0.0164329742088812
36.9918202905628,0.0198094210272322
37.1139055060432,0.0214604606283503
37.2359907215236,0.0170639705863658
37.358075937004,0.0145816241786718
37.4801611524844,0.0149033596538811
37.6022463679648,0.0112017412674642
37.7243315834452,0.00672288572866682
37.8464167989257,0.00480541180839688
37.9685020144061,0.0025251640396377
38.0905872298865,0.00106438951994429
38.2126724453669,-0.00104124429544576
38.3347576608473,-0.00620960315589638
38.4568428763277,-0.00788150081645766
38.5789280918081,-0.00668079406831957
38.7010133072885,-0.0100071815163689
38.8230985227689,-0.0121334968839138
38.9451837382493,-0.00961796919044071
39.0672689537297,-0.0103676242391859
39.1893541692101,-0.0116457576811892
39.3114393846905,-0.00757436763200495
39.4335246001709,-0.00463536902830219
39.5556098156513,-0.00522844802828714
39.6776950311317,-0.00484634533399702
39.7997802466121,-0.00466403607837823
39.9218654620925,-0.00580623485358214
40.0439506775729,-0.00610301150461616
40.1660358930534,-0.00554522049297354
40.2881211085338,-0.0044995538029652
40.4102063240142,-0.00304511769363751
40.5322915394946,-0.0016993264792897
40.654376754975,-0.000823146322760239
40.7764619704554,-0.00196203005849007
40.8985471859358,-0.00429961064645449
41.0206324014162,-0.00463569325191854
41.1427176168966,-0.00404697844016216
41.264802832377,-0.00377967452563694
41.3868880478574,-0.00228953929032751
41.5089732633378,-0.00213182113527677
41.6310584788182,-0.00518858210554042
41.7531436942986,-0.00768962663970549
41.875228909779,-0.00857449544206885
41.9973141252594,-0.00854502487631784
42.1193993407398,-0.00597079364729727
42.2414845562202,-0.00340753809624454
42.3635697717007,-0.00424359130483162
42.4856549871811,-0.00558301156624066
42.6077402026615,-0.0057764104998737
42.7298254181419,-0.00704303819405382
42.8519106336223,-0.00860260696527017
42.9739958491027,-0.00870923045228134
43.0960810645831,-0.00755483770959031
43.2181662800635,-0.00414865785840342
43.3402514955439,0.000397276002181899
43.4623367110243,0.000486895192235424
43.5844219265047,-0.00401190298060899
43.7065071419851,-0.00561982919317067
43.8285923574655,-0.00352175724187121
43.9506775729459,-0.00475351038851182
44.0727627884263,-0.00991000243508316
44.1948480039067,-0.0144231871826539
44.3169332193871,-0.0173216916537705
44.4390184348675,-0.0181733493020244
44.5611036503479,-0.0179146771703218
44.6831888658284,-0.0199241397181463
44.8052740813088,-0.0215525372308039
44.9273592967892,-0.0195932390364176
45.0494445122696,-0.0186320022399041
45.17152972775,-0.0190995026596735
45.2936149432304,-0.0176356063230942
45.4157001587108,-0.0189911157371929
45.5377853741912,-0.0235325095592489
45.6598705896716,-0.0223224855781559
45.781955805152,-0.0161535123371773
45.9040410206324,-0.0126485219366714
46.0261262361128,-0.0120822483292264
46.1482114515932,-0.0133171628457055
46.2702966670736,-0.0162176597049721
46.392381882554,-0.0183069781957988
46.5144670980344,-0.0193537423310772
46.6365523135148,-0.0191397740930647
46.7586375289952,-0.0174432871985097
46.8807227444757,-0.0203626689415626
47.0028079599561,-0.0282480364372938
47.1248931754365,-0.0305050218179005
47.2469783909169,-0.0275150225232603
47.3690636063973,-0.0295057407193528
47.4911488218777,-0.0332252101672698
47.6132340373581,-0.0299581608971544
47.7353192528385,-0.0233251862106764
47.8574044683189,-0.0206676623027545
47.9794896837993,-0.0233268094349903
48.1015748992797,-0.0280634734572075
48.2236601147601,-0.0300629881157385
48.3457453302405,-0.0300676662771611
48.4678305457209,-0.0322638459749218
48.5899157612013,-0.0328660465170665
48.7120009766817,-0.0279979762905557
48.8340861921621,-0.0252686702301785
48.9561714076425,-0.0292283450060916
49.0782566231229,-0.0322483391994365
49.2003418386033,-0.030729605220256
49.3224270540838,-0.0298550650959211
49.4445122695642,-0.0311822821197312
49.5665974850446,-0.03284274201471
49.688682700525,-0.0354519113925517
49.8107679160054,-0.0379276569548502
49.9328531314858,-0.0382994892854975
50.0549383469662,-0.0395795571578638
50.1770235624466,-0.0430020102458427
50.299108777927,-0.0436411460319792
50.4211939934074,-0.0415931775565359
50.5432792088878,-0.0423820031807844
50.6653644243682,-0.0452230546007038
50.7874496398486,-0.0466580356168775
50.909534855329,-0.0473993960878463
51.0316200708094,-0.0480556560389341
51.1537052862898,-0.0491245721182911
51.2757905017702,-0.0494324359729815
51.3978757172506,-0.0446903984431215
51.519960932731,-0.0404393021702508
51.6420461482115,-0.0454698721771387
51.7641313636919,-0.0494655729821054
51.8862165791723,-0.043300142502456
52.0083017946527,-0.0402178084294795
52.1303870101331,-0.0460005203628111
52.2524722256135,-0.0497446587220442
52.3745574410939,-0.0502750821495348
52.4966426565743,-0.0524943547076727
52.6187278720547,-0.0558692534704312
52.7408130875351,-0.0596268040823556
52.8628983030155,-0.0596927023447682
52.9849835184959,-0.0560634236289094
53.1070687339763,-0.0582452774073825
53.2291539494567,-0.0628786042458361
53.3512391649371,-0.060334681668217
53.4733243804175,-0.0592194519381471
53.5954095958979,-0.0634386660892077
53.7174948113783,-0.062280820595856
53.8395800268588,-0.059311002817611
53.9616652423392,-0.0620870237186822
54.0837504578196,-0.0638196694251556
54.2058356733,-0.0636472530518778
54.3279208887804,-0.0659074378942427
54.4500061042608,-0.0666653470807663
54.5720913197412,-0.0669289143897808
54.6941765352216,-0.06951006271629
54.816261750702,-0.0686493052155929
54.9383469661824,-0.0662477988754692
55.0604321816628,-0.0682353464656283
55.1825173971432,-0.0674600207985946
55.3046026126236,-0.0612623011257623
55.426687828104,-0.0590401024177317
55.5487730435844,-0.0591033673876553
55.6708582590648,-0.0527808319894406
55.7929434745452,-0.0453364875093615
55.9150286900256,-0.0457517586350383
56.0371139055061,-0.0492195690039788
56.1591991209865,-0.0450584466759824
56.2812843364669,-0.0345341778310942
56.4033695519473,-0.0303941172070422
56.5254547674277,-0.035245882187195
56.6475399829081,-0.0362532960982356
56.7696251983885,-0.0302684322176189
56.8917104138689,-0.0275843314471886
57.0137956293493,-0.0276047373349359
57.1358808448297,-0.0237990298647247
57.2579660603101,-0.0206240138809559
57.3800512757905,-0.0193818823929371
57.5021364912709,-0.0147766855353906
57.6242217067513,-0.0114232784876694
57.7463069222317,-0.0137139006880767
57.8683921377121,-0.0159865893173112
57.9904773531925,-0.0171894954107066
58.1125625686729,-0.0190305837423055
58.2346477841533,-0.0186169752901426
58.3567329996337,-0.0179167275793063
58.4788182151142,-0.0189988112856444
58.6009034305946,-0.0177861751832177
58.722988646075,-0.0156743135040702
58.8450738615554,-0.0158758935101741
58.9671590770358,-0.0151558099312321
59.0892442925162,-0.013015552039625
59.2113295079966,-0.011778206648007
59.333414723477,-0.0129431618496744
59.4554999389574,-0.0191248101183457
59.5775851544378,-0.0247319830335854
59.6996703699182,-0.0214341728903275
59.8217555853986,-0.0162671870618202
59.943840800879,-0.0173074793259879
60.0659260163594,-0.0187222761716615
60.1880112318398,-0.0159746647977176
60.3100964473202,-0.011814917432658
60.4321816628006,-0.00995345330822108
60.554266878281,-0.0116469649188843
60.6763520937614,-0.0114521727346022
60.7984373092419,-0.00710542859162127
60.9205225247223,-0.0049016341918423
61.0426077402027,-0.00379919986167985
61.1646929556831,-0.000315641076814376
61.2867781711635,0.000341367811697956
61.4088633866439,4.95578121585685e-05
61.5309486021243,0.00391845721420614
61.6530338176047,0.00534585664448528
61.7751190330851,0.00330109091841459
61.8972042485655,0.00418683133905995
62.0192894640459,0.00378490720461541
62.1413746795263,-0.0010045095308994
62.2634598950067,-0.00444618448714245
62.3855451104871,-0.00534407420043982
62.5076303259675,-0.00490255025236487
62.6297155414479,-0.00415885695671986
62.7518007569283,-0.00684176083598856
62.8738859724087,-0.0111394724969975
62.9959711878892,-0.0136620213301347
63.1180564033696,-0.0168041497425857
63.24014161885,-0.0187722059879111
63.3622268343304,-0.0172086964809041
63.4843120498108,-0.0176445367788807
63.6063972652912,-0.0197043053220886
63.7284824807716,-0.0164894359996135
63.850567696252,-0.0105272803279983
63.9726529117324,-0.00840356743084898
64.0947381272128,-0.00921234913474459
64.2168233426932,-0.00846538271316109
64.3389085581736,-0.0045065558387857
64.460993773654,-0.000460646652436715
64.5830789891344,0.000207434200724087
64.7051642046148,-0.000965755405786463
64.8272494200952,-0.00214051504343617
64.9493346355756,-0.00430607973093349
65.071419851056,-0.00665313207098038
65.1935050665365,-0.00781375177496192
65.3155902820168,-0.00864855986204231
65.4376754974973,-0.00927596859504709
65.5597607129777,-0.00984975195181773
65.6818459284581,-0.0122721359908613
65.8039311439385,-0.0154893884787832
65.9260163594189,-0.0154682511590234
66.0481015748993,-0.0125835323254362
66.1701867903797,-0.010697541461641
66.2922720058601,-0.00988969504020517
66.4143572213405,-0.00904919636494624
66.5364424368209,-0.00956504948170918
66.6585276523013,-0.00948560545190318
66.7806128677817,-0.00549695384202618
66.9026980832621,-0.00115366257637124
67.0247832987425,-0.00029311536238571
67.1468685142229,-0.00053850550458474
67.2689537297033,-0.000365291666905792
67.3910389451837,-4.93511137847906e-05
67.5131241606642,0.000831036713808663
67.6352093761445,-0.000569548759117146
67.757294591625,-0.00433169289754515
67.8793798071054,-0.00269386535809116
68.0014650225858,0.00453993558044013
68.1235502380662,0.00642873226378939
68.2456354535466,0.00183536744059439
68.367720669027,0.000534178017352986
68.4898058845074,0.00323734723359951
68.6118910999878,0.00402289669950479
68.7339763154682,0.0037128108515698
68.8560615309486,0.0030400162592807
68.978146746429,-0.00106327960088661
69.1002319619094,-0.00569603534458309
69.2223171773898,-0.00750768800360991
69.3444023928702,-0.00992456275469592
69.4664876083506,-0.0119685872933808
69.588572823831,-0.00985569810888643
69.7106580393114,-0.00863754278522947
69.8327432547919,-0.011126439919445
69.9548284702723,-0.0113147533162485
70.0769136857527,-0.00928465974687518
70.1989989012331,-0.00990535926341169
70.3210841167135,-0.0105667596262785
70.4431693321939,-0.00849502542346518
70.5652545476743,-0.00801151324267416
70.6873397631547,-0.011269762688761
70.8094249786351,-0.0139758374601519
70.9315101941155,-0.0132537422320503
71.0535954095959,-0.0105595914185855
71.1756806250763,-0.00756839978657421
71.2977658405567,-0.00657630395200783
71.4198510560371,-0.00835059648576385
71.5419362715175,-0.00718517895463385
71.6640214869979,-0.00234077502867944
71.7861067024783,-0.00281550092481814
71.9081919179587,-0.00655588362988844
72.0302771334391,-0.00416383866396895
72.1523623489196,-0.00161442118158346
72.2744475644,-0.00444928057401152
72.3965327798804,-0.00489394262655712
72.5186179953608,-0.00269708313437773
72.6407032108412,-0.00232542824689709
72.7627884263216,-0.000664342201816222
72.884873641802,0.000959576250414683
73.0069588572824,0.000491483261440148
73.1290440727628,0.00249978179104853
73.2511292882432,0.0042686795504022
73.3732145037236,0.00139684654837048
73.495299719204,-0.000925109335015465
73.6173849346844,-0.00176871055731406
73.7394701501648,-0.00609330000873838
73.8615553656452,-0.0126931448965838
73.9836405811256,-0.0168615797708452
74.105725796606,-0.0170002058453988
74.2278110120864,-0.0165551674978045
74.3498962275668,-0.0174298846818844
74.4719814430472,-0.015041855283926
74.5940666585277,-0.0116610000614052
74.7161518740081,-0.0139660384961912
74.8382370894885,-0.0163468535078743
74.9603223049689,-0.0152784232371943
75.0824075204493,-0.0156100206111856
75.2044927359297,-0.0135445077522288
75.3265779514101,-0.00893629231977602
75.4486631668905,-0.00976243588507796
75.5707483823709,-0.0113414047516726
75.6928335978513,-0.00897573054784745
75.8149188133317,-0.00708826651417517
75.9370040288121,-0.00284251759404161
76.0590892442925,0.00281412046831059
76.1811744597729,0.00425482358023864
76.3032596752533,0.00877952354449732
76.4253448907337,0.0167977232659305
76.5474301062141,0.0184876225533022
76.6695153216946,0.0179314170807612
76.7916005371749,0.0177671282042143
76.9136857526554,0.0143032599173841
77.0357709681358,0.0149518741286078
77.1578561836162,0.0177925686486217
77.2799413990966,0.0123914735725879
77.402026614577,0.00787899419246464
77.5241118300574,0.0112792424736772
77.6461970455378,0.0139090180886046
77.7682822610182,0.0150048137488368
77.8903674764986,0.0155014477565995
78.012452691979,0.012437663986504
78.1345379074594,0.0114221507124423
78.2566231229398,0.0145074325383908
78.3787083384202,0.0169060127978231
78.5007935539006,0.0183457420285962
78.622878769381,0.0170690127116706
78.7449639848614,0.0143045561368373
78.8670492003418,0.0160825515302938
78.9891344158223,0.0171999640613063
79.1112196313027,0.0127938813081244
79.2333048467831,0.0092134810936475
79.3553900622635,0.00755855015109008
79.4774752777439,0.0086508633339056
79.5995604932243,0.0164845830287174
79.7216457087047,0.0221014627075533
79.8437309241851,0.0190459500504906
79.9658161396655,0.016836581887243
80.0879013551459,0.0191832037771013
80.2099865706263,0.0209604652148274
80.3320717861067,0.0205597649147079
80.4541570015871,0.0185172301014528
80.5762422170675,0.016938563946437
80.6983274325479,0.0151769465435131
80.8204126480283,0.0107448665959824
80.9424978635087,0.00953227496835532
81.0645830789891,0.0123775755854854
81.1866682944695,0.00947803028437042
81.30875350995,0.00495611381747515
81.4308387254304,0.00859050459173733
81.5529239409108,0.0127160573226107
81.6750091563912,0.0109850331746279
81.7970943718716,0.00899847303800288
81.919179587352,0.00771580073456434
82.0412648028324,0.00571257370991164
82.1633500183128,0.00534474459603831
82.2854352337932,0.00596956720185316
82.4075204492736,0.00566988145761304
82.529605664754,0.00501712437845436
82.6516908802344,0.00456634751064015
82.7737760957148,0.00432278802892657
82.8958613111952,0.00346313742429266
83.0179465266756,0.00119302242167638
83.140031742156,-0.000943232871838529
83.2621169576364,-0.000588946285159821
83.3842021731168,0.00156790890593339
83.5062873885972,0.00108667591332741
83.6283726040776,-0.00293841674587857
83.7504578195581,-0.00493907931332542
83.8725430350385,-0.00395906386816286
83.9946282505189,-0.00305233927047392
84.1167134659993,0.000625092991576985
84.2387986814797,0.00632144694762322
84.3608838969601,0.00852882621580165
84.4829691124405,0.0115365068933626
84.6050543279209,0.0179082721162071
84.7271395434013,0.01926116033517
84.8492247588817,0.0155040781541237
84.9713099743621,0.0132962535060427
85.0933951898425,0.0121645575682685
85.2154804053229,0.013303191391979
85.3375656208033,0.01818367949938
85.4596508362837,0.0196525385694188
85.5817360517641,0.0157931618712924
85.7038212672445,0.0146649634641007
85.825906482725,0.0183538693997975
85.9479916982053,0.0206082531597922
86.0700769136858,0.0185492013837018
86.1921621291662,0.0167504240716841
86.3142473446466,0.0175060778321191
86.436332560127,0.0150523610182814
86.5584177756074,0.00833188712830857
86.6805029910878,0.00382347386932121
86.8025882065682,0.00106908148680767
86.9246734220486,-0.00213187358416303
87.046758637529,-0.000441380165465381
87.1688438530094,0.0053220004161253
87.2909290684898,0.00707501354522954
87.4130142839702,0.00548222872242855
87.5350994994506,0.00656392326533146
87.657184714931,0.00932837130253264
87.7792699304114,0.00845696957785578
87.9013551458918,0.00456677277416036
88.0234403613722,0.00425372293445473
88.1455255768527,0.00746526530057649
88.267610792333,0.00820106912875293
88.3896960078135,0.00836515345911729
88.5117812232939,0.0103710312239217
88.6338664387743,0.00911599150824377
88.7559516542547,0.00700665705179995
88.8780368697351,0.0102030201832245
89.0001220852155,0.0131720093866298
89.1222073006959,0.0130668468327111
89.2442925161763,0.0160732055689806
89.3663777316567,0.0197674517434787
89.4884629471371,0.0187504393732397
89.6105481626175,0.0179543409931895
89.7326333780979,0.0212291279049588
89.8547185935783,0.0253940816144855
89.9768038090587,0.0284174855752278
90.0988890245391,0.0294210239316727
90.2209742400195,0.0276200787950026
90.3430594554999,0.0255456067581225
90.4651446709804,0.0258095182752654
90.5872298864608,0.026835954767316
90.7093151019412,0.0265601722259931
90.8314003174216,0.0265515503917034
90.953485532902,0.0280907575068408
91.0755707483824,0.0285785768535641
91.1976559638628,0.026944905654364
91.3197411793432,0.0261825315414889
91.4418263948236,0.0274568991712516
91.563911610304,0.0294415736421425
91.6859968257844,0.0319152503026158
91.8080820412648,0.0343500182651361
91.9301672567452,0.0351585076017517
92.0522524722256,0.0342569290778623
92.174337687706,0.0338078873737476
92.2964229031864,0.0350850231559692
92.4185081186668,0.0354824693997815
92.5405933341472,0.0340565443030313
92.6626785496276,0.0351283964974039
92.784763765108,0.0385013978305451
92.9068489805885,0.0396086194159092
93.0289341960689,0.0399190197070955
93.1510194115493,0.040127298792386
93.2731046270297,0.0380098192803075
93.3951898425101,0.0388384571518365
93.5172750579905,0.0430073733571514
93.6393602734709,0.0412883766838177
93.7614454889513,0.037617879049659
93.8835307044317,0.0400206899521024
94.0056159199121,0.041459872306779
94.1277011353925,0.0406329995029534
94.2497863508729,0.0435564205691731
94.3718715663533,0.0443228517121347
94.4939567818337,0.0424418018895555
94.6160419973141,0.0459193851427108
94.7381272127945,0.0486782147848822
94.8602124282749,0.0459681819958575
94.9822976437554,0.0443089958026967
95.1043828592357,0.0419999909248447
95.2264680747162,0.0393052299518538
95.3485532901966,0.0430023763302045
95.470638505677,0.0458410155315966
95.5927237211574,0.0430935743379873
95.7148089366378,0.0439029129795956
95.8368941521182,0.0447798322063112
95.9589793675986,0.0386606580841636
96.081064583079,0.0339869742886546
96.2031497985594,0.033402043581887
96.3252350140398,0.0310771727627296
96.4473202295202,0.028424480402185
96.5694054450006,0.0263649812064397
96.691490660481,0.0233077527393301
96.8135758759614,0.0195570657490829
96.9356610914418,0.0150688210226808
97.0577463069222,0.0149705407920968
97.1798315224026,0.0201996649046474
97.3019167378831,0.0195439651465468
97.4240019533634,0.0149668902524286
97.5460871688439,0.0186732013987431
97.6681723843243,0.0243975377488215
97.7902575998047,0.0251820137179161
97.9123428152851,0.028297760310663
98.0344280307655,0.0333873433006675
98.1565132462459,0.0355236438203895
98.2785984617263,0.0358386459137278
98.4006836772067,0.033688717668271
98.5227688926871,0.032863670316129
98.6448541081675,0.0384655816628057
98.7669393236479,0.0433668357561743
98.8890245391283,0.043647772602256
99.0111097546087,0.043605875147333
99.1331949700891,0.0408471087362576
99.2552801855695,0.0365412715055025
99.3773654010499,0.0376732481791485
99.4994506165303,0.0402957402300034
99.6215358320108,0.0395541204022425
99.7436210474912,0.0389488774267356
99.8657062629716,0.0384495385178746
99.987791478452,0.0362980774293335
100.109876693932,0.0335829636853875
100.231961909413,0.0307010901619468
100.354047124893,0.0296504546190508
100.476132340374,0.0294943190528355
100.598217555854,0.0256871023978109
100.720302771334,0.0213708010710381
100.842387986815,0.0191547508437979
100.964473202295,0.0134303962894043
101.086558417776,0.00608243017460658
101.208643633256,0.00328542177137186
101.330728848736,0.00155511233953695
101.452814064217,-0.00104846413567394
101.574899279697,-0.00116458494756541
101.696984495178,-0.00100691277211398
101.819069710658,-0.00317562949275927
101.941154926138,-0.0062748982935548
102.063240141619,-0.00991394951678588
102.185325357099,-0.0120539794386714
102.30741057258,-0.0106821422987886
102.42949578806,-0.00855568829076654
102.55158100354,-0.00661831750842582
102.673666219021,-0.00405879728860335
102.795751434501,-0.00413183410076921
102.917836649982,-0.00668418564943206
103.039921865462,-0.00722154654587207
103.162007080943,-0.0072676149245033
103.284092296423,-0.00884711033789651
103.406177511903,-0.00893562262130097
103.528262727384,-0.00996854076609915
103.650347942864,-0.014898110820173
103.772433158345,-0.016194603505933
103.894518373825,-0.0114255865225488
104.016603589305,-0.00906719059566368
104.138688804786,-0.00920437450366446
104.260774020266,-0.00722014965892596
104.382859235747,-0.00737479978365475
104.504944451227,-0.0111551840424966
104.627029666707,-0.0143879823995749
104.749114882188,-0.0177490623427268
104.871200097668,-0.0209256148653328
104.993285313149,-0.0220787396095193
105.115370528629,-0.0244868047865543
105.237455744109,-0.0271061566349246
105.35954095959,-0.0257552408568786
105.48162617507,-0.0246125792556557
105.603711390551,-0.0265029083092955
105.725796606031,-0.0285357408760818
105.847881821511,-0.032137939978786
105.969967036992,-0.0370113918938279
106.092052252472,-0.0386081469646227
106.214137467953,-0.0381059714672256
106.336222683433,-0.0370810600684512
106.458307898913,-0.0340061240103584
106.580393114394,-0.0315008039405565
106.702478329874,-0.0299926429772778
106.824563545355,-0.0258905862437083
106.946648760835,-0.0218753808124295
107.068733976315,-0.0206490183964999
107.190819191796,-0.0191887359291189
107.312904407276,-0.0186802969207812
107.434989622757,-0.0214246950834364
107.557074838237,-0.0238549329839448
107.679160053718,-0.024886130246782
107.801245269198,-0.0252782156079005
107.923330484678,-0.0222209512860893
108.045415700159,-0.0191576163169395
108.167500915639,-0.0231809173415965
108.28958613112,-0.0295220829903302
108.4116713466,-0.0310758119926736
108.53375656208,-0.0308578615714338
108.655841777561,-0.0302348181102308
108.777926993041,-0.0282419536760228
108.900012208522,-0.0301452740964243
109.022097424002,-0.0351469810179293
109.144182639482,-0.0360432569419143
109.266267854963,-0.0358366799683308
109.388353070443,-0.0373986091091618
109.510438285924,-0.0345801172853378
109.632523501404,-0.0300260251414111
109.754608716884,-0.0312783481081787
109.876693932365,-0.0343722011280627
109.998779147845,-0.0346211309930833
110.120864363326,-0.0334515956243662
110.242949578806,-0.0311600266875866
110.365034794286,-0.0291809181044958
110.487120009767,-0.0289066157051926
110.609205225247,-0.029177598084163
110.731290440728,-0.0313108504211508
110.853375656208,-0.0340738050818263
110.975460871688,-0.0328024938883017
111.097546087169,-0.0295401565882832
111.219631302649,-0.0268631564166452
111.34171651813,-0.0226509033182861
111.46380173361,-0.0192901986676763
111.58588694909,-0.0193297484420333
111.707972164571,-0.019944249212508
111.830057380051,-0.0200473313173385
111.952142595532,-0.0190274754399006
112.074227811012,-0.015927346782674
112.196313026492,-0.0132679333210369
112.318398241973,-0.011159150280789
112.440483457453,-0.00777818880337614
112.562568672934,-0.00438738368931594
112.684653888414,-0.000874791713940165
112.806739103895,0.00133293739679831
112.928824319375,-0.00100947992051604
113.050909534855,-0.00279548948867274
113.172994750336,9.21727762172433e-05
113.295079965816,0.00168669286680469
113.417165181297,0.000805504621480136
113.539250396777,0.00146430452823688
113.661335612257,0.00105345284352616
113.783420827738,-0.0022256395036552
113.905506043218,-0.00413600695082775
114.027591258699,-0.00266003472350812
114.149676474179,-0.000210721897878965
114.271761689659,0.001354125700512
114.39384690514,0.00382687960858172
114.51593212062,0.00809758278665359
114.638017336101,0.0115754379040846
114.760102551581,0.0141793866080788
114.882187767061,0.015295634011145
115.004272982542,0.0128202275822777
115.126358198022,0.0129140204594895
115.248443413503,0.0168236075919745
115.370528628983,0.0134468037470736
115.492613844463,0.00704554082418808
115.614699059944,0.0102114647941141
115.736784275424,0.0146446961448142
115.858869490905,0.0140588224306888
115.980954706385,0.0166755893571575
116.103039921865,0.0184710456865796
116.225125137346,0.0138802638617985
116.347210352826,0.0114453634111711
116.469295568307,0.0122908768113075
116.591380783787,0.0111488685627731
116.713465999267,0.0101746741370012
116.835551214748,0.00885871905102523
116.957636430228,0.00523248010078458
117.079721645709,0.0025963315711263
117.201806861189,0.00078889515581339
117.32389207667,-0.00147933079682507
117.44597729215,-0.00138971592369056
117.56806250763,0.000183590287015693
117.690147723111,5.29065478666607e-05
117.812232938591,0.000188584647717061
117.934318154072,0.0031944871587434
118.056403369552,0.00576802412212731
118.178488585032,0.00464193155264608
118.300573800513,0.00432326743800022
118.422659015993,0.00656201878847114
118.544744231474,0.00460967447584868
118.666829446954,0.00100552678018237
118.788914662434,0.00338696046936037
118.910999877915,0.00526772303421006
119.033085093395,0.00325776195429824
119.155170308876,0.00516022137837256
119.277255524356,0.00818803766020961
119.399340739836,0.0084341764142639
119.521425955317,0.0116396357642441
119.643511170797,0.0140886022888424
119.765596386278,0.0117244584473749
119.887681601758,0.0130924950301435
120.009766817238,0.017510313766146
120.131852032719,0.0179050249906765
120.253937248199,0.01863898907768
120.37602246368,0.0204849557347412
120.49810767916,0.0173181009898117
120.62019289464,0.0128606589517552
120.742278110121,0.0137169535259174
120.864363325601,0.0179573575184062
120.986448541082,0.0209577620989918
121.108533756562,0.0207795374934164
121.230618972042,0.0180922691369195
121.352704187523,0.0156388138818754
121.474789403003,0.0171585081772277
121.596874618484,0.0218840680445806
121.718959833964,0.0235605146104574
121.841045049445,0.0236485130963377
121.963130264925,0.0279605250027596
122.085215480405,0.0289899939189176
122.207300695886,0.0230836634834025
122.329385911366,0.0230469342000379
122.451471126847,0.0278561025669086
122.573556342327,0.0246448363788249
122.695641557807,0.0194537470884937
122.817726773288,0.0209701713764264
122.939811988768,0.0226207642536113
123.061897204249,0.0223151108937096
123.183982419729,0.0249110592563175
123.306067635209,0.0278885916180034
123.42815285069,0.0251843979694408
123.55023806617,0.0183680965170796
123.672323281651,0.0165744693743599
123.794408497131,0.0212292871910465
123.916493712611,0.0233981888290101
124.038578928092,0.0228270100456379
124.160664143572,0.0229378898210939
124.282749359053,0.0189027775466713
124.404834574533,0.0153550896313095
124.526919790013,0.0202530030762555
124.649005005494,0.0241373590601296
124.771090220974,0.022433875392886
124.893175436455,0.0226443948825394
125.015260651935,0.0210246475740574
125.137345867415,0.0152722517962903
125.259431082896,0.01403194747067
125.381516298376,0.0156636665580374
125.503601513857,0.0142047250123286
125.625686729337,0.0122960700677315
125.747771944817,0.0114186895192469
125.869857160298,0.0118516437589412
125.991942375778,0.0129261078311644
126.114027591259,0.00997122146267855
126.236112806739,0.00497841213212152
126.35819802222,0.00177184557018415
126.4802832377,-0.00357514995339065
126.60236845318,-0.00922865432752448
126.724453668661,-0.0105506882266599
126.846538884141,-0.012718165806987
126.968624099622,-0.0164285475118584
127.090709315102,-0.0159533877833187
127.212794530582,-0.0140663711892525
127.334879746063,-0.0142273845389344
127.456964961543,-0.0145723297583895
127.579050177024,-0.0159320596929521
127.701135392504,-0.0180056389495435
127.823220607984,-0.0182065042872633
127.945305823465,-0.0185874596518069
128.067391038945,-0.0205659898394373
128.189476254426,-0.0208931789056937
128.311561469906,-0.019410222419806
128.433646685386,-0.0206986490296509
128.555731900867,-0.0260969149609371
128.677817116347,-0.0306068929965723
128.799902331828,-0.0307588913216772
128.921987547308,-0.0295620766354953
129.044072762788,-0.029619883094366
129.166157978269,-0.0294814533299172
129.288243193749,-0.0277200205704513
129.41032840923,-0.0249865537975809
129.53241362471,-0.023905322611005
129.65449884019,-0.0247649075232701
129.776584055671,-0.0243733103456801
129.898669271151,-0.0244412916478268
130.020754486632,-0.0271826305384177
130.142839702112,-0.027166702072776
130.264924917592,-0.0246254501543102
130.387010133073,-0.0253460955323399
130.509095348553,-0.0247825243171204
130.631180564034,-0.0204630139711127
130.753265779514,-0.0190369516097485
130.875350994995,-0.0180936573307223
130.997436210475,-0.0139297118767106
131.119521425955,-0.0125985465618
131.241606641436,-0.0134835465567731
131.363691856916,-0.0124619759742533
131.485777072397,-0.0126814567937368
131.607862287877,-0.0126465909092239
131.729947503357,-0.0105906898523901
131.852032718838,-0.0120539311865753
131.974117934318,-0.0143069747035702
132.096203149799,-0.0115860178663858
132.218288365279,-0.00919462765679419
132.340373580759,-0.00989992508615616
132.46245879624,-0.010730741274256
132.58454401172,-0.0123670073961188
132.706629227201,-0.0127689632727081
132.828714442681,-0.00937453106677472
132.950799658161,-0.00583468189427717
133.072884873642,-0.00345267472156517
133.194970089122,-0.00189700607493493
133.317055304603,-0.00327578340393121
133.439140520083,-0.00496690716258332
133.561225735563,-0.00437890209717057
133.683310951044,-0.00488284939155834
133.805396166524,-0.00779947264120862
133.927481382005,-0.0115007305763635
134.049566597485,-0.013275530963687
134.171651812965,-0.010518643204671
134.293737028446,-0.00867528599477082
134.415822243926,-0.0121250621320266
134.537907459407,-0.0134106176099808
134.659992674887,-0.0112713251775295
134.782077890367,-0.0131845651554383
134.904163105848,-0.0157059674951347
135.026248321328,-0.0134467851416836
135.148333536809,-0.0112379050955812
135.270418752289,-0.0118054281151627
135.39250396777,-0.0138281159564983
135.51458918325,-0.0164676024420828
135.63667439873,-0.0168142907588624
135.758759614211,-0.0158065884079706
135.880844829691,-0.0166235091063485
136.002930045172,-0.0156224090222482
136.125015260652,-0.0113169164036265
136.247100476132,-0.0084187216355673
136.369185691613,-0.00765197035807478
136.491270907093,-0.00857777316723777
136.613356122574,-0.0119778223325312
136.735441338054,-0.0138813385836047
136.857526553534,-0.0124501426985028
136.979611769015,-0.0120102084050907
137.101696984495,-0.0135221419763558
137.223782199976,-0.0147047753072684
137.345867415456,-0.0156700300460004
137.467952630936,-0.0160480653805033
137.590037846417,-0.0141223765749624
137.712123061897,-0.0112273930775388
137.834208277378,-0.0113168706589709
137.956293492858,-0.0143704657002034
138.078378708338,-0.0154109258308626
138.200463923819,-0.0123305076266521
138.322549139299,-0.00721055427313434
138.44463435478,-0.00238228594584426
138.56671957026,-0.00119117419743769
138.68880478574,-0.00359241592653594
138.810890001221,-0.0049445134309088
138.932975216701,-0.0057516825676981
139.055060432182,-0.00740434968020684
139.177145647662,-0.00632953723618488
139.299230863142,-0.00503914159454413
139.421316078623,-0.00657348209689007
139.543401294103,-0.00580726303182228
139.665486509584,-0.00471792775956756
139.787571725064,-0.00685326687661772
139.909656940545,-0.00423192277529339
140.031742156025,0.00152943497306532
140.153827371505,0.00120571765689876
140.275912586986,0.00114886716652938
140.397997802466,0.00401304794478449
140.520083017947,0.0013339891634153
140.642168233427,-0.00117009560878353
140.764253448907,0.00227073687797698
140.886338664388,0.00213161996014854
141.008423879868,-0.00152058887194318
141.130509095349,-0.00133917445913669
141.252594310829,-0.00208013753434644
141.374679526309,-0.00608252219171923
141.49676474179,-0.00643695749561553
141.61884995727,-0.00240852609370435
141.740935172751,0.000426849551065757
141.863020388231,-0.000101357790768505
141.985105603711,-0.000419509205611294
142.107190819192,0.00304904663390366
142.229276034672,0.0072693898964172
142.351361250153,0.00740296807117737
142.473446465633,0.00247650872027278
142.595531681113,-0.00540368247187774
142.717616896594,-0.00989292239915008
142.839702112074,-0.00823696225179398
142.961787327555,-0.00708716839274917
143.083872543035,-0.00780530574905981
143.205957758515,-0.0055702563109928
143.328042973996,-0.00362977962181357
143.450128189476,-0.00488712345512693
143.572213404957,-0.00523713304279044
143.694298620437,-0.00361572675930837
143.816383835917,0.000166345494924989
143.938469051398,0.00556213473134084
144.060554266878,0.00684302215248842
144.182639482359,0.00629083276528335
144.304724697839,0.0117417507500586
144.42680991332,0.0169531451912216
144.5488951288,0.0139686760743107
144.67098034428,0.00969780584779322
144.793065559761,0.0103762336124834
144.915150775241,0.013073131746603
145.037235990722,0.0151895744760082
145.159321206202,0.0161499641541813
145.281406421682,0.0163072122040566
145.403491637163,0.0166535145633318
145.525576852643,0.0157880735277139
145.647662068124,0.0130973377818738
145.769747283604,0.0116021507172718
145.891832499084,0.0125927066588074
146.013917714565,0.0140540963797466
146.136002930045,0.0142436115439747
146.258088145526,0.0125265018816161
146.380173361006,0.00950709856063211
146.502258576486,0.00572602155670453
146.624343791967,0.000509832116012363
146.746429007447,-0.00316766372922243
146.868514222928,-0.000501492909481927
146.990599438408,0.00453313922294045
147.112684653888,0.00597167749774232
147.234769869369,0.00721893105372345
147.356855084849,0.00795307606958152
147.47894030033,0.00263253433382229
147.60102551581,-0.00120399500924589
147.72311073129,0.00196340880479183
147.845195946771,0.00101640042827815
147.967281162251,-0.00284256970423467
148.089366377732,0.00288116276569568
148.211451593212,0.0105224931183089
148.333536808692,0.010190195130568
148.455622024173,0.00857505266968756
148.577707239653,0.00744211215863208
148.699792455134,0.0058138444216439
148.821877670614,0.00929727177750335
148.943962886094,0.0145322359915069
149.066048101575,0.0157238683935638
149.188133317055,0.0154626843133249
149.310218532536,0.0134855342712196
149.432303748016,0.0113176514296517
149.554388963497,0.0131200267270863
149.676474178977,0.0134903133961186
149.798559394457,0.0123364603873989
149.920644609938,0.0172876257912971
150.042729825418,0.0215849597210413
150.164815040899,0.0181334775512206
150.286900256379,0.0147830340976969
150.408985471859,0.0144733254218212
150.53107068734,0.0125373139689631
150.65315590282,0.00803424661671757
150.775241118301,0.00291952237493178
150.897326333781,0.00214047846494041
151.019411549261,0.00527810327384692
151.141496764742,0.00479916343389391
151.263581980222,0.00355887214484088
151.385667195703,0.00714816897304763
151.507752411183,0.00978133468458577
151.629837626663,0.0100843031214162
151.751922842144,0.0113933341928
151.874008057624,0.0104094885412586
151.996093273105,0.00715003696546649
152.118178488585,0.00368628863573193
152.240263704065,-0.000896581518955143
152.362348919546,-0.00205071271795754
152.484434135026,0.000287490741927816
152.606519350507,-0.0016507729470891
152.728604565987,-0.00532248146495172
152.850689781467,-0.00531338811806168
152.972774996948,-0.00487687683716059
153.094860212428,-0.00516725302107091
153.216945427909,-0.00585537039038675
153.339030643389,-0.00794880964150169
153.46111585887,-0.0101927059637785
153.58320107435,-0.0140681742203662
153.70528628983,-0.0178492883053219
153.827371505311,-0.0162855630942546
153.949456720791,-0.0154299088322869
154.071541936272,-0.0177611335423594
154.193627151752,-0.0141088859652425
154.315712367232,-0.00949832405032545
154.437797582713,-0.0117350772095239
154.559882798193,-0.0119729003708286
154.681968013674,-0.00963971578684594
154.804053229154,-0.0110063917581196
154.926138444634,-0.0106270396773272
155.048223660115,-0.0104181217205437
155.170308875595,-0.0172385872295828
155.292394091076,-0.0229951798733786
155.414479306556,-0.0231357925002466
155.536564522036,-0.0237091981385184
155.658649737517,-0.0245992372485233
155.780734952997,-0.024328129043121
155.902820168478,-0.02409287129381
156.024905383958,-0.0223379906801739
156.146990599438,-0.018948295956161
156.269075814919,-0.0158218591417592
156.391161030399,-0.0159275358301778
156.51324624588,-0.0207316360391026
156.63533146136,-0.0242795348137658
156.75741667684,-0.024976896734445
156.879501892321,-0.0278773670127653
157.001587107801,-0.0283989912130418
157.123672323282,-0.0254841422138704
157.245757538762,-0.0276075155198895
157.367842754242,-0.0288210670820361
157.489927969723,-0.0249668262468523
157.612013185203,-0.0290032790685739
157.734098400684,-0.0364660810894957
157.856183616164,-0.0329865991259755
157.978268831645,-0.0276687721820321
158.100354047125,-0.0282860657758653
158.222439262605,-0.0276146698070056
158.344524478086,-0.0263109998207049
158.466609693566,-0.026836847344771
158.588694909047,-0.0270497925798179
158.710780124527,-0.02822744134695
158.832865340007,-0.0262537207450742
158.954950555488,-0.0174675927763348
159.077035770968,-0.00994428757259223
159.199120986449,-0.00690909586505268
159.321206201929,-0.00475075099512606
159.443291417409,-0.00435284071122901
159.56537663289,-0.00383384106376738
159.68746184837,-0.00188914893912668
159.809547063851,-0.0028471062999017
159.931632279331,-0.00429987485256922
160.053717494811,-0.00329467179684433
160.175802710292,-0.00411335531138292
160.297887925772,-0.00459217352181248
160.419973141253,-0.00127249477288675
160.542058356733,0.000456390440580503
160.664143572213,-0.000538365171749315
160.786228787694,-0.00102210196896716
160.908314003174,-0.00225961119724962
161.030399218655,-0.003606144966335
161.152484434135,-0.00387889212288721
161.274569649615,-0.00502852562393824
161.396654865096,-0.00566804571384486
161.518740080576,-0.00560199687646289
161.640825296057,-0.00815861401899425
161.762910511537,-0.0107362278033839
161.884995727017,-0.0100841993192076
162.007080942498,-0.00872376623297337
162.129166157978,-0.00673500652823292
162.251251373459,-0.00343754077802235
162.373336588939,-0.00272027212337403
162.49542180442,-0.00562566453211447
162.6175070199,-0.00842348069551945
162.73959223538,-0.00878688352114708
162.861677450861,-0.00773114641044349
162.983762666341,-0.00839441666219026
163.105847881822,-0.0111988111877561
163.227933097302,-0.0124606523646608
163.350018312782,-0.0114163941145158
163.472103528263,-0.010402182917077
163.594188743743,-0.0104151972057741
163.716273959224,-0.013546276483015
163.838359174704,-0.0199690787537483
163.960444390184,-0.0235706402847025
164.082529605665,-0.0214522349945628
164.204614821145,-0.017942090599307
164.326700036626,-0.0152950516973516
164.448785252106,-0.0135125789448414
164.570870467586,-0.0139866139648848
164.692955683067,-0.0147961910922722
164.815040898547,-0.0128370255917498
164.937126114028,-0.00999392041796975
165.059211329508,-0.00900596073623136
165.181296544988,-0.0105218190004156
165.303381760469,-0.0138522201273172
165.425466975949,-0.0147406175446007
165.54755219143,-0.0119928822842261
165.66963740691,-0.0117893056717118
165.79172262239,-0.0140068042090426
165.913807837871,-0.0122971429247833
166.035893053351,-0.00936448752129169
166.157978268832,-0.00906572057491098
166.280063484312,-0.00856426000163879
166.402148699792,-0.00983327911246881
166.524233915273,-0.0131133678734452
166.646319130753,-0.0111159363602113
166.768404346234,-0.00693292186179958
166.890489561714,-0.00681028722930845
167.012574777195,-0.00482203373784144
167.134659992675,-0.0020100138678398
167.256745208155,-0.00453459773803811
167.378830423636,-0.00362091638221633
167.500915639116,0.00236451114700038
167.623000854597,0.000615663920121728
167.745086070077,-0.00523333209699187
167.867171285557,-0.00527801279546377
167.989256501038,-0.00533810905066514
168.111341716518,-0.00728860593011898
168.233426931999,-0.00586856905354084
168.355512147479,-0.00474429904789478
168.477597362959,-0.00671057104562533
168.59968257844,-0.00915906353967227
168.72176779392,-0.0123607054578042
168.843853009401,-0.0143052581289609
168.965938224881,-0.0120780381251891
169.088023440361,-0.00848788034971933
169.210108655842,-0.00584127757013739
169.332193871322,-0.0047019386503365
169.454279086803,-0.00587086599870313
169.576364302283,-0.007134725309351
169.698449517763,-0.00730516203369446
169.820534733244,-0.00712629404028963
169.942619948724,-0.00600371100373565
170.064705164205,-0.00725872824754008
170.186790379685,-0.0132061947573238
170.308875595165,-0.0177197883545214
170.430960810646,-0.0192533369042771
170.553046026126,-0.0234063091415877
170.675131241607,-0.0292592102525222
170.797216457087,-0.032858384446153
170.919301672567,-0.0333950061904528
171.041386888048,-0.0302821739625155
171.163472103528,-0.0273568172023047
171.285557319009,-0.0292468612489847
171.407642534489,-0.0309748362176227
171.529727749969,-0.0266832344561084
171.65181296545,-0.0192994095216119
171.77389818093,-0.0136977365265817
171.895983396411,-0.012063337587795
172.018068611891,-0.0143360823721597
172.140153827372,-0.0175007387474357
172.262239042852,-0.0182052958511759
172.384324258332,-0.0155912825394466
172.506409473813,-0.0108835622931873
172.628494689293,-0.00602314525195757
172.750579904774,-0.00308186875845998
172.872665120254,-0.00403433305165505
172.994750335734,-0.007224522229372
173.116835551215,-0.00777520678416891
173.238920766695,-0.00586365940460894
173.361005982176,-0.00534550738454824
173.483091197656,-0.0063495886857136
173.605176413136,-0.00811401901701473
173.727261628617,-0.00878750507355015
173.849346844097,-0.00473675249838531
173.971432059578,3.3161461407219e-05
174.093517275058,0.000107972853370767
174.215602490538,0.000590384964819181
174.337687706019,0.0031157597692576
174.459772921499,0.0014125094147464
174.58185813698,-0.00166083199868927
174.70394335246,-0.000859131740702248
174.82602856794,-0.000932617376749618
174.948113783421,-0.00349606098739509
175.070198998901,-0.00346039788372717
175.192284214382,-0.000898181316238613
175.314369429862,0.00089557239788847
175.436454645342,0.00110574850448523
175.558539860823,-0.000389015533604471
175.680625076303,-0.0029908559353668
175.802710291784,-0.00450597579825039
175.924795507264,-0.00190919437403234
176.046880722744,0.00558842533223875
176.168965938225,0.0130909173668802
176.291051153705,0.0150266496873329
176.413136369186,0.0121933621478686
176.535221584666,0.00974699075359247
176.657306800147,0.0115184340356787
176.779392015627,0.0152147722807782
176.901477231107,0.0148564855737982
177.023562446588,0.0118098473320234
177.145647662068,0.0125987411019529
177.267732877549,0.0160644558256931
177.389818093029,0.0182138514173774
177.511903308509,0.0204129892523267
177.63398852399,0.0221664845019746
177.75607373947,0.0221422177611317
177.878158954951,0.0246530506916019
178.000244170431,0.0295384196283791
178.122329385911,0.0302076078084651
178.244414601392,0.0284794837009622
178.366499816872,0.0300283229745179
178.488585032353,0.0314752103920961
178.610670247833,0.0301815536668366
178.732755463313,0.0286634491239632
178.854840678794,0.0244236364954464
178.976925894274,0.0180415939568046
179.099011109755,0.0176002441238277
179.221096325235,0.0201723334556646
179.343181540715,0.0163992975128238
179.465266756196,0.00960395825031677
179.587351971676,0.00459764263467388
179.709437187157,0.000395328745154329
179.831522402637,0.000601333837663875
179.953607618117,0.00422448082987147
180.075692833598,0.00451790907078017
180.197778049078,0.0052747955360467
180.319863264559,0.00838651418503328
180.441948480039,0.00693738039557865
180.564033695519,0.00694679340241943
180.686118911,0.0149529277205609
180.80820412648,0.0191819365063087
180.930289341961,0.0169427370896878
181.052374557441,0.0189042718336193
181.174459772922,0.0215504650311163
181.296544988402,0.0195900599123944
181.418630203882,0.0199642893820757
181.540715419363,0.0215096299841998
181.662800634843,0.01770002333449
181.784885850324,0.0129377420114816
181.906971065804,0.0113378527390094
182.029056281284,0.0113927070773506
182.151141496765,0.0136114794119683
182.273226712245,0.015515303963402
182.395311927726,0.0138134072866339
182.517397143206,0.0140389551718821
182.639482358686,0.0204048550867166
182.761567574167,0.0270020037479236
182.883652789647,0.029585382322066
183.005738005128,0.0310891103319012
183.127823220608,0.033478591122306
183.249908436088,0.0352420511133528
183.371993651569,0.0350659842042749
183.494078867049,0.0342120749071094
183.61616408253,0.0363273036073431
183.73824929801,0.0428923843184062
183.86033451349,0.050243681748558
183.982419728971,0.0538183314671986
184.104504944451,0.0522015516215939
184.226590159932,0.0477169498106891
184.348675375412,0.0448267090597327
184.470760590892,0.0441513584857529
184.592845806373,0.0421269055838808
184.714931021853,0.039469946019815
184.837016237334,0.0396830143511407
184.959101452814,0.0413771424110762
185.081186668294,0.041847344164588
185.203271883775,0.0410299247437885
185.325357099255,0.0405275179420124
185.447442314736,0.0433197521419743
185.569527530216,0.0471438405263937
185.691612745697,0.045938216508112
185.813697961177,0.0434049625984044
185.935783176657,0.0444161581772797
186.057868392138,0.0432451936922555
186.179953607618,0.0408250403402856
186.302038823099,0.0439412528114557
186.424124038579,0.0455577611348163
186.546209254059,0.0410961869156619
186.66829446954,0.0391226257671833
186.79037968502,0.0381495124224287
186.912464900501,0.0331493432000242
187.034550115981,0.0323313733933024
187.156635331461,0.0366806719069675
187.278720546942,0.0381938918020877
187.400805762422,0.0403031087783833
187.522890977903,0.0448482894933844
187.644976193383,0.0447339422195235
187.767061408863,0.0434987339292854
187.889146624344,0.0471883823468673
188.011231839824,0.0494056259908456
188.133317055305,0.0477661082177722
188.255402270785,0.0478973414531967
188.377487486265,0.0488306084940421
188.499572701746,0.0488316710647262
188.621657917226,0.0511598065898125
188.743743132707,0.0532683523842838
188.865828348187,0.0505094029057442
188.987913563667,0.047201338884643
189.109998779148,0.0477792492235821
189.232083994628,0.0490303052758063
189.354169210109,0.0491113405643575
189.476254425589,0.04946906589539
189.598339641069,0.0483037358913096
189.72042485655,0.0453510691883882
189.84251007203,0.0456228441620141
189.964595287511,0.0496556943857912
190.086680502991,0.0516426498921217
190.208765718471,0.0491620124858534
190.330850933952,0.0434841261938817
190.452936149432,0.036094987291729
190.575021364913,0.0316114152355532
190.697106580393,0.0331506257950171
190.819191795874,0.0356085485478205
190.941277011354,0.0343606368305114
191.063362226834,0.0328265041593791
191.185447442315,0.034917403977169
191.307532657795,0.0389371212080136
191.429617873276,0.0402539405073101
191.551703088756,0.0376056256607216
191.673788304236,0.0364308359562164
191.795873519717,0.038474104381162
191.917958735197,0.0359617035770871
192.040043950678,0.0292248588161749
192.162129166158,0.0286742297477
192.284214381638,0.0311839167206623
192.406299597119,0.026260067565452
192.528384812599,0.018706101885838
192.65047002808,0.015709728047054
192.77255524356,0.0137957891065906
192.89464045904,0.0120090423772926
193.016725674521,0.0119401065034151
193.138810890001,0.0114156606481789
193.260896105482,0.0122376682310659
193.382981320962,0.0160024248626768
193.505066536442,0.0166053221264325
193.627151751923,0.0115519532275697
193.749236967403,0.00571427792014114
193.871322182884,0.00179827328373684
193.993407398364,-0.000539642752042547
194.115492613844,-0.00207541769636823
194.237577829325,-0.00294906727545389
194.359663044805,-0.00161060222943575
194.481748260286,0.000967278919006542
194.603833475766,0.0016775999913288
194.725918691246,0.00143511192686192
194.848003906727,0.0019711526079431
194.970089122207,0.00152690268061018
195.092174337688,-0.00133786942598553
195.214259553168,-0.00560673105736116
195.336344768649,-0.00847099838378313
195.458429984129,-0.00803726934561562
195.580515199609,-0.00706812187742238
195.70260041509,-0.00875211854916062
195.82468563057,-0.010949304859255
195.946770846051,-0.00905343663106749
196.068856061531,-0.00238474706994249
196.190941277011,0.00206469503955236
196.313026492492,-0.0014712926698513
196.435111707972,-0.00520057008761215
196.557196923453,-0.00146140313248171
196.679282138933,0.00175004830225539
196.801367354413,-0.00148886368257148
196.923452569894,-0.00495813876922762
197.045537785374,-0.00692174527619355
197.167623000855,-0.0101367126529046
197.289708216335,-0.0120859996246289
197.411793431815,-0.0116899940183262
197.533878647296,-0.0110433604048865
197.655963862776,-0.0106294796416011
197.778049078257,-0.0121725760261401
197.900134293737,-0.0156147305345664
198.022219509217,-0.0163884777858423
198.144304724698,-0.014430732436913
198.266389940178,-0.0139835076300065
198.388475155659,-0.015435765089039
198.510560371139,-0.0180955963817349
198.632645586619,-0.0217597919271431
198.7547308021,-0.024105254482887
198.87681601758,-0.0265308105636928
198.998901233061,-0.0326607688416368
199.120986448541,-0.0379684304579102
199.243071664022,-0.037925337608532
199.365156879502,-0.0381488298168532
199.487242094982,-0.0408220794408477
199.609327310463,-0.0407644390669476
199.731412525943,-0.0401521562756819
199.853497741424,-0.0429183043643824
199.975582956904,-0.0452344375648745
200.097668172384,-0.047416071902247
200.219753387865,-0.0519674754083815
200.341838603345,-0.0529708575457754
200.463923818826,-0.0495882235839623
200.586009034306,-0.0485750648483449
200.708094249786,-0.0484573588105486
200.830179465267,-0.047196061983487
200.952264680747,-0.0486079500838055
201.074349896228,-0.0489732689100802
201.196435111708,-0.0444190106963593
201.318520327188,-0.0418523564677672
201.440605542669,-0.0430326686952818
201.562690758149,-0.040950116595243
201.68477597363,-0.0354407291643851
201.80686118911,-0.0322955877249291
201.92894640459,-0.0335793430963797
202.051031620071,-0.0372980742626706
202.173116835551,-0.0411326566707498
202.295202051032,-0.04446905980759
202.417287266512,-0.0463592025396963
202.539372481992,-0.0452897536620102
202.661457697473,-0.0426299244897069
202.783542912953,-0.0412334634796876
202.905628128434,-0.0423056776296574
203.027713343914,-0.0432343463011803
203.149798559394,-0.0391324363983454
203.271883774875,-0.0339667360013465
203.393968990355,-0.0366065963429273
203.516054205836,-0.0412821961697324
203.638139421316,-0.0383206880970455
203.760224636797,-0.0328872039669434
203.882309852277,-0.0298791936219256
204.004395067757,-0.0273292849216557
204.126480283238,-0.0272663074137129
204.248565498718,-0.0287775748803231
204.370650714199,-0.0287122426535452
204.492735929679,-0.0304315871807962
204.614821145159,-0.0323561164616608
204.73690636064,-0.0298869862615725
204.85899157612,-0.0276022086931487
204.981076791601,-0.0268764329388069
205.103162007081,-0.0247579974491611
205.225247222561,-0.0253272889370633
205.347332438042,-0.0279813178476843
205.469417653522,-0.0274823608937706
205.591502869003,-0.0270966253178621
205.713588084483,-0.0268866945142342
205.835673299963,-0.0221396630963768
205.957758515444,-0.0180222867382135
206.079843730924,-0.0184139108092471
206.201928946405,-0.0175506696274924
206.324014161885,-0.0139362428379021
206.446099377365,-0.0109862331006268
206.568184592846,-0.00979603926036526
206.690269808326,-0.00997219502751976
206.812355023807,-0.00956931017639514
206.934440239287,-0.0074335320110452
207.056525454767,-0.00451242118394144
207.178610670248,-0.00176834678033876
207.300695885728,-0.00190707564616042
207.422781101209,-0.00436517333454267
207.544866316689,-0.00352798386386197
207.666951532169,-0.0015579052197788
207.78903674765,-0.00329895784643175
207.91112196313,-0.00322250516486371
208.033207178611,0.000655230571720728
208.155292394091,0.00196641380679705
208.277377609572,0.00141849400266895
208.399462825052,0.00190884166821405
208.521548040532,0.00115299897407321
208.643633256013,-0.000734725068999258
208.765718471493,-0.00362375409597145
208.887803686974,-0.00764620919459121
209.009888902454,-0.00726846712080917
209.131974117934,-0.00197409457554663
209.254059333415,0.000424135303751119
209.376144548895,-0.00160664334354922
209.498229764376,-0.00382333412448026
209.620314979856,-0.00431700498629183
209.742400195336,-0.00234991350354696
209.864485410817,-2.36809008106077e-05
209.986570626297,0.000172497484741303
210.108655841778,0.00122940796095519
210.230741057258,0.00371816788949072
210.352826272738,0.00338630026845034
210.474911488219,0.00260744310594129
210.596996703699,0.00623362289968057
210.71908191918,0.0103438484305048
210.84116713466,0.0100884719705269
210.96325235014,0.00745520502462401
211.085337565621,0.00531671964871911
211.207422781101,0.0050880555549286
211.329507996582,0.00642866892057858
211.451593212062,0.00399845197633614
211.573678427542,-0.00444365890452144
211.695763643023,-0.0106728716237172
211.817848858503,-0.00982740504964361
211.939934073984,-0.0085415006533307
212.062019289464,-0.0102170717860036
212.184104504944,-0.0102195506372589
212.306189720425,-0.00759094587677603
212.428274935905,-0.00624042025641408
212.550360151386,-0.00756471205371879
212.672445366866,-0.0086913126428514
212.794530582346,-0.00665115126265469
212.916615797827,-0.00382643310809953
213.038701013307,-0.00370267633199935
213.160786228788,-0.00384354664084252
213.282871444268,-0.00319684458716808
213.404956659749,-0.00526296756473071
213.527041875229,-0.0084068181037751
213.649127090709,-0.0092854921206393
213.77121230619,-0.00988489664152121
213.89329752167,-0.010048171425601
214.015382737151,-0.00749211172939117
214.137467952631,-0.00467149444938828
214.259553168111,-0.00444868057451717
214.381638383592,-0.00694272113172896
214.503723599072,-0.0106086930034341
214.625808814553,-0.0125487735329961
214.747894030033,-0.0137079331780666
214.869979245513,-0.0161289716437734
214.992064460994,-0.0167212906194442
215.114149676474,-0.0168040415738026
215.236234891955,-0.0207065594329315
215.358320107435,-0.0224400832829337
215.480405322915,-0.0198935867862615
215.602490538396,-0.0232085825641589
215.724575753876,-0.0305304408433791
215.846660969357,-0.0306899172740217
215.968746184837,-0.027186504942577
216.090831400317,-0.0255964825118305
216.212916615798,-0.0210946987652009
216.335001831278,-0.015550496069406
216.457087046759,-0.0158873297649816
216.579172262239,-0.0192575826509782
216.701257477719,-0.0221630890623822
216.8233426932,-0.0265460628748003
216.94542790868,-0.0298534635935202
217.067513124161,-0.0290294406193579
217.189598339641,-0.0284899683914444
217.311683555121,-0.0306782792165462
217.433768770602,-0.0321881561974879
217.555853986082,-0.0332921854533261
217.677939201563,-0.0350823248648875
217.800024417043,-0.0331208413553745
217.922109632524,-0.0287574580388898
218.044194848004,-0.0309712769064442
218.166280063484,-0.038233534087535
218.288365278965,-0.0409942900813732
218.410450494445,-0.0400008297737403
218.532535709926,-0.039964620374617
218.654620925406,-0.0392192133689528
218.776706140886,-0.0392885455797031
218.898791356367,-0.0438329723753751
219.020876571847,-0.0476417439415563
219.142961787328,-0.0448753017258266
219.265047002808,-0.038064821127239
219.387132218288,-0.0312436209201322
219.509217433769,-0.0270166666380583
219.631302649249,-0.0267455732447951
219.75338786473,-0.0267893512121647
219.87547308021,-0.0238476744592319
219.99755829569,-0.0205511336622066
220.119643511171,-0.0185451205862682
220.241728726651,-0.0167072272415862
220.363813942132,-0.0158792036296641
220.485899157612,-0.0152419608468049
220.607984373092,-0.0122341756388538
220.730069588573,-0.00885413414072614
220.852154804053,-0.00735659297122564
220.974240019534,-0.00635996867421149
221.096325235014,-0.00672833561872411
221.218410450494,-0.00863892484821159
221.340495665975,-0.00683863948135303
221.462580881455,-0.000872017092840737
221.584666096936,0.00162807668580283
221.706751312416,-0.00177379672685933
221.828836527896,-0.00485456363884265
221.950921743377,-0.00382057993128667
222.073006958857,-0.00246108976367455
222.195092174338,-0.00495343525138524
222.317177389818,-0.00938190211687445
222.439262605299,-0.0131641609761524
222.561347820779,-0.0170377205415728
222.683433036259,-0.0176046017256885
222.80551825174,-0.0105883495733186
222.92760346722,-0.00278538679408838
223.049688682701,-0.00213508345221565
223.171773898181,-0.00440433496814646
223.293859113661,-0.00429025954155408
223.415944329142,-0.00336303287157728
223.538029544622,-0.00167582181096829
223.660114760103,0.00300013421124405
223.782199975583,0.00904526898807705
223.904285191063,0.0113965566947342
224.026370406544,0.00754966221729483
224.148455622024,0.00246656230640236
224.270540837505,0.00186791260716818
224.392626052985,0.00340136350972392
224.514711268465,0.00381026314063876
224.636796483946,0.00453155788269021
224.758881699426,0.00479411155445339
224.880966914907,0.00263430774104607
225.003052130387,-0.000325297018320131
225.125137345867,-0.00199729380813957
225.247222561348,-0.000991978060550219
225.369307776828,0.00148751740150729
225.491392992309,0.00114458671355995
225.613478207789,1.31580809423018e-05
225.735563423269,0.00412416440761343
225.85764863875,0.0105435539981122
225.97973385423,0.013685357902779
226.101819069711,0.0143384595840961
226.223904285191,0.0137487807246404
226.345989500671,0.013291867659057
226.468074716152,0.015053005662541
226.590159931632,0.0164146359495289
226.712245147113,0.015341426518102
226.834330362593,0.014118010118956
226.956415578074,0.0130887478926163
227.078500793554,0.0127875890951418
227.200586009034,0.0149042005595003
227.322671224515,0.0162189524267648
227.444756439995,0.013573914461466
227.566841655476,0.0089443781342529
227.688926870956,0.00553699396692006
227.811012086436,0.00677120862142277
227.933097301917,0.0118926004554875
228.055182517397,0.0150237500139256
228.177267732878,0.0161828887212219
228.299352948358,0.0175239617393824
228.421438163838,0.0149949811820522
228.543523379319,0.0112564683289839
228.665608594799,0.0135990697961851
228.78769381028,0.0165963878163304
228.90977902576,0.0147673657065478
229.03186424124,0.0136699143698988
229.153949456721,0.0137908352909779
229.276034672201,0.0120269098944329
229.398119887682,0.0115117646598481
229.520205103162,0.0113066741854437
229.642290318642,0.00868361525605289
229.764375534123,0.00841781075651088
229.886460749603,0.0107548414054206
230.008545965084,0.0105262656163466
230.130631180564,0.00976067957096846
230.252716396044,0.00985268000419502
230.374801611525,0.00729300666503225
230.496886827005,0.00534386760773107
230.618972042486,0.00852996231846849
230.741057257966,0.0124092772605345
230.863142473446,0.012559210754453
230.985227688927,0.011496055291325
231.107312904407,0.0133880458478608
231.229398119888,0.0180514713079312
231.351483335368,0.0209832027408001
231.473568550848,0.0212135787189071
231.595653766329,0.0214110885927981
231.717738981809,0.0200960545524401
231.83982419729,0.0184421121491446
231.96190941277,0.0214683345365639
232.083994628251,0.0233663092145584
232.206079843731,0.0192243480437754
232.328165059211,0.0193724616520185
232.450250274692,0.024681667156044
232.572335490172,0.0235920646016798
232.694420705653,0.0205257825452542
232.816505921133,0.023015688832067
232.938591136613,0.0230629115259891
233.060676352094,0.019242954587118
233.182761567574,0.0184671616276573
233.304846783055,0.0184087464793212
233.426931998535,0.0180529807730672
233.549017214015,0.0206579680673788
233.671102429496,0.0221319957690853
233.793187644976,0.0201243015841017
233.915272860457,0.0183650291029247
234.037358075937,0.0177301952110043
234.159443291417,0.0187621077583637
234.281528506898,0.0212379095777578
234.403613722378,0.0219801518752002
234.525698937859,0.0225453030889851
234.647784153339,0.0255377720523478
234.769869368819,0.0285558214107862
234.8919545843,0.0304397477851216
235.01403979978,0.0303310565062186
235.136125015261,0.0274330055541478
235.258210230741,0.0251308692531217
235.380295446221,0.0226037214541703
235.502380661702,0.0173153406042602
235.624465877182,0.0152883689758952
235.746551092663,0.0177282713622248
235.868636308143,0.0180178318236462
235.990721523623,0.0176771377108503
236.112806739104,0.018889930137416
236.234891954584,0.0181614370093901
236.356977170065,0.0176630143122674
236.479062385545,0.0191281933873856
236.601147601026,0.0193532951329683
236.723232816506,0.0195726811500182
236.845318031986,0.0195433586009641
236.967403247467,0.0169938923157064
237.089488462947,0.0168864627349601
237.211573678428,0.0195616318209314
237.333658893908,0.0173844641357696
237.455744109388,0.0112606856797285
237.577829324869,0.00662990888716182
237.699914540349,0.00303538021367701
237.82199975583,-0.000298774452633161
237.94408497131,-0.00198226655479731
238.06617018679,-0.000654638584558426
238.188255402271,0.00163427789369215
238.310340617751,-0.00101488552670872
238.432425833232,-0.00659168091391523
238.554511048712,-0.00721748266578169
238.676596264192,-0.00525722945675908
238.798681479673,-0.00484238665051283
238.920766695153,-0.00206865660008815
239.042851910634,0.00220147949433327
239.164937126114,0.00301104632495412
239.287022341594,0.000894511484348354
239.409107557075,-0.00276095837873544
239.531192772555,-0.00601548451854208
239.653277988036,-0.00541911340819486
239.775363203516,-0.00216262597725491
239.897448418996,0.00102406281804296
240.019533634477,0.00397135680393719
240.141618849957,0.00694932134693063
240.263704065438,0.0112214404113766
240.385789280918,0.0156308813418635
240.507874496399,0.0166272867502538
240.629959711879,0.0158184238494586
240.752044927359,0.0158812867542548
240.87413014284,0.0167661973919321
240.99621535832,0.0198222003898489
241.118300573801,0.0221639591987754
241.240385789281,0.0204745754164016
241.362471004761,0.0214926134416275
241.484556220242,0.0261878513835134
241.606641435722,0.0249569690843694
241.728726651203,0.0201556206682577
241.850811866683,0.0194262703651729
241.972897082163,0.0181758770068591
242.094982297644,0.014576518406487
242.217067513124,0.0144316932298394
242.339152728605,0.0158656195251947
242.461237944085,0.015084517956779
242.583323159565,0.0159900234358971
242.705408375046,0.0200488810644124
242.827493590526,0.0222168040164125
242.949578806007,0.0213511046410788
243.071664021487,0.0213200496855759
243.193749236967,0.0218336330607538
243.315834452448,0.0214350270162199
243.437919667928,0.023695414899839
243.560004883409,0.0272009329879086
243.682090098889,0.0257022879349891
243.804175314369,0.0226745340009311
243.92626052985,0.0231148804668174
244.04834574533,0.0237352292355781
244.170430960811,0.0237529035787354
244.292516176291,0.0219388397536022
244.414601391771,0.0158939207632808
244.536686607252,0.0154281245050333
244.658771822732,0.0229593974538594
244.780857038213,0.0222548420864084
244.902942253693,0.0146228224305208
245.025027469174,0.0149608528450571
245.147112684654,0.0168776631348379
245.269197900134,0.0147403473657578
245.391283115615,0.0190369886033186
245.513368331095,0.0261706679781132
245.635453546576,0.0263993521075071
245.757538762056,0.0271805361290381
245.879623977536,0.0329080005759121
246.001709193017,0.0357770069695566
246.123794408497,0.0342156287753915
246.245879623978,0.033389234001635
246.367964839458,0.0354311092366005
246.490050054938,0.0376605966570624
246.612135270419,0.0367230068216507
246.734220485899,0.0347586145071815
246.85630570138,0.0341317965923267
246.97839091686,0.0321986116540733
247.10047613234,0.0297765926941267
247.222561347821,0.0291106292751084
247.344646563301,0.0272468909583368
247.466731778782,0.0255295711870467
247.588816994262,0.0274777655105543
247.710902209742,0.0274154759542913
247.832987425223,0.0228147076424472
247.955072640703,0.0213594359182203
248.077157856184,0.0236186615183482
248.199243071664,0.0229657704924308
248.321328287144,0.0215090901144929
248.443413502625,0.0243200731461422
248.565498718105,0.0268928735830272
248.687583933586,0.0236358875000979
248.809669149066,0.0184105764439276
248.931754364546,0.0160111534289049
249.053839580027,0.0136255386199407
249.175924795507,0.00908362989152673
249.298010010988,0.00574308124537593
249.420095226468,0.00453572908561419
249.542180441949,0.00346467611771231
249.664265657429,0.00275151205330482
249.786350872909,0.00146207234052809
249.90843608839,-0.00253301793395925
250.03052130387,-0.00699194082216813
250.152606519351,-0.00895159118358457
250.274691734831,-0.00990284098477713
250.396776950311,-0.0120275644105833
250.518862165792,-0.0143324919281542
250.640947381272,-0.0140455933585295
250.763032596753,-0.0111775996100257
250.885117812233,-0.00987987532430007
251.007203027713,-0.0115625049887085
251.129288243194,-0.0125801563774811
251.251373458674,-0.0120153103706204
251.373458674155,-0.0122511326210944
251.495543889635,-0.0129308476040996
251.617629105115,-0.0126056750808465
251.739714320596,-0.0117756668273815
251.861799536076,-0.0110389532597479
251.983884751557,-0.00998809074074927
252.105969967037,-0.00842401425299463
252.228055182517,-0.00830087489950842
252.350140397998,-0.010860767829748
252.472225613478,-0.0123456563448963
252.594310828959,-0.0113884490918464
252.716396044439,-0.0124887682606689
252.838481259919,-0.0140539667082393
252.9605664754,-0.011599690118332
253.08265169088,-0.0101017577893346
253.204736906361,-0.0121467633356163
253.326822121841,-0.0116843772332622
253.448907337321,-0.00932840762923538
253.570992552802,-0.00915430088021457
253.693077768282,-0.00829650913434828
253.815162983763,-0.00532176759120127
253.937248199243,-0.00137973411014373
254.059333414723,0.00420442322080395
254.181418630204,0.0086788848239641
254.303503845684,0.0100076710121566
254.425589061165,0.0112988910811166
254.547674276645,0.0130011738627689
254.669759492126,0.0135169641923036
254.791844707606,0.0123587382675318
254.913929923086,0.00934383308602031
255.036015138567,0.00907421377657496
255.158100354047,0.0132955894199499
255.280185569528,0.0147408973910814
255.402270785008,0.0134354166236217
255.524356000488,0.0139709584147418
255.646441215969,0.0116812919047771
255.768526431449,0.00834751813868003
255.89061164693,0.0113389277465268
256.01269686241,0.0141922125482219
256.13478207789,0.0130211075899234
256.256867293371,0.0139850892943699
256.378952508851,0.013219768476635
256.501037724332,0.00765440534591961
256.623122939812,0.00503801486541194
256.745208155292,0.00554829099103719
256.867293370773,0.00535312754284402
256.989378586253,0.00582128715584122
257.111463801734,0.00552471650988346
257.233549017214,0.00500607187849533
257.355634232694,0.0064858685353721
257.477719448175,0.0064643964726806
257.599804663655,0.00706280853843773
257.721889879136,0.0113801911816703
257.843975094616,0.0118057463543356
257.966060310096,0.00927643783528289
258.088145525577,0.0126064641674004
258.210230741057,0.0166985010370575
258.332315956538,0.0165492098607622
258.454401172018,0.0174165448406292
258.576486387498,0.0192103251123499
258.698571602979,0.0199174854738859
258.820656818459,0.0206424910301815
258.94274203394,0.0195028110645298
259.06482724942,0.0176692087440696
259.186912464901,0.0170261240049158
259.308997680381,0.0138936285127232
259.431082895861,0.0106471803352941
259.553168111342,0.0124915859866484
259.675253326822,0.0141150869745139
259.797338542303,0.0108719318654971
259.919423757783,0.0073548502549993
260.041508973263,0.00674982943816643
260.163594188744,0.00654097057625265
260.285679404224,0.0054156576896606
260.407764619705,0.0070343079904469
260.529849835185,0.010529508481377
260.651935050665,0.00773704853229756
260.774020266146,0.00152580016319724
260.896105481626,0.00150463776098699
261.018190697107,0.00193344370016071
261.140275912587,-0.00245483860333
261.262361128067,-0.00424935276505597
261.384446343548,-0.00526484738536662
261.506531559028,-0.0103530580911925
261.628616774509,-0.0119390317054019
261.750701989989,-0.00804130111357347
261.872787205469,-0.00458774890642717
261.99487242095,-0.0026807912977509
262.11695763643,-0.00350713551772656
262.239042851911,-0.00527219725787235
262.361128067391,-0.00334349681298074
262.483213282871,-0.00204557015435312
262.605298498352,-0.00365251920770528
262.727383713832,-0.0040583701093518
262.849468929313,-0.00689052120192705
262.971554144793,-0.012085535062022
263.093639360273,-0.0117745576343444
263.215724575754,-0.00973649685986422
263.337809791234,-0.0120534135588348
263.459895006715,-0.0153539532729675
263.581980222195,-0.0192909530204701
263.704065437676,-0.0225678275861852
263.826150653156,-0.0202386656352761
263.948235868636,-0.0166473924906025
264.070321084117,-0.0166847328022926
264.192406299597,-0.0173745852539504
264.314491515078,-0.0174994147818016
264.436576730558,-0.0160111849120416
264.558661946038,-0.0131103996520102
264.680747161519,-0.0141347489527496
264.802832376999,-0.0159880174164434
264.92491759248,-0.0123128734617685
265.04700280796,-0.0105920993530046
265.16908802344,-0.0147874797041681
265.291173238921,-0.0157600426678236
265.413258454401,-0.0138323577927448
265.535343669882,-0.0165108833463417
265.657428885362,-0.0198740712955597
265.779514100842,-0.0186420214033469
265.901599316323,-0.0163632349130818
266.023684531803,-0.0149438985787401
266.145769747284,-0.013434715232737
266.267854962764,-0.0144679761616745
266.389940178244,-0.0173192868707559
266.512025393725,-0.0160052986778513
266.634110609205,-0.0115080715908676
266.756195824686,-0.00950855384767814
266.878281040166,-0.00875900414661462
267.000366255646,-0.00681207307544001
267.122451471127,-0.00511135360881353
267.244536686607,-0.00360244041269569
267.366621902088,-0.00301899011372113
267.488707117568,-0.00377344353716466
267.610792333049,-0.00255984751749441
267.732877548529,-0.0023540789091736
267.854962764009,-0.00837389591812293
267.97704797949,-0.0143686426507675
268.09913319497,-0.0153217388611083
268.221218410451,-0.0153369671657227
268.343303625931,-0.0150943031611018
268.465388841411,-0.014670435509436
268.587474056892,-0.016333929473288
268.709559272372,-0.0176209382353411
268.831644487853,-0.0186059732538897
268.953729703333,-0.0210412650283546
269.075814918813,-0.0209098819766522
269.197900134294,-0.0203380426188399
269.319985349774,-0.0238258209373207
269.442070565255,-0.0252370889774585
269.564155780735,-0.0243567602584704
269.686240996215,-0.0276005242679223
269.808326211696,-0.0289623127311688
269.930411427176,-0.0245164336174806
270.052496642657,-0.0217430692342226
270.174581858137,-0.0214259152787332
270.296667073617,-0.0217422958229571
270.418752289098,-0.0251951867733832
270.540837504578,-0.0275021163410681
270.662922720059,-0.025041218899401
270.785007935539,-0.0229326706854055
270.907093151019,-0.0226172171156254
271.0291783665,-0.0217549859761141
271.15126358198,-0.0207728445363622
271.273348797461,-0.0181322931445315
271.395434012941,-0.0132207953091442
271.517519228421,-0.0106852585534967
271.639604443902,-0.0118230555031235
271.761689659382,-0.0122564011370964
271.883774874863,-0.0111931900005439
272.005860090343,-0.0124945876817462
272.127945305823,-0.0162095824952927
272.250030521304,-0.0184709798947557
272.372115736784,-0.0193143151228552
272.494200952265,-0.0214641983553251
272.616286167745,-0.0248458663365026
272.738371383226,-0.0280408015694174
272.860456598706,-0.0298269671670629
272.982541814186,-0.0302371103186354
273.104627029667,-0.0302690167340914
273.226712245147,-0.0280648688542959
273.348797460628,-0.024504769903045
273.470882676108,-0.0249409070744182
273.592967891588,-0.0264643024630051
273.715053107069,-0.0252042021114542
273.837138322549,-0.0271715180835348
273.95922353803,-0.0300157357922435
274.08130875351,-0.0262020596839596
274.20339396899,-0.0228732676495029
274.325479184471,-0.0227396398053813
274.447564399951,-0.0183343922776057
274.569649615432,-0.0152988637442336
274.691734830912,-0.0178250503129805
274.813820046392,-0.0178040676916767
274.935905261873,-0.0179288173799304
275.057990477353,-0.0222725759702005
275.180075692834,-0.0227727689279956
275.302160908314,-0.0200805292545716
275.424246123794,-0.0206903442937635
275.546331339275,-0.0225469526972781
275.668416554755,-0.0251858451339679
275.790501770236,-0.0284896844183878
275.912586985716,-0.0288983942881173
276.034672201196,-0.027950379802024
276.156757416677,-0.0261441180627713
276.278842632157,-0.0234571474339195
276.400927847638,-0.0268488365557499
276.523013063118,-0.0343500854415887
276.645098278599,-0.0362599228521404
276.767183494079,-0.0356848935004293
276.889268709559,-0.0369653938413626
277.01135392504,-0.0356762855042066
277.13343914052,-0.033018119646097
277.255524356001,-0.0323015825725987
277.377609571481,-0.0316127038390485
277.499694786961,-0.0316041921280772
277.621780002442,-0.0331238810711557
277.743865217922,-0.0341003196409775
277.865950433403,-0.0349782189770429
277.988035648883,-0.0362225534436277
278.110120864363,-0.0363963583379893
278.232206079844,-0.0353115042656384
278.354291295324,-0.033977700395606
278.476376510805,-0.0347848550112001
278.598461726285,-0.0374890910605432
278.720546941765,-0.0371635409029873
278.842632157246,-0.0342105803999919
278.964717372726,-0.0334585983222957
279.086802588207,-0.0323991925591277
279.208887803687,-0.0277611816778917
279.330973019167,-0.0244747899929845
279.453058234648,-0.0257163337011271
279.575143450128,-0.0277899093432217
279.697228665609,-0.0294033015239009
279.819313881089,-0.0325526656452596
279.941399096569,-0.0345556000561091
280.06348431205,-0.0332831891753033
280.18556952753,-0.0346677204561299
280.307654743011,-0.0395696924833921
280.429739958491,-0.0392033233420327
280.551825173971,-0.0339513864779967
280.673910389452,-0.0311742901365111
280.795995604932,-0.0299478701218654
280.918080820413,-0.0302168607139681
281.040166035893,-0.0342727999196942
281.162251251373,-0.0362736133085366
281.284336466854,-0.0346427272948157
281.406421682334,-0.0353237749150128
281.528506897815,-0.0367740124312089
281.650592113295,-0.0370124112684042
281.772677328776,-0.0387877081843997
281.894762544256,-0.0392862237409079
282.016847759736,-0.0379060068848543
282.138932975217,-0.0393163438925105
282.261018190697,-0.0403968627117214
282.383103406178,-0.0373325219718012
282.505188621658,-0.0342879950274961
282.627273837138,-0.0342358075668433
282.749359052619,-0.0369780875541895
282.871444268099,-0.0390421985729642
282.99352948358,-0.0345877726555496
283.11561469906,-0.0284598990652604
283.23769991454,-0.0297478226537698
283.359785130021,-0.032674853315887
283.481870345501,-0.0301723398446885
283.603955560982,-0.0289609357594977
283.726040776462,-0.0321942261268373
283.848125991942,-0.0329537357760082
283.970211207423,-0.0306155524051089
284.092296422903,-0.0304297072064484
284.214381638384,-0.0312333875313513
284.336466853864,-0.0301593662970176
284.458552069344,-0.0302554883696337
284.580637284825,-0.0327533041298414
284.702722500305,-0.0337959684921782
284.824807715786,-0.0336149734878547
284.946892931266,-0.0354531134783645
285.068978146746,-0.0375476767041605
285.191063362227,-0.0378673081156735
285.313148577707,-0.0387926778477903
285.435233793188,-0.0400573973620822
285.557319008668,-0.0375309883678843
285.679404224148,-0.0327383271248507
285.801489439629,-0.0323840526917493
285.923574655109,-0.0352323769171171
286.04565987059,-0.0333068062956781
286.16774508607,-0.0270747765441123
286.28983030155,-0.0222170721486186
286.411915517031,-0.0185086830748036
286.534000732511,-0.0164713327687426
286.656085947992,-0.0187085180182055
286.778171163472,-0.0222118727326777
286.900256378953,-0.0244766069224879
287.022341594433,-0.0256860002261052
287.144426809913,-0.0241600233384749
287.266512025394,-0.022238379632677
287.388597240874,-0.0218154988775485
287.510682456355,-0.0179887630394923
287.632767671835,-0.0125726096004343
287.754852887315,-0.0115467869953333
287.876938102796,-0.0112234527174053
287.999023318276,-0.00945175234285204
288.121108533757,-0.00911985588612608
288.243193749237,-0.00796531990070044
288.365278964717,-0.00656516714904072
288.487364180198,-0.00767582672992939
288.609449395678,-0.00624963135941011
288.731534611159,-0.00205365388879393
288.853619826639,-0.00235486889616275
288.975705042119,-0.00463135482468662
289.0977902576,-0.00154381049747478
289.21987547308,0.00300504927649814
289.341960688561,0.000669285812654749
289.464045904041,-0.00478275288727966
289.586131119521,-0.00392607661744622
289.708216335002,-0.00172216488060349
289.830301550482,-0.00521884267120683
289.952386765963,-0.00509978540367292
290.074471981443,0.000619251211178513
290.196557196923,0.00205782411210109
290.318642412404,0.00513238653529807
290.440727627884,0.0143600459686347
290.562812843365,0.0181430154135731
290.684898058845,0.018347109801286
290.806983274326,0.0220621526855794
290.929068489806,0.0218430152433411
291.051153705286,0.0184847297347944
291.173238920767,0.0174722955506429
291.295324136247,0.0138111818678863
291.417409351728,0.0109705368379702
291.539494567208,0.0137797619595475
291.661579782688,0.0143041438253311
291.783664998169,0.012757061568705
291.905750213649,0.0141263945808172
292.02783542913,0.0147395318939224
292.14992064461,0.0161930973609858
292.27200586009,0.0205401665171295
292.394091075571,0.0232840543607758
292.516176291051,0.026365833509923
292.638261506532,0.0301077793257876
292.760346722012,0.0295099265130666
292.882431937492,0.027917608320881
293.004517152973,0.0278659886191579
293.126602368453,0.0279143080370796
293.248687583934,0.0315685003007874
293.370772799414,0.0355818882203733
293.492858014894,0.0340252032566101
293.614943230375,0.032742087015566
293.737028445855,0.0344631968265106
293.859113661336,0.0347313978901524
293.981198876816,0.0337751056824147
294.103284092296,0.0317114705458334
294.225369307777,0.0292177106471968
294.347454523257,0.0292214108112118
294.469539738738,0.0290521861674885
294.591624954218,0.0272221569724143
294.713710169698,0.0252541374275489
294.835795385179,0.0209133125815922
294.957880600659,0.0170443862373081
295.07996581614,0.0181697712071321
295.20205103162,0.0213484080801481
295.3241362471,0.0260730797640703
295.446221462581,0.0297574771730291
295.568306678061,0.0261233796760113
295.690391893542,0.0229137756358725
295.812477109022,0.026202418218186
295.934562324503,0.0260765396293245
296.056647539983,0.0223447282799201
296.178732755463,0.0222425969644132
296.300817970944,0.0222413415075274
296.422903186424,0.0208332320793912
296.544988401905,0.0186600889867182
296.667073617385,0.0137187031369286
296.789158832865,0.012487489384277
296.911244048346,0.0166925686855919
297.033329263826,0.016647917518975
297.155414479307,0.0131180362970249
297.277499694787,0.0116748603523658
297.399584910267,0.0099830396947895
297.521670125748,0.00940417312791725
297.643755341228,0.0118730049499089
297.765840556709,0.0131974222201123
297.887925772189,0.0126824608752484
298.010010987669,0.0124552225838703
298.13209620315,0.0127581566418517
298.25418141863,0.0129348792324775
298.376266634111,0.0119807884846985
298.498351849591,0.0130016556730415
298.620437065071,0.0169674067024528
298.742522280552,0.01718290793586
298.864607496032,0.0146524434065842
298.986692711513,0.0145435882495187
299.108777926993,0.0122057357465282
299.230863142473,0.00919871857544489
299.352948357954,0.01262849414081
299.475033573434,0.0164596699449698
299.597118788915,0.0172391406040993
299.719204004395,0.0207015453138112
299.841289219876,0.0241840212322723
299.963374435356,0.0253494005135684
300.085459650836,0.0272609636830825
300.207544866317,0.0265912161071126
300.329630081797,0.0242679129281151
300.451715297278,0.0264229237719733
300.573800512758,0.0283733123401318
300.695885728238,0.0270285920250458
300.817970943719,0.0287452707117371
300.940056159199,0.0316825133436061
301.06214137468,0.0305326592154544
301.18422659016,0.0298235432210479
301.30631180564,0.03210546868277
301.428397021121,0.033255764639614
301.550482236601,0.0345175148075737
301.672567452082,0.0393785898650731
301.794652667562,0.0438032948296844
301.916737883042,0.0444909108310216
302.038823098523,0.0455084491415463
302.160908314003,0.0476895948399329
302.282993529484,0.0472576285578249
302.405078744964,0.0454214921873894
302.527163960444,0.044891213986689
302.649249175925,0.0456999979951665
302.771334391405,0.0478616827123882
302.893419606886,0.0486799419769045
303.015504822366,0.0473513302072786
303.137590037846,0.0483965193596562
303.259675253327,0.0495355848573169
303.381760468807,0.0467483391409791
303.503845684288,0.046401204928303
303.625930899768,0.0499481373353118
303.748016115248,0.0501924499746592
303.870101330729,0.0475653593851255
303.992186546209,0.0454067807410908
304.11427176169,0.0438738688630967
304.23635697717,0.044478084157479
304.35844219265,0.0452658670781558
304.480527408131,0.043824186445763
304.602612623611,0.0421754357269367
304.724697839092,0.0390222795881988
304.846783054572,0.0344772911779955
304.968868270053,0.0325946299374511
305.090953485533,0.0306149284996185
305.213038701013,0.0271126898370887
305.335123916494,0.0258108625201128
305.457209131974,0.023726750964933
305.579294347455,0.0212198029036812
305.701379562935,0.0240486555878419
305.823464778415,0.026930079862552
305.945549993896,0.0260688734826671
306.067635209376,0.0272471738881236
306.189720424857,0.0287480736548822
306.311805640337,0.0284751423376457
306.433890855817,0.0315166205438287
306.555976071298,0.0359544318305637
306.678061286778,0.0378618107817276
306.800146502259,0.0382008129950785
306.922231717739,0.0352695885036254
307.044316933219,0.0307135484119258
307.1664021487,0.0293429442017331
307.28848736418,0.0292810593114454
307.410572579661,0.0298021455632027
307.532657795141,0.0316209926934008
307.654743010621,0.0293712854625097
307.776828226102,0.0236813034178677
307.898913441582,0.0220494528983379
308.020998657063,0.0235192532267685
308.143083872543,0.0228857513159453
308.265169088023,0.019622844232599
308.387254303504,0.0154026859867768
308.509339518984,0.0133094373455478
308.631424734465,0.0144995283814026
308.753509949945,0.0145506156921942
308.875595165425,0.0104334150084123
308.997680380906,0.00624678414194565
309.119765596386,0.00687302011906521
309.241850811867,0.0100518849720973
309.363936027347,0.011029601444299
309.486021242828,0.0103451500579628
309.608106458308,0.00929869681517656
309.730191673788,0.00862568186796867
309.852276889269,0.012176018591107
309.974362104749,0.0177719271815895
310.09644732023,0.0189409526289214
310.21853253571,0.019324233611761
310.34061775119,0.021992133765627
310.462702966671,0.0206522056577798
310.584788182151,0.0155744184274562
310.706873397632,0.0121228899707877
310.828958613112,0.0107022170354028
310.951043828592,0.0123364646036402
311.073129044073,0.0146098256557109
311.195214259553,0.0117052797172055
311.317299475034,0.0082247410804666
311.439384690514,0.00946794261848618
311.561469905994,0.00953403974003411
311.683555121475,0.00567103270174402
311.805640336955,0.00276369537124586
311.927725552436,0.00352981986167162
312.049810767916,0.00669038809667426
312.171895983396,0.00852583206047058
312.293981198877,0.00846777680208617
312.416066414357,0.00999315018197788
312.538151629838,0.0111882136463844
312.660236845318,0.00880019725933579
312.782322060798,0.00644237386720551
312.904407276279,0.00688997712299502
313.026492491759,0.00878831999434943
313.14857770724,0.00982385125489724
313.27066292272,0.00751064745356357
313.392748138201,0.00496083885393205
313.514833353681,0.00695042376904943
313.636918569161,0.00978676349671779
313.759003784642,0.00938695957599866
313.881089000122,0.00766684948718605
314.003174215603,0.00632861792066103
314.125259431083,0.00687821188964833
314.247344646563,0.0088445962123894
314.369429862044,0.0079248502093683
314.491515077524,0.00429890317528995
314.613600293005,0.00183771398489952
314.735685508485,0.00194079732745504
314.857770723965,0.00565136672463242
314.979855939446,0.0110427986270746
315.101941154926,0.0138778817285466
315.224026370407,0.0150670460809088
315.346111585887,0.0159868793318577
315.468196801367,0.016093610620507
315.590282016848,0.0178960356297246
315.712367232328,0.0204648944351585
315.834452447809,0.019518242899941
315.956537663289,0.0167501744385119
316.078622878769,0.0148109610769867
316.20070809425,0.0144646135009968
316.32279330973,0.0176881267255831
316.444878525211,0.0201555184058041
316.566963740691,0.0161594461181624
316.689048956171,0.0114616913865431
316.811134171652,0.0111515619057607
316.933219387132,0.0107781952910697
317.055304602613,0.0105033030566913
317.177389818093,0.014209793499403
317.299475033573,0.0167550871877339
317.421560249054,0.0131935578787578
317.543645464534,0.00908785925581265
317.665730680015,0.00813313865715948
317.787815895495,0.00709567467099405
317.909901110975,0.00782303030025566
318.031986326456,0.0126609796060853
318.154071541936,0.0146380734261866
318.276156757417,0.0115373926597417
318.398241972897,0.00981421865860971
318.520327188378,0.00894123968904282
318.642412403858,0.00740194653176553
318.764497619338,0.00914751606104488
318.886582834819,0.0097056392769714
319.008668050299,0.00395188701002961
319.13075326578,-0.00093236476337907
319.25283848126,-0.00149570653118904
319.37492369674,-0.00152204818414301
319.497008912221,-0.000113757493273492
319.619094127701,0.00204691663264546
319.741179343182,0.00249430027811409
319.863264558662,0.00447141491927611
319.985349774142,0.00811396518584813
320.107434989623,0.0098245566575082
320.229520205103,0.0107424488134963
320.351605420584,0.0110715021728411
320.473690636064,0.0102882243039668
320.595775851544,0.0132647402520169
320.717861067025,0.0205825780407712
320.839946282505,0.0249328888996474
320.962031497986,0.0237961362001946
321.084116713466,0.0216476406484167
321.206201928946,0.0206896793040112
321.328287144427,0.0193536927154805
321.450372359907,0.0173648913263198
321.572457575388,0.0150209980868979
321.694542790868,0.0114235188773361
321.816628006348,0.00978214913442589
321.938713221829,0.0139121237094406
322.060798437309,0.0176570522581582
322.18288365279,0.014661821409199
322.30496886827,0.0100016270381572
322.427054083751,0.00816648602838156
322.549139299231,0.00714302914834804
322.671224514711,0.00657527857264361
322.793309730192,0.00664684665885013
322.915394945672,0.00693462099115638
323.037480161153,0.00846722104634174
323.159565376633,0.00955364526171006
323.281650592113,0.00842811255173663
323.403735807594,0.00761873679613389
323.525821023074,0.00779946438896765
323.647906238555,0.00749966559440447
323.769991454035,0.00802856124574827
323.892076669515,0.0105790393699697
324.014161884996,0.0140117440849884
324.136247100476,0.0157842792335323
324.258332315957,0.0139817144589001
324.380417531437,0.0111328012366176
324.502502746917,0.00986661314270477
324.624587962398,0.00759452531876853
324.746673177878,0.00308392917653688
324.868758393359,-0.000759296938548197
324.990843608839,-0.00253704413553787
325.112928824319,-0.00192848651749718
325.2350140398,0.00241286135696865
325.35709925528,0.00932271023906783
325.479184470761,0.0128831626402278
325.601269686241,0.00867710452290987
325.723354901721,0.00193672150029191
325.845440117202,0.000316370821484041
325.967525332682,0.00208002229151148
326.089610548163,0.00324794824790153
326.211695763643,0.00457407700511871
326.333780979123,0.00522545955854188
326.455866194604,0.00440771020562286
326.577951410084,0.00392440197347456
326.700036625565,0.00328348270389739
326.822121841045,0.00374834616751378
326.944207056525,0.00812482126719618
327.066292272006,0.0118301440515806
327.188377487486,0.0107572205072584
327.310462702967,0.00863222538264736
327.432547918447,0.00678146487226784
327.554633133928,0.00436825537167613
327.676718349408,0.00454242425387665
327.798803564888,0.00690808205426002
327.920888780369,0.00737041826286784
328.042973995849,0.00733324031144286
328.16505921133,0.0101434702832989
328.28714442681,0.0149355949775234
328.40922964229,0.0199308819569302
328.531314857771,0.0228897131542761
328.653400073251,0.0199182167667765
328.775485288732,0.0130676670107843
328.897570504212,0.0108933337629413
329.019655719692,0.0133527004774561
329.141740935173,0.0121152173612066
329.263826150653,0.00776218104029251
329.385911366134,0.00470130064767762
329.507996581614,-9.2874660060405e-05
329.630081797094,-0.00515564726987064
329.752167012575,-0.0047818451984694
329.874252228055,-0.0029985261701857
329.996337443536,-0.00363820529029699
330.118422659016,-0.00369942896148962
330.240507874496,-0.00493462931484512
330.362593089977,-0.00826133549655204
330.484678305457,-0.00832769721809146
330.606763520938,-0.00608144398733452
330.728848736418,-0.00603224765846021
330.850933951898,-0.00698262634710125
330.973019167379,-0.00851644733394333
331.095104382859,-0.0111359410715258
331.21718959834,-0.011957965749488
331.33927481382,-0.0112860758685422
331.4613600293,-0.0122687907933539
331.583445244781,-0.0132012990091934
331.705530460261,-0.011025852705305
331.827615675742,-0.00835230258624075
331.949700891222,-0.00961791580736998
332.071786106702,-0.0130513567070123
332.193871322183,-0.0131947153284642
332.315956537663,-0.00959079698372046
332.438041753144,-0.00580054238839895
332.560126968624,-0.00369887475837722
332.682212184105,-0.00214088412909919
332.804297399585,0.00177699387746217
332.926382615065,0.00606317379359492
333.048467830546,0.00413439052269168
333.170553046026,-0.0016693562788343
333.292638261507,-0.00411640173641845
333.414723476987,-0.00571510734435584
333.536808692467,-0.00836213816660479
333.658893907948,-0.00611689721769879
333.780979123428,0.000124824549196962
333.903064338909,0.00391083444520788
334.025149554389,0.00454848465717905
334.147234769869,0.00345246927342772
334.26931998535,0.0025566864252117
334.39140520083,0.00419600142314299
334.513490416311,0.00510446088673298
334.635575631791,0.0023271906978452
334.757660847271,-0.000117640319314193
334.879746062752,-0.000375348526585561
335.001831278232,-0.0021397393215753
335.123916493713,-0.00634372627970552
335.246001709193,-0.00953387816572109
335.368086924673,-0.00963939505568649
335.490172140154,-0.00920177608112092
335.612257355634,-0.0109161225941431
335.734342571115,-0.0121652108396598
335.856427786595,-0.0110946369960863
335.978513002075,-0.0127553704492342
336.100598217556,-0.0188920264070615
336.222683433036,-0.0219274109663427
336.344768648517,-0.0192834559407656
336.466853863997,-0.0186189103635974
336.588939079478,-0.0223167450038788
336.711024294958,-0.0254756563709963
336.833109510438,-0.027844337215154
336.955194725919,-0.0303870520782384
337.077279941399,-0.0318120821824327
337.19936515688,-0.0346500641962575
337.32145037236,-0.0381823305189889
337.44353558784,-0.037330425356987
337.565620803321,-0.035664097466214
337.687706018801,-0.0363403602396414
337.809791234282,-0.0344698233132587
337.931876449762,-0.032989841348811
338.053961665242,-0.0361470754028948
338.176046880723,-0.0375135872188548
338.298132096203,-0.0363492283501511
338.420217311684,-0.036012515741643
338.542302527164,-0.0324724106977016
338.664387742644,-0.0281156147555191
338.786472958125,-0.0282968515752034
338.908558173605,-0.0294427758693774
339.030643389086,-0.0325464534833939
339.152728604566,-0.0385317706881351
339.274813820046,-0.0386760085608058
339.396899035527,-0.0341477497358492
339.518984251007,-0.0319433418971715
339.641069466488,-0.0284691080399615
339.763154681968,-0.0252161218100623
339.885239897448,-0.0278609415478514
340.007325112929,-0.0311760583529005
340.129410328409,-0.0323210970946297
340.25149554389,-0.0332483510061359
340.37358075937,-0.0309496167888242
340.49566597485,-0.027175854123376
340.617751190331,-0.0255778015168088
340.739836405811,-0.0228615249455056
340.861921621292,-0.019913779607718
340.984006836772,-0.0200500533617851
341.106092052252,-0.0203635833903563
341.228177267733,-0.0195338417218295
341.350262483213,-0.0185638489768582
341.472347698694,-0.0184644518226799
341.594432914174,-0.0217099017069457
341.716518129655,-0.0239205087998922
341.838603345135,-0.0197282848308127
341.960688560615,-0.0161306928106882
342.082773776096,-0.0181240900859848
342.204858991576,-0.0197946198199816
342.326944207057,-0.0190007879037134
342.449029422537,-0.0187411239342418
342.571114638017,-0.0201795002300247
342.693199853498,-0.0238513298752521
342.815285068978,-0.0286733545884359
342.937370284459,-0.0324482126864991
343.059455499939,-0.0341491795922288
343.181540715419,-0.0333843345206235
343.3036259309,-0.0320676915050559
343.42571114638,-0.0319408534840959
343.547796361861,-0.0315531897817882
343.669881577341,-0.0306412984497269
343.791966792821,-0.0291598275081161
343.914052008302,-0.0263906320783597
344.036137223782,-0.0253710157860302
344.158222439263,-0.0262554016834507
344.280307654743,-0.0241666266062886
344.402392870223,-0.0200125460703591
344.524478085704,-0.0172542997207922
344.646563301184,-0.0157420926033804
344.768648516665,-0.0163267770313567
344.890733732145,-0.0168772385410813
345.012818947625,-0.0128122356318871
345.134904163106,-0.00786281938861293
345.256989378586,-0.00741447247856349
345.379074594067,-0.00908937582145505
345.501159809547,-0.00954379003394821
345.623245025028,-0.00851053794743411
345.745330240508,-0.00784173570165024
345.867415455988,-0.00937945720810483
345.989500671469,-0.0107994075460267
346.111585886949,-0.0111805069022136
346.23367110243,-0.0138991821663795
346.35575631791,-0.016985216534822
346.47784153339,-0.0162319176086307
346.599926748871,-0.0150998825709865
346.722011964351,-0.017084168584497
346.844097179832,-0.0185878422110767
346.966182395312,-0.0170573441285416
347.088267610792,-0.0158775848598244
347.210352826273,-0.0161591884145222
347.332438041753,-0.0133974609914562
347.454523257234,-0.00919170991726348
347.576608472714,-0.0100023501540835
347.698693688194,-0.011062111595311
347.820778903675,-0.00664845479419313
347.942864119155,-0.00450510414323222
348.064949334636,-0.00687874905945471
348.187034550116,-0.00506065754351909
348.309119765596,0.000965272511911056
348.431204981077,0.00535998334781908
348.553290196557,0.00674469939597846
348.675375412038,0.00563939576210476
348.797460627518,0.00450131572295019
348.919545842998,0.00270562244356728
349.041631058479,-0.0028063564341556
349.163716273959,-0.00581079448454651
349.28580148944,-0.00239735380334721
349.40788670492,-0.000776328289637209
349.5299719204,-0.00235793079615658
349.652057135881,-0.00203138023485269
349.774142351361,-0.000771340381199726
349.896227566842,0.0018918081013692
350.018312782322,0.00418110736985007
350.140397997803,-0.000521128786059734
350.262483213283,-0.00666737316367053
350.384568428763,-0.00619492364838175
350.506653644244,-0.00488269667411089
350.628738859724,-0.00601486588364163
350.750824075205,-0.0064706974876068
350.872909290685,-0.0077837674511391
350.994994506165,-0.00918094380260306
351.117079721646,-0.00846407838967169
351.239164937126,-0.00871400665630588
351.361250152607,-0.00955938253412801
351.483335368087,-0.0086283737882035
351.605420583567,-0.00896185654118138
351.727505799048,-0.0112529400240456
351.849591014528,-0.0114666152453602
351.971676230009,-0.00779876541062539
352.093761445489,-0.00268863683993282
352.215846660969,-0.000979628029486215
352.33793187645,-0.00331147500056637
352.46001709193,-0.00475518310418284
352.582102307411,-0.00401756553107603
352.704187522891,-0.0039999631112626
352.826272738371,-0.00587763921984984
352.948357953852,-0.00894157912944553
353.070443169332,-0.0110160053126154
353.192528384813,-0.0122397970125109
353.314613600293,-0.0158874098437032
353.436698815773,-0.0200375693132309
353.558784031254,-0.021245283177388
353.680869246734,-0.0224614649985292
353.802954462215,-0.0249113113452108
353.925039677695,-0.0261360277146661
354.047124893175,-0.0258504218244165
354.169210108656,-0.0230071349874123
354.291295324136,-0.0194876270552925
354.413380539617,-0.0214839370900973
354.535465755097,-0.0264076448972371
354.657550970577,-0.0273412152303691
354.779636186058,-0.026719967383553
354.901721401538,-0.0276013934380488
355.023806617019,-0.0277498614719346
355.145891832499,-0.0273633687961498
355.26797704798,-0.0275607373950221
355.39006226346,-0.0280066714345926
355.51214747894,-0.0294761197969643
355.634232694421,-0.0309972447287909
355.756317909901,-0.0302567777591199
355.878403125382,-0.0281549800784659
356.000488340862,-0.0272566373111994
356.122573556342,-0.0281720855580273
356.244658771823,-0.0286681128283739
356.366743987303,-0.026876053786323
356.488829202784,-0.0248641666476497
356.610914418264,-0.0247785063567697
356.732999633744,-0.0258585910344196
356.855084849225,-0.0272564830084544
356.977170064705,-0.0274339697848396
357.099255280186,-0.0248857285142548
357.221340495666,-0.0215224503660172
357.343425711146,-0.0199376078583245
357.465510926627,-0.0217979556889318
357.587596142107,-0.0277593558126463
357.709681357588,-0.0343254874785696
357.831766573068,-0.0387783752915973
357.953851788548,-0.0423940187699022
358.075937004029,-0.0427382304012956
358.198022219509,-0.038669855792513
358.32010743499,-0.0376437818757937
358.44219265047,-0.0409722453340555
358.56427786595,-0.0403566046404692
358.686363081431,-0.0366162504464283
358.808448296911,-0.0381333286971835
358.930533512392,-0.0438527902420008
359.052618727872,-0.046246902490512
359.174703943353,-0.0443499155072904
359.296789158833,-0.0434807645045462
359.418874374313,-0.0448305578851217
359.540959589794,-0.0434074080016566
359.663044805274,-0.0392432216895874
359.785130020755,-0.0385158976499772
359.907215236235,-0.0396927407548
360.029300451715,-0.0361061983284278
360.151385667196,-0.031216289472596
360.273470882676,-0.0315302721311351
360.395556098157,-0.0330957873910044
360.517641313637,-0.0325496985520526
360.639726529117,-0.0350157247161988
360.761811744598,-0.0393522010608593
360.883896960078,-0.0380744755789318
361.005982175559,-0.0340836110040007
361.128067391039,-0.0334420144828057
361.250152606519,-0.0321327948937573
361.372237822,-0.0294094612758183
361.49432303748,-0.0327991676272279
361.616408252961,-0.0401953766870356
361.738493468441,-0.0411880351904026
361.860578683921,-0.0359051347767176
361.982663899402,-0.0333867533955745
362.104749114882,-0.0349874088725894
362.226834330363,-0.0334117648937203
362.348919545843,-0.0280513200026332
362.471004761323,-0.0256261923345711
362.593089976804,-0.024095113657755
362.715175192284,-0.0184422517471769
362.837260407765,-0.0152686577538157
362.959345623245,-0.0174038342303473
363.081430838725,-0.0167598180192732
363.203516054206,-0.0139261532245182
363.325601269686,-0.0134176889717345
363.447686485167,-0.0108719534911594
363.569771700647,-0.00717621380061605
363.691856916127,-0.00749629105338461
363.813942131608,-0.00711852419755755
363.936027347088,-0.00339598410196456
364.058112562569,-0.00190512965433638
364.180197778049,-0.00329112685733485
364.30228299353,-0.00472178808700012
364.42436820901,-0.00629470193511019
364.54645342449,-0.00815471522409426
364.668538639971,-0.00936187284731229
364.790623855451,-0.00757118379041673
364.912709070932,-0.00253097311262445
365.034794286412,0.00127601726749462
365.156879501892,0.00238803801496964
365.278964717373,0.00223886870060955
365.401049932853,0.000720681742905206
365.523135148334,0.00107925630742444
365.645220363814,0.00347013438977328
365.767305579294,0.00272820497011065
365.889390794775,0.00308541453140531
366.011476010255,0.00606094992098285
366.133561225736,0.000352079459877183
366.255646441216,-0.00834604461770842
366.377731656696,-0.00384882818324596
366.499816872177,0.00459684707517382
366.621902087657,0.0053752087064422
366.743987303138,0.00722755544008925
366.866072518618,0.0102134539824301
366.988157734098,0.00594428331793668
367.110242949579,0.0017191901437765
367.232328165059,0.00561411559063232
367.35441338054,0.0109531710790989
367.47649859602,0.0107151280612175
367.5985838115,0.0083942532219235
367.720669026981,0.0102715793737445
367.842754242461,0.0143991800696605
367.964839457942,0.0165204519484102
368.086924673422,0.0184820688466169
368.209009888903,0.0185885546235804
368.331095104383,0.0148513027600501
368.453180319863,0.015071218284068
368.575265535344,0.0181383870368752
368.697350750824,0.0141541115394113
368.819435966304,0.00965641391249604
368.941521181785,0.0115246645432666
369.063606397265,0.0115559161024242
369.185691612746,0.0107118785841144
369.307776828226,0.0141838084102082
369.429862043707,0.0133981552375071
369.551947259187,0.00613630801520376
369.674032474667,0.00122757262417486
369.796117690148,-0.000132011112740424
369.918202905628,-0.000650984759747168
370.040288121109,-0.000854296791461612
370.162373336589,-0.00115222523875334
370.284458552069,-8.90548325458106e-05
370.40654376755,0.00030749949954774
370.52862898303,-0.00329512150654774
370.650714198511,-0.00604124078000486
370.772799413991,-0.00430686232488864
370.894884629471,-0.00176244092960623
371.016969844952,-0.000763435144985496
371.139055060432,-0.00161607579289303
371.261140275913,-0.00203263686051279
371.383225491393,0.000399365324645772
371.505310706873,0.000385399418007695
371.627395922354,-0.00354959237609098
371.749481137834,-0.00419290589243656
371.871566353315,-0.00318137913334141
371.993651568795,-0.00534036705067421
372.115736784275,-0.00647005900992361
372.237821999756,-0.00535983087685853
372.359907215236,-0.00376571380321664
372.481992430717,-0.00107266689392224
372.604077646197,-0.00150131191063492
372.726162861677,-0.00481982108011525
372.848248077158,-0.00374079219353508
372.970333292638,-0.0012659157096808
373.092418508119,-0.00206581228919175
373.214503723599,-0.000960865656300709
373.33658893908,0.00320472165004542
373.45867415456,0.00796594548399749
373.58075937004,0.0127077425580692
373.702844585521,0.0128321101692357
373.824929801001,0.00936822809704693
373.947015016482,0.00976683007945917
374.069100231962,0.0123007011683545
374.191185447442,0.0142509136494693
374.313270662923,0.0179076639613323
374.435355878403,0.0193346829824481
374.557441093884,0.0170976561211241
374.679526309364,0.0166641342298683
374.801611524844,0.0173786507087025
374.923696740325,0.0185823937573352
375.045781955805,0.0222788156947858
375.167867171286,0.0236143134991483
375.289952386766,0.0223488964988884
375.412037602246,0.0235266503130816
375.534122817727,0.0227880734180112
375.656208033207,0.021274709501131
375.778293248688,0.0280590249687594
375.900378464168,0.0342648656783076
376.022463679648,0.0288457929817117
376.144548895129,0.0223217601968745
376.266634110609,0.0209483701167178
376.38871932609,0.0182067718077886
376.51080454157,0.0171590383966608
376.63288975705,0.0206463096343921
376.754974972531,0.0209509200113617
376.877060188011,0.0184347843157616
376.999145403492,0.0195487771049008
377.121230618972,0.0230040899983258
377.243315834452,0.0276610443495691
377.365401049933,0.0337200937448728
377.487486265413,0.0370050792183462
377.609571480894,0.0377340049344028
377.731656696374,0.0397249031817659
377.853741911854,0.0415135956775168
377.975827127335,0.0421531316153866
378.097912342815,0.0427479830661375
378.219997558296,0.0420834656786435
378.342082773776,0.0412548365374998
378.464167989257,0.0407510438154592
378.586253204737,0.0378442654154918
378.708338420217,0.0359222889647411
378.830423635698,0.0373801024635063
378.952508851178,0.0351133772015748
379.074594066659,0.0287505119208874
379.196679282139,0.0253585000173413
379.318764497619,0.023166371148126
379.4408497131,0.0186713756849757
379.56293492858,0.0143091862011807
379.685020144061,0.0113916100838517
379.807105359541,0.0111919487850246
379.929190575021,0.0136061395163282
380.051275790502,0.0142537771031937
380.173361005982,0.0131499689755874
380.295446221463,0.012760883943198
380.417531436943,0.01231878266988
380.539616652423,0.0146112679031446
380.661701867904,0.0202914570550266
380.783787083384,0.0225669508719774
380.905872298865,0.0212577476843573
381.027957514345,0.0210602197652845
381.150042729825,0.0207250767399916
381.272127945306,0.0203638926333064
381.394213160786,0.0212313053573164
381.516298376267,0.02056936542589
381.638383591747,0.0195182214940868
381.760468807227,0.0204837326318049
381.882554022708,0.0208195878191066
382.004639238188,0.0196202305749874
382.126724453669,0.0180676213921906
382.248809669149,0.0184001738614138
382.37089488463,0.0244598520190641
382.49298010011,0.0315393156198131
382.61506531559,0.0332487758588123
382.737150531071,0.0363220146578638
382.859235746551,0.0434993364478508
382.981320962032,0.046319575053451
383.103406177512,0.0456441041287452
383.225491392992,0.0454630205014205
383.347576608473,0.0414218322574104
383.469661823953,0.0365185625085322
383.591747039434,0.0376263776606428
383.713832254914,0.0398692718302462
383.835917470394,0.0385955173699091
383.958002685875,0.0363608643715854
384.080087901355,0.0338354890999051
384.202173116836,0.0326045024074844
384.324258332316,0.0345902449818572
384.446343547796,0.0355038559772292
384.568428763277,0.0340749988239694
384.690513978757,0.0353544929996874
384.812599194238,0.039164031944095
384.934684409718,0.0424746734711889
385.056769625198,0.04513998649548
385.178854840679,0.0432689908476687
385.300940056159,0.0350787329271495
385.42302527164,0.0300184170109568
385.54511048712,0.0328933677187234
385.6671957026,0.0349319423031807
385.789280918081,0.0317866031918683
385.911366133561,0.0282993397819519
386.033451349042,0.026072833705521
386.155536564522,0.0245406518486516
386.277621780002,0.0251409765399292
386.399706995483,0.0262593765272096
386.521792210963,0.02364768247904
386.643877426444,0.0172533539927909
386.765962641924,0.0136351377653461
386.888047857404,0.0174339478223105
387.010133072885,0.0217253888101733
387.132218288365,0.0193064263263705
387.254303503846,0.0157193025166009
387.376388719326,0.0159703751393459
387.498473934807,0.0167328383527476
387.620559150287,0.0172606781433225
387.742644365767,0.0179895298998955
387.864729581248,0.0175085671613964
387.986814796728,0.0177877495578885
388.108900012209,0.0181875396037597
388.230985227689,0.0151718604475854
388.353070443169,0.0112863046314129
388.47515565865,0.00881484994643415
388.59724087413,0.00703204856675745
388.719326089611,0.00794720434236787
388.841411305091,0.00979301320045127
388.963496520571,0.0092840447935621
389.085581736052,0.00916247875501242
389.207666951532,0.00846011589639045
389.329752167013,0.00476624270764208
389.451837382493,0.00298629500641959
389.573922597973,0.0034068861636103
389.696007813454,0.00265056507602821
389.818093028934,0.00280871505457316
389.940178244415,0.00121827967689384
390.062263459895,-0.00379903631667041
390.184348675375,-0.00425827719546351
390.306433890856,-0.00199386910399996
390.428519106336,-0.0046367132787996
390.550604321817,-0.00602385091166616
390.672689537297,-0.00262515839149119
390.794774752777,-0.000183665929130141
390.916859968258,0.00223890144081983
391.038945183738,0.00468273598507027
391.161030399219,0.00395344131968923
391.283115614699,0.00551965786707628
391.405200830179,0.0116879661574168
391.52728604566,0.0162632265909565
391.64937126114,0.0190051729394119
391.771456476621,0.0221202237804823
391.893541692101,0.0241835372037801
392.015626907582,0.0252262039405399
392.137712123062,0.0235669054733974
392.259797338542,0.0183075330197721
392.381882554023,0.0160041229341881
392.503967769503,0.0197386512300717
392.626052984984,0.0237362354173349
392.748138200464,0.0250684672095638
392.870223415944,0.0266206824640212
392.992308631425,0.0300698467034962
393.114393846905,0.0330025964296678
393.236479062386,0.0328932390946394
393.358564277866,0.0315283103430471
393.480649493346,0.0303302591719965
393.602734708827,0.0282042969949185
393.724819924307,0.0289234906062492
393.846905139788,0.0358576896872607
393.968990355268,0.0423287687949696
394.091075570748,0.0431822316677846
394.213160786229,0.0437535662064983
394.335246001709,0.047992925851302
394.45733121719,0.0522729020890371
394.57941643267,0.0530887799384106
394.70150164815,0.0519255187166702
394.823586863631,0.0522242055678654
394.945672079111,0.0537753434239935
395.067757294592,0.0535894251820548
395.189842510072,0.0516539245848873
395.311927725552,0.04902342898097
395.434012941033,0.0443083274232917
395.556098156513,0.038943009244919
395.678183371994,0.0377558590249656
395.800268587474,0.0398616318935804
395.922353802955,0.0389768328161616
396.044439018435,0.0344015639238237
396.166524233915,0.0314342844249666
396.288609449396,0.0316404496818401
396.410694664876,0.0324573693187661
396.532779880357,0.0328453031333432
396.654865095837,0.0316664887607614
396.776950311317,0.0271904556225914
396.899035526798,0.0217233175463805
397.021120742278,0.0192983299507191
397.143205957759,0.0199732653460957
397.265291173239,0.0206241425698888
397.387376388719,0.0183580415554631
397.5094616042,0.0137330250458333
397.63154681968,0.010318522921629
397.753632035161,0.00832510978242085
397.875717250641,0.00528352626416615
397.997802466121,0.00290126336889984
398.119887681602,0.00273384171757451
398.241972897082,0.00175551316734801
398.364058112563,0.000102676526111102
398.486143328043,0.000653820528873181
398.608228543523,0.0016975555377073
398.730313759004,0.0023393923139964
398.852398974484,0.00364589245236913
398.974484189965,0.00111486146794603
399.096569405445,-0.00514334855238424
399.218654620925,-0.00484307354480982
399.340739836406,0.000955322225679082
399.462825051886,-3.12164956669252e-05
399.584910267367,-0.00574209218921122
399.706995482847,-0.00753147942075443
399.829080698327,-0.00873743653570772
399.951165913808,-0.0110783594672802
400.073251129288,-0.0107000304757126
400.195336344769,-0.0115070449738706
400.317421560249,-0.0150195951202744
400.439506775729,-0.0139492009844519
400.56159199121,-0.00892263472714338
400.68367720669,-0.00693970097485852
400.805762422171,-0.00739439371757504
400.927847637651,-0.00613164426675662
401.049932853132,-0.0020922729154315
401.172018068612,0.00229018360220368
401.294103284092,0.00265582477982919
401.416188499573,-0.000430778014936585
401.538273715053,-0.00291646148558343
401.660358930534,-0.00496357398916515
401.782444146014,-0.00595230914041807
401.904529361494,-0.0026187539005884
402.026614576975,0.00206410280649711
402.148699792455,0.00231022875358167
402.270785007936,-0.00120341900924725
402.392870223416,-0.00392517847998486
402.514955438896,-0.00401208725145419
402.637040654377,-0.00444882194911806
402.759125869857,-0.0073983817715053
402.881211085338,-0.00878972567887666
403.003296300818,-0.00668750665722043
403.125381516298,-0.00558578173006139
403.247466731779,-0.00544440625120208
403.369551947259,-0.00219705469604086
403.49163716274,0.00216898413151465
403.61372237822,0.00408546800978462
403.7358075937,0.00440374043333044
403.857892809181,0.00437921832868923
403.979978024661,0.00411469994413926
404.102063240142,0.0030222703992735
404.224148455622,-0.000252491050404033
404.346233671102,-0.00460983177041531
404.468318886583,-0.00722506285808573
404.590404102063,-0.00825216888926041
404.712489317544,-0.00882325702071844
404.834574533024,-0.00771119163927667
404.956659748505,-0.00532367683300041
405.078744963985,-0.00442838395161333
405.200830179465,-0.00334797134860088
405.322915394946,0.00123903799921073
405.445000610426,0.00530476885394809
405.567085825907,0.00512550506613695
405.689171041387,0.005107346091049
405.811256256867,0.0058852619365521
405.933341472348,0.00329248316301555
406.055426687828,0.00106185145700244
406.177511903309,0.00280556667354455
406.299597118789,0.00419636609784293
406.421682334269,0.00459440022645668
406.54376754975,0.00462739099217254
406.66585276523,0.000184700345887531
406.787937980711,-0.00464670596123943
406.910023196191,-0.00200089821655466
407.032108411671,0.00352495944226004
407.154193627152,0.00641840929094119
407.276278842632,0.00912945160445736
407.398364058113,0.0101981876793022
407.520449273593,0.0075231886318167
407.642534489073,0.00548844993544378
407.764619704554,0.00472412922883657
407.886704920034,0.00222227759684082
408.008790135515,0.000734995443883654
408.130875350995,0.00240594905106532
408.252960566475,0.00337825639962796
408.375045781956,0.00209794628085606
408.497130997436,0.00106565759464114
408.619216212917,-0.000148574245463604
408.741301428397,-0.00373728430816994
408.863386643877,-0.00736163244402786
408.985471859358,-0.00742097941087334
409.107557074838,-0.00622038752749657
409.229642290319,-0.00757076127095256
409.351727505799,-0.00922032661415272
409.473812721279,-0.00791027201012069
409.59589793676,-0.00668510784368501
409.71798315224,-0.0101106745649766
409.840068367721,-0.0160582451125658
409.962153583201,-0.0180538022659882
410.084238798682,-0.0155557011463068
410.206324014162,-0.015433686248858
410.328409229642,-0.0206187091537474
410.450494445123,-0.0255495850550997
410.572579660603,-0.0252920226197927
410.694664876084,-0.0208356393895419
410.816750091564,-0.0153299397522532
410.938835307044,-0.0107569335867832
411.060920522525,-0.00770092913788021
411.183005738005,-0.0062988367023156
411.305090953486,-0.00556567759294434
411.427176168966,-0.0034668971591532
411.549261384446,-0.00221469892976711
411.671346599927,-0.00653992809758026
411.793431815407,-0.0126156148484301
411.915517030888,-0.0127170573850549
412.037602246368,-0.00948132758677682
412.159687461848,-0.00882532947907573
412.281772677329,-0.00826995065624312
412.403857892809,-0.00530953816917533
412.52594310829,-0.00374404403780859
412.64802832377,-0.00662890316569814
412.77011353925,-0.0126127291380428
412.892198754731,-0.0169708942274114
413.014283970211,-0.0152485018120693
413.136369185692,-0.0101797328275307
413.258454401172,-0.0088064788619988
413.380539616652,-0.0118539271019135
413.502624832133,-0.0145229371682227
413.624710047613,-0.0149083458251887
413.746795263094,-0.0150613748557298
413.868880478574,-0.016924173143123
413.990965694054,-0.0203409942316174
414.113050909535,-0.0231469848880935
414.235136125015,-0.0222275388342112
414.357221340496,-0.017760673579169
414.479306555976,-0.0159102207055654
414.601391771456,-0.0195077096873028
414.723476986937,-0.0211944830259599
414.845562202417,-0.0176896887303869
414.967647417898,-0.0170727315652843
415.089732633378,-0.021455366608058
415.211817848859,-0.0239083870862775
415.333903064339,-0.0240757481768288
415.455988279819,-0.0246349197859705
415.5780734953,-0.0224877872097752
415.70015871078,-0.0175203399396101
415.822243926261,-0.0133920703039972
415.944329141741,-0.00914036729574641
416.066414357221,-0.00497417447612421
416.188499572702,-0.00541400169561448
416.310584788182,-0.00897541126450096
416.432670003663,-0.00988270964084908
416.554755219143,-0.00894625621254537
416.676840434623,-0.00908416223066705
416.798925650104,-0.00796594507177604
416.921010865584,-0.00493852780805778
417.043096081065,-0.00349008337678503
417.165181296545,-0.00277057499755621
417.287266512025,6.89620818105956e-05
417.409351727506,0.00271574568788074
417.531436942986,0.00385593493439406
417.653522158467,0.00560567971699236
417.775607373947,0.00667484000216199
417.897692589427,0.00641700175355309
418.019777804908,0.00806176071893607
418.141863020388,0.00997018494789497
418.263948235869,0.00798498782020292
418.386033451349,0.00407298056427934
418.508118666829,0.00121158751890343
418.63020388231,-0.000307922815906155
418.75228909779,-0.000557711556849907
418.874374313271,-0.00240355212249342
418.996459528751,-0.00737226374125051
419.118544744232,-0.0103302096396361
419.240629959712,-0.00906440472462026
419.362715175192,-0.00821945960365282
419.484800390673,-0.00936969678747902
419.606885606153,-0.0110158824983708
419.728970821634,-0.0140305798022372
419.851056037114,-0.0175083305340932
419.973141252594,-0.0187137181910438
420.095226468075,-0.0198986348052098
420.217311683555,-0.0245107696155448
420.339396899036,-0.0288880474408587
420.461482114516,-0.0285179172218463
420.583567329996,-0.0274239566638864
420.705652545477,-0.0303292159754763
420.827737760957,-0.0339428657361287
420.949822976438,-0.0358415351512447
421.071908191918,-0.0393806809231582
421.193993407398,-0.0442198202093454
421.316078622879,-0.0468620163694968
421.438163838359,-0.0493525044975827
421.56024905384,-0.0539796954350832
421.68233426932,-0.0570930299724977
421.8044194848,-0.0574075694245884
421.926504700281,-0.0586514843051345
422.048589915761,-0.0600675640389848
422.170675131242,-0.0579069076397234
422.292760346722,-0.0546938116034442
422.414845562202,-0.0541172554658735
422.536930777683,-0.0543493988844206
422.659015993163,-0.0543215743685029
422.781101208644,-0.0545690002136486
422.903186424124,-0.053301538784405
423.025271639604,-0.0515055487375408
423.147356855085,-0.0507624629001364
423.269442070565,-0.0470293293177499
423.391527286046,-0.040749218114339
423.513612501526,-0.038765196136901
423.635697717006,-0.0399875263532694
423.757782932487,-0.0385841084889526
423.879868147967,-0.0341526811798241
424.001953363448,-0.028247354514
424.124038578928,-0.0247402616753384
424.246123794409,-0.0268730733573222
424.368209009889,-0.0277486523613041
424.490294225369,-0.0224453020692423
424.61237944085,-0.0183235140687137
424.73446465633,-0.0176965752792311
424.856549871811,-0.015663614877401
424.978635087291,-0.0153373204260959
425.100720302771,-0.0188883880601804
425.222805518252,-0.019335800760235
425.344890733732,-0.0159132402782253
425.466975949213,-0.0146658649878463
425.589061164693,-0.0147751471884934
425.711146380173,-0.0140840711992661
425.833231595654,-0.0156349682764596
425.955316811134,-0.0179534770541139
426.077402026615,-0.016080255169984
426.199487242095,-0.0121916865520503
426.321572457575,-0.009999748510038
426.443657673056,-0.00869284061190298
426.565742888536,-0.00955984988582815
426.687828104017,-0.0136099539202289
426.809913319497,-0.017064186202441
426.931998534977,-0.0188428765621248
427.054083750458,-0.0194886928509731
427.176168965938,-0.0171176225180157
427.298254181419,-0.0147026112990185
427.420339396899,-0.015496854701067
427.542424612379,-0.0163935926664856
427.66450982786,-0.0183619915646248
427.78659504334,-0.0228311042728013
427.908680258821,-0.0237532721992248
428.030765474301,-0.0220610280356514
428.152850689782,-0.0224687961835837
428.274935905262,-0.0190625443548844
428.397021120742,-0.0116038382934584
428.519106336223,-0.00889184818113017
428.641191551703,-0.00902497139427477
428.763276767183,-0.00849315217775964
428.885361982664,-0.011296466654782
429.007447198144,-0.0150550274798799
429.129532413625,-0.0158885909224876
429.251617629105,-0.0166196640325057
429.373702844586,-0.0177961395609344
429.495788060066,-0.019222779395811
429.617873275546,-0.0216859754145217
429.739958491027,-0.0223589925725289
429.862043706507,-0.0218213246822606
429.984128921988,-0.0218810341493703
430.106214137468,-0.0188430184012491
430.228299352948,-0.0148255978575616
430.350384568429,-0.0149668809309309
430.472469783909,-0.0146435269225536
430.59455499939,-0.0113693373489273
430.71664021487,-0.00901814935638501
430.83872543035,-0.00566384915392539
430.960810645831,-0.000451276428655925
431.082895861311,0.00135121344906481
431.204981076792,-0.000475029225206498
431.327066292272,-0.00196889767663066
431.449151507752,-0.00148236012777174
431.571236723233,0.000759173018566952
431.693321938713,0.00178960653312259
431.815407154194,-0.000412604856555252
431.937492369674,-0.00260914695351142
432.059577585154,-0.00239498888752265
432.181662800635,-0.00288826419856032
432.303748016115,-0.00742325297781037
432.425833231596,-0.012104242948684
432.547918447076,-0.0103568074388793
432.670003662556,-0.00600250401794263
432.792088878037,-0.00600862653698895
432.914174093517,-0.00620739619050155
433.036259308998,-0.00421111607027027
433.158344524478,-0.00506097706227604
433.280429739959,-0.00566799938623182
433.402514955439,-0.00352236808595272
433.524600170919,-0.00588176763457495
433.6466853864,-0.0110880297150214
433.76877060188,-0.0121793611854249
433.890855817361,-0.0130166145853114
434.012941032841,-0.0142685776488245
434.135026248321,-0.0106754517618085
434.257111463802,-0.00714432476057338
434.379196679282,-0.00883617285072952
434.501281894763,-0.0107266046546747
434.623367110243,-0.00982376705698931
434.745452325723,-0.00774780633661633
434.867537541204,-0.00519781216255909
434.989622756684,-0.00398558138791712
435.111707972165,-0.00538946198980366
435.233793187645,-0.00698102724965431
435.355878403125,-0.0058096452702393
435.477963618606,-0.00304880337566382
435.600048834086,-0.00325568111581512
435.722134049567,-0.00557692945888835
435.844219265047,-0.00426078446325076
435.966304480527,-0.00220651589754304
436.088389696008,-0.00550828598555821
436.210474911488,-0.00871428071646434
436.332560126969,-0.00683483302310095
436.454645342449,-0.00596993543298425
436.576730557929,-0.00848613097264776
436.69881577341,-0.0088860654206704
436.82090098889,-0.0066756331030995
436.942986204371,-0.00625766387827106
437.065071419851,-0.00730409163763483
437.187156635331,-0.0061104132125121
437.309241850812,-0.00437687149211685
437.431327066292,-0.00587498810140715
437.553412281773,-0.00677276610886089
437.675497497253,-0.00445108301214592
437.797582712734,-0.00478449276802821
437.919667928214,-0.0067663336802964
438.041753143694,-0.0043677332264178
438.163838359175,-0.00321359196306511
438.285923574655,-0.00623988238927916
438.408008790136,-0.00494454972022383
438.530094005616,-0.000767702341195786
438.652179221096,6.38421202450604e-06
438.774264436577,0.00236736343157302
438.896349652057,0.00560239862379461
439.018434867538,0.00215401282854227
439.140520083018,-0.00139250580129266
439.262605298498,0.00292400672937119
439.384690513979,0.00721932309878024
439.506775729459,0.00503404314160069
439.62886094494,0.0028777245470245
439.75094616042,0.00678026757067527
439.8730313759,0.0124274361762561
439.995116591381,0.0131824153333483
440.117201806861,0.0113458017707424
440.239287022342,0.0123894638601241
440.361372237822,0.0149609546597599
440.483457453302,0.0158803435803635
440.605542668783,0.0142050752755336
440.727627884263,0.0111115717620619
440.849713099744,0.0112218996692409
440.971798315224,0.0128798068779239
441.093883530704,0.00992316894057638
441.215968746185,0.00929542945916633
441.338053961665,0.0160860981570602
441.460139177146,0.0176181011234406
441.582224392626,0.0122438162482607
441.704309608107,0.013711628106718
441.826394823587,0.0200598133890284
441.948480039067,0.0215705495665491
442.070565254548,0.019760676914871
442.192650470028,0.0168107378058811
442.314735685509,0.0139753184634126
442.436820900989,0.0145179090675846
442.558906116469,0.016020548252843
442.68099133195,0.0158213776246238
442.80307654743,0.0148931280261252
442.925161762911,0.0125144362766698
443.047246978391,0.0110644267093192
443.169332193871,0.0124668999761185
443.291417409352,0.0119180947706734
443.413502624832,0.0114705838729916
443.535587840313,0.0175765348651447
443.657673055793,0.0235254902130654
443.779758271273,0.0225706839373667
443.901843486754,0.0225940343340334
444.023928702234,0.0289393287434344
444.146013917715,0.0343765098822482
444.268099133195,0.0336154327039609
444.390184348675,0.0318363028448437
444.512269564156,0.0341636039574435
444.634354779636,0.036802494761799
444.756439995117,0.0361268179603888
444.878525210597,0.0362200580069089
445.000610426077,0.0398041445372945
445.122695641558,0.0426097588527861
445.244780857038,0.0407854005082265
445.366866072519,0.0379137662432723
445.488951287999,0.0394509411994239
445.611036503479,0.0412487076159489
445.73312171896,0.0387985847208143
445.85520693444,0.0400398382994766
445.977292149921,0.0455540415721483
446.099377365401,0.043183062768687
446.221462580881,0.0367666956402667
446.343547796362,0.0376586830373847
446.465633011842,0.0390073137870227
446.587718227323,0.0343577660134302
446.709803442803,0.0296191508802128
446.831888658284,0.0279910753474383
446.953973873764,0.0300508853793956
447.076059089244,0.0332525545305569
447.198144304725,0.0313151321974716
447.320229520205,0.0276280452245821
447.442314735686,0.0271887292341046
447.564399951166,0.0253661034174192
447.686485166646,0.0221490664494815
447.808570382127,0.020868248488449
447.930655597607,0.019590546871201
448.052740813088,0.0192668167622067
448.174826028568,0.0187920181662108
448.296911244048,0.0142329466090617
448.418996459529,0.0109792254163885
448.541081675009,0.0112435974327482
448.66316689049,0.00994609113301394
448.78525210597,0.0107364537107926
448.90733732145,0.0140566022715087
449.029422536931,0.0125481358959259
449.151507752411,0.0102328856928966
449.273592967892,0.0108812106443085
449.395678183372,0.00813672292973954
449.517763398852,0.00399247942045696
449.639848614333,0.00347971855433717
449.761933829813,0.00396322449093796
449.884019045294,0.00626093713187431
450.006104260774,0.0110578387092392
450.128189476254,0.0132427102340885
450.250274691735,0.0127819142230991
450.372359907215,0.0133829195126423
450.494445122696,0.0146203886733348
450.616530338176,0.01376016211896
450.738615553657,0.00995131896011438
450.860700769137,0.00678776370441908
450.982785984617,0.00526918501942058
451.104871200098,0.00155980378794377
451.226956415578,-0.000425735326825072
451.349041631058,0.00357199540210366
451.471126846539,0.00584957841908964
451.593212062019,0.0045097414926897
451.7152972775,0.00642009080742361
451.83738249298,0.00868712885855047
451.959467708461,0.00610559633392704
452.081552923941,0.00182006585636374
452.203638139421,-0.000373106137384163
452.325723354902,-0.000287831377354101
452.447808570382,-0.00227816336612547
452.569893785863,-0.00710540705289686
452.691979001343,-0.00592438200218364
452.814064216823,0.000369573671115053
452.936149432304,0.000700151967439384
453.058234647784,-0.00303958082056072
453.180319863265,-0.00609773728964887
453.302405078745,-0.010365454227211
453.424490294225,-0.0101808463601197
453.546575509706,-0.0051577875648232
453.668660725186,-0.00602676892772355
453.790745940667,-0.00948722651509507
453.912831156147,-0.00691342421637002
454.034916371627,-0.00326612277466827
454.157001587108,-0.00132892559590361
454.279086802588,0.000466229247861668
454.401172018069,-0.00113183559722403
454.523257233549,-0.00412831860064915
454.645342449029,-0.0042901909488477
454.76742766451,-0.0047980160506596
454.88951287999,-0.00718598366495614
455.011598095471,-0.00933680151234706
455.133683310951,-0.0108501298491517
455.255768526431,-0.0108747489653866
455.377853741912,-0.0104092126978172
455.499938957392,-0.0118822099243346
455.622024172873,-0.0133239169406855
455.744109388353,-0.0136221713266583
455.866194603834,-0.0161303500044024
455.988279819314,-0.0205015409102401
456.110365034794,-0.0215478243768293
456.232450250275,-0.0186978412776549
456.354535465755,-0.0182683854683231
456.476620681236,-0.021645463741599
456.598705896716,-0.0209219241896825
456.720791112196,-0.0146116154918688
456.842876327677,-0.0115997144101337
456.964961543157,-0.0145069945924928
457.087046758638,-0.0181134952128211
457.209131974118,-0.0198273020716142
457.331217189598,-0.0198611102095115
457.453302405079,-0.0199402623440949
457.575387620559,-0.0205867088182914
457.69747283604,-0.0183573741120237
457.81955805152,-0.0148828961053685
457.941643267,-0.0164605266239833
458.063728482481,-0.019736518145118
458.185813697961,-0.0182239394914543
458.307898913442,-0.0170711054626124
458.429984128922,-0.0217492842677173
458.552069344402,-0.0251008938198639
458.674154559883,-0.0206037274744269
458.796239775363,-0.0150452560745962
458.918324990844,-0.0152144212213335
459.040410206324,-0.015512075353767
459.162495421804,-0.011684173625154
459.284580637285,-0.0098236760521108
459.406665852765,-0.0124601691999179
459.528751068246,-0.0154197874793774
459.650836283726,-0.0176538488230592
459.772921499206,-0.0182304275714863
459.895006714687,-0.0144940552473336
460.017091930167,-0.00987657372430184
460.139177145648,-0.010602973510526
460.261262361128,-0.0159577671980761
460.383347576608,-0.0200790212040765
460.505432792089,-0.0205038834147427
460.627518007569,-0.019284565718723
460.74960322305,-0.016860841124298
460.87168843853,-0.0136877157380064
460.993773654011,-0.0136995309132932
461.115858869491,-0.0152027406330842
461.237944084971,-0.0127192887906196
461.360029300452,-0.0112417745213633
461.482114515932,-0.0153957603767323
461.604199731413,-0.0169319303563772
461.726284946893,-0.0131465089898152
461.848370162373,-0.0125019679269835
461.970455377854,-0.0163054825734855
462.092540593334,-0.0193143940495762
462.214625808815,-0.0203966011951638
462.336711024295,-0.0202885007776514
462.458796239775,-0.0190566424174331
462.580881455256,-0.0167859568103479
462.702966670736,-0.0146881011280024
462.825051886217,-0.0157108203384212
462.947137101697,-0.0191276112248398
463.069222317177,-0.0206489533755699
463.191307532658,-0.0199860112823795
463.313392748138,-0.0178730449950748
463.435477963619,-0.0128647560825123
463.557563179099,-0.00792392291087822
463.679648394579,-0.0067521867247858
463.80173361006,-0.00577397906652404
463.92381882554,-0.00222990643136466
464.045904041021,-0.000689056879496852
464.167989256501,-0.00321879813876619
464.290074471981,-0.00453822913949931
464.412159687462,-0.0018835235022945
464.534244902942,0.000639587882614815
464.656330118423,-0.000195354840665719
464.778415333903,-0.00277291076187939
464.900500549384,-0.00326837458748372
465.022585764864,0.000149416251058067
465.144670980344,0.00252539126659001
465.266756195825,-0.000907662331694922
465.388841411305,-0.00495995651184052
465.510926626786,-0.00661944945717522
465.633011842266,-0.0105722980285329
465.755097057746,-0.0127536238126079
465.877182273227,-0.00848444603817535
465.999267488707,-0.00691962798882149
466.121352704188,-0.00938403005433153
466.243437919668,-0.00671539737723365
466.365523135148,-0.00372345396264641
466.487608350629,-0.00584895912160839
466.609693566109,-0.00604857832126397
466.73177878159,-0.00643614515780821
466.85386399707,-0.0123145883106943
466.97594921255,-0.016535088257167
467.098034428031,-0.0181667723542781
467.220119643511,-0.0205906322792609
467.342204858992,-0.0166580862757083
467.464290074472,-0.00992083946374774
467.586375289952,-0.012560513292652
467.708460505433,-0.0155671255624675
467.830545720913,-0.00960430227549637
467.952630936394,-0.00774024020370255
468.074716151874,-0.0144731895746773
468.196801367354,-0.0189073037162639
468.318886582835,-0.0210419651916433
468.440971798315,-0.0235947396518718
468.563057013796,-0.0213119946610827
468.685142229276,-0.0163929265447302
468.807227444756,-0.0141260223162212
468.929312660237,-0.0108824151586392
469.051397875717,-0.00490787503626475
469.173483091198,0.00104201178446959
469.295568306678,0.0066001905289947
469.417653522158,0.00871141663661363
469.539738737639,0.00438963452922765
469.661823953119,-0.001269074184488
469.7839091686,-0.00365178318771385
469.90599438408,-0.00475171881974616
470.028079599561,-0.00623817620984702
470.150164815041,-0.00598421405725801
470.272250030521,-0.00163917495603882
470.394335246002,0.00303931976349721
470.516420461482,0.00211403215160869
470.638505676963,8.66964206362151e-05
470.760590892443,0.00264563980683748
470.882676107923,0.00408700961932029
471.004761323404,0.00430104385868985
471.126846538884,0.0102476400631494
471.248931754365,0.0153130474843062
471.371016969845,0.0132729070699309
471.493102185325,0.0121718389977166
471.615187400806,0.012042763619886
471.737272616286,0.00701506412705308
471.859357831767,0.00375667637170321
471.981443047247,0.00549091346397746
472.103528262727,0.00596341530903597
472.225613478208,0.00609375642339492
472.347698693688,0.00708350852055761
472.469783909169,0.00537034354940648
472.591869124649,0.00520464552504549
472.713954340129,0.0105249530904463
472.83603955561,0.0155111612070376
472.95812477109,0.0169004717502508
473.080209986571,0.0158417241908495
473.202295202051,0.0115549540847103
473.324380417531,0.0059303848835742
473.446465633012,0.00272011822778836
473.568550848492,0.00279610744661782
473.690636063973,0.00627759342943473
473.812721279453,0.0108215493227642
473.934806494933,0.0118763675773643
474.056891710414,0.0101673207857635
474.178976925894,0.00874437326053506
474.301062141375,0.00621934561266509
474.423147356855,0.00280349772635552
474.545232572335,0.00227793567536982
474.667317787816,0.00339754094195979
474.789403003296,0.00261980308525898
474.911488218777,0.00211892557603759
475.033573434257,0.00220521624139419
475.155658649738,-0.00217140425327333
475.277743865218,-0.00744502555183805
475.399829080698,-0.00474518214771819
475.521914296179,0.000584326883805573
475.643999511659,-0.000993785700058481
475.76608472714,-0.00454225115180348
475.88816994262,-0.00527947124699212
476.0102551581,-0.00707045247608694
476.132340373581,-0.0071982650387633
476.254425589061,-0.00316659584817474
476.376510804542,-0.0025125924174975
476.498596020022,-0.00480823094885163
476.620681235502,-0.00331424678213233
476.742766450983,-0.00289435820584447
476.864851666463,-0.00563469365326557
476.986936881944,-0.00441978041004731
477.109022097424,-0.00315515448152608
477.231107312904,-0.00679225738568943
477.353192528385,-0.00668135619567433
477.475277743865,-0.00216851104240077
477.597362959346,-0.00185874857287752
477.719448174826,-0.00250400071356308
477.841533390306,-0.000118889912562347
477.963618605787,0.00083514329337751
478.085703821267,0.00242280549843713
478.207789036748,0.00707949862799104
478.329874252228,0.00768302662520283
478.451959467709,0.00296164261256987
478.574044683189,-0.000360013351756566
478.696129898669,-0.00161177620501723
478.81821511415,-0.00311339682103208
478.94030032963,-0.00340653263090561
479.062385545111,-0.00139054224331179
479.184470760591,0.00198762205255042
479.306555976071,0.00559723447859585
479.428641191552,0.00891499734610518
479.550726407032,0.0127870325254539
479.672811622513,0.0177654480823367
479.794896837993,0.0214792801994331
479.916982053473,0.02147868688535
480.039067268954,0.0210062495709612
480.161152484434,0.0245915397073417
480.283237699915,0.0287070162165891
480.405322915395,0.0290799343671334
480.527408130875,0.0291047574612401
480.649493346356,0.0291131286199174
480.771578561836,0.0261864008089289
480.893663777317,0.0246192622870026
481.015748992797,0.0252968097798509
481.137834208277,0.0231876199210805
481.259919423758,0.0223624648074681
481.382004639238,0.0255030479725593
481.504089854719,0.0255642832750895
481.626175070199,0.0241309147062135
481.748260285679,0.0259449615453313
481.87034550116,0.0255947975806839
481.99243071664,0.0234193003123663
482.114515932121,0.0240091137579354
482.236601147601,0.0221211194901441
482.358686363081,0.0177641786471056
482.480771578562,0.0182312943728408
482.602856794042,0.020908699123355
482.724942009523,0.0227677434477903
482.847027225003,0.0261849878962823
482.969112440483,0.0262793913848928
483.091197655964,0.0211091583835027
483.213282871444,0.0194380603552281
483.335368086925,0.0217618025406392
483.457453302405,0.0210529935297814
483.579538517886,0.019611374400765
483.701623733366,0.0212471162348634
483.823708948846,0.0225695107536434
483.945794164327,0.0226290274661811
484.067879379807,0.0229604459527423
484.189964595288,0.0224007902218457
484.312049810768,0.0236914651540124
484.434135026248,0.0291882136498621
484.556220241729,0.0310501968366061
484.678305457209,0.0266243618343716
484.80039067269,0.0260925854569303
484.92247588817,0.029696627390158
485.04456110365,0.027837216596098
485.166646319131,0.0228185244813008
485.288731534611,0.0203804716306265
485.410816750092,0.0183347914215358
485.532901965572,0.0174602553912731
485.654987181052,0.0188547918355706
485.777072396533,0.0179203964501401
485.899157612013,0.0150330004369894
486.021242827494,0.0147643915749767
486.143328042974,0.017356394874114
486.265413258454,0.0200770480913932
486.387498473935,0.0183506879225761
486.509583689415,0.012322229794728
486.631668904896,0.00969266712060257
486.753754120376,0.0102736744446207
486.875839335856,0.00748171221410883
486.997924551337,0.00473240875131831
487.120009766817,0.00592115150170977
487.242094982298,0.00748220292816559
487.364180197778,0.00970141002866249
487.486265413259,0.0122167540175868
487.608350628739,0.0102348880603906
487.730435844219,0.00715173793789217
487.8525210597,0.0074194099987705
487.97460627518,0.00531936824430006
488.096691490661,0.000559769584447898
488.218776706141,0.00188873214350874
488.340861921621,0.00725031283090692
488.462947137102,0.00693856125382366
488.585032352582,0.00321577395260484
488.707117568063,0.00297416971688149
488.829202783543,0.00197767198320176
488.951287999023,-0.00421676485772668
489.073373214504,-0.0101193685327079
489.195458429984,-0.0124472123432477
489.317543645465,-0.0133326051631813
489.439628860945,-0.0117301508710303
489.561714076425,-0.00704613284684937
489.683799291906,-0.00293140935524574
489.805884507386,-0.00228565620107734
489.927969722867,-0.00463985486880834
490.050054938347,-0.00595598367084112
490.172140153827,-0.00447635580380773
490.294225369308,-0.00413306331173087
490.416310584788,-0.00347980865661365
490.538395800269,0.00173433874360509
490.660481015749,0.00502168336007706
490.782566231229,0.00217283357646922
490.90465144671,-6.84453731738117e-05
491.02673666219,-0.000940150630351164
491.148821877671,-0.00368587941007206
491.270907093151,-0.00504787797961788
491.392992308631,-0.00455478276976068
491.515077524112,-0.00493726045128538
491.637162739592,-0.00539282752832462
491.759247955073,-0.00565849493235184
491.881333170553,-0.00582048303724222
492.003418386033,-0.00648335528821991
492.125503601514,-0.00949258246676941
492.247588816994,-0.0110719233058417
492.369674032475,-0.00913524470741646
492.491759247955,-0.0095343691630792
492.613844463436,-0.0113719017337996
492.735929678916,-0.0112121647831285
492.858014894396,-0.01507097817366
492.980100109877,-0.0220705500895044
493.102185325357,-0.0229082292050006
493.224270540838,-0.0188350249713425
493.346355756318,-0.0159697352641565
493.468440971798,-0.0150773040229246
493.590526187279,-0.0149589276523765
493.712611402759,-0.0131893033116116
493.83469661824,-0.0104805960039357
493.95678183372,-0.0101307687544259
494.0788670492,-0.00935671421907987
494.200952264681,-0.00609358522573337
494.323037480161,-0.00451914242814502
494.445122695642,-0.00619300769814386
494.567207911122,-0.00898676945476557
494.689293126602,-0.00880611480684512
494.811378342083,-0.00302631202643168
494.933463557563,0.00229055775730909
495.055548773044,0.00358389711869525
495.177633988524,0.00533824640216785
495.299719204004,0.00529905424343575
495.421804419485,0.00191491312556212
495.543889634965,0.000661751087348732
495.665974850446,-0.00335310711905026
495.788060065926,-0.012389604572428
495.910145281406,-0.0126542280215263
496.032230496887,-0.00381264770727467
496.154315712367,0.000927330416406433
496.276400927848,0.00218866790591711
496.398486143328,0.00327827372684487
496.520571358808,0.00174228028230653
496.642656574289,0.0011558622825059
496.764741789769,0.00223703881592004
496.88682700525,0.00130765438850581
497.00891222073,0.00225836003371485
497.13099743621,0.00670291785335911
497.253082651691,0.00869238296318865
497.375167867171,0.00568391489060807
497.497253082652,-0.000273803394698674
497.619338298132,-0.00349827179032277
497.741423513613,0.000164300050468905
497.863508729093,0.0043405845101249
497.985593944573,0.00488052508322963
498.107679160054,0.00806513664597447
498.229764375534,0.0137315878950905
498.351849591015,0.016544335279476
498.473934806495,0.0194790588576957
498.596020021975,0.0240177687004018
498.718105237456,0.0250398024732287
498.840190452936,0.0224643985905089
498.962275668417,0.0206402887106859
499.084360883897,0.0209571119083
499.206446099377,0.0216213310526223
499.328531314858,0.0198150927721421
499.450616530338,0.0167931258925517
499.572701745819,0.0173688833156649
499.694786961299,0.0206243335269645
499.816872176779,0.022036476595159
499.93895739226,0.0223485711307359
500.06104260774,0.0231903433495424
500.183127823221,0.0237167090169766
500.305213038701,0.0259729040626009
500.427298254181,0.0307342046719329
500.549383469662,0.0328792427669337
500.671468685142,0.030707764654604
500.793553900623,0.02877938412689
500.915639116103,0.028806996079793
501.037724331583,0.0292535239328079
501.159809547064,0.0307775138796593
501.281894762544,0.0343884673487399
501.403979978025,0.037812300728894
501.526065193505,0.0385098031065027
501.648150408986,0.0395118224499423
501.770235624466,0.0439303451413268
501.892320839946,0.0453998062751357
502.014406055427,0.0401164886043338
502.136491270907,0.0371551684907059
502.258576486388,0.0390378032796738
502.380661701868,0.0374806981363306
502.502746917348,0.0342365707831047
502.624832132829,0.0344027022439704
502.746917348309,0.0330809041885607
502.86900256379,0.0292057856181991
502.99108777927,0.0268055034206664
503.11317299475,0.02470517728574
503.235258210231,0.0233240583003325
503.357343425711,0.0243299001738128
503.479428641192,0.0254715134220759
503.601513856672,0.0273988992371247
503.723599072152,0.0299183151160115
503.845684287633,0.0287577858225605
503.967769503113,0.0253631196269256
504.089854718594,0.0222857273426502
504.211939934074,0.0190012147174008
504.334025149554,0.0186327367242196
504.456110365035,0.0185204762496381
504.578195580515,0.0120137647653531
504.700280795996,0.00704940497296913
504.822366011476,0.0104085630293084
504.944451226956,0.0125874904935428
505.066536442437,0.0116923844769778
505.188621657917,0.0150510955055269
505.310706873398,0.0181665130720487
505.432792088878,0.0162190710840842
505.554877304358,0.015980499770026
505.676962519839,0.0199304633482627
505.799047735319,0.0220697148844364
505.9211329508,0.0203942035373684
506.04321816628,0.0181184960612735
506.16530338176,0.0166256710465553
506.287388597241,0.0150969445678893
506.409473812721,0.0135010442799865
506.531559028202,0.0114508272260696
506.653644243682,0.00897131088262723
506.775729459163,0.00807774347845143
506.897814674643,0.00723957947376221
507.019899890123,0.00351252786407392
507.141985105604,0.00111458823782257
507.264070321084,0.00274435780739316
507.386155536565,0.00383226040794296
507.508240752045,0.00428860641260472
507.630325967525,0.00593195597427552
507.752411183006,0.00559475538340579
507.874496398486,0.00448973141567927
507.996581613967,0.00507702693275561
508.118666829447,0.00371709926446365
508.240752044927,0.00180277731690887
508.362837260408,0.00373383855397992
508.484922475888,0.00548492029303809
508.607007691369,0.00460043418884452
508.729092906849,0.0050229045156243
508.851178122329,0.00703059832165629
508.97326333781,0.00922290076292303
509.09534855329,0.0115208701275277
509.217433768771,0.0112134449052513
509.339518984251,0.00786938043937324
509.461604199731,0.00495206752210693
509.583689415212,0.00206978705125447
509.705774630692,-0.00156404218033965
509.827859846173,-0.000860837611439673
509.949945061653,0.00488327180706892
510.072030277133,0.00738270328418268
510.194115492614,0.00542525275693921
510.316200708094,0.0066903881050234
510.438285923575,0.00940145129081272
510.560371139055,0.00684324989152248
510.682456354536,0.00268221321326986
510.804541570016,0.000333868349061932
510.926626785496,-0.00254523040842708
511.048712000977,-0.00384690288409147
511.170797216457,-0.00402261591762138
511.292882431937,-0.00753583042853626
511.414967647418,-0.00984055407698026
511.537052862898,-0.00737500924048143
511.659138078379,-0.00541912431101054
511.781223293859,-0.00432056089530245
511.90330850934,-0.00327541895306548
512.02539372482,-0.00597218711690517
512.1474789403,-0.00937007047382808
512.269564155781,-0.0107024358877556
512.391649371261,-0.014767531592233
512.513734586742,-0.0207210108608631
512.635819802222,-0.0246077300054455
512.757905017702,-0.0265832003892472
512.879990233183,-0.0239514330053778
513.002075448663,-0.0173228859087132
513.124160664144,-0.012763114884847
513.246245879624,-0.00797999941105661
513.368331095104,-0.000371393155952862
513.490416310585,0.00341370935113018
513.612501526065,0.00324065752786861
513.734586741546,0.00525235488761774
513.856671957026,0.00715087360963684
513.978757172506,0.00593974929056578
514.100842387987,0.00580156581828215
514.222927603467,0.0080024864270791
514.345012818948,0.00816418802840082
514.467098034428,0.00530425431164231
514.589183249909,0.0034065280381572
514.711268465389,0.00344118189738305
514.833353680869,0.00211736082017291
514.95543889635,-0.000116255060753215
515.07752411183,0.000135402920505275
515.19960932731,0.0014044553577268
515.321694542791,3.96197842599006e-05
515.443779758271,-0.0035219701832983
515.565864973752,-0.00625440011046165
515.687950189232,-0.00648389331984845
515.810035404713,-0.00510372275555372
515.932120620193,-0.00289585990549438
516.054205835673,0.000287293516106703
516.176291051154,0.00169867781643058
516.298376266634,-0.000937522062657284
516.420461482114,-0.00352835176547429
516.542546697595,-0.00232340238951494
516.664631913075,0.000188577647625279
516.786717128556,0.00115641980353473
516.908802344036,0.000848101925983765
517.030887559517,-0.000233656074806874
517.152972774997,-0.00214432612718941
517.275057990477,-0.00367968841724679
517.397143205958,-0.00440942182408835
517.519228421438,-0.00814661915828539
517.641313636919,-0.0150624844150561
517.763398852399,-0.0166114267805007
517.885484067879,-0.011837534211083
518.00756928336,-0.010388477593911
518.12965449884,-0.0118456981437079
518.251739714321,-0.00963093389261882
518.373824929801,-0.00709987494007701
518.495910145281,-0.00720120015406701
518.617995360762,-0.00759256904492794
518.740080576242,-0.00923193382380979
518.862165791723,-0.0101750795951385
518.984251007203,-0.00674508664501108
519.106336222684,-0.00432133749343429
519.228421438164,-0.00688194883957292
519.350506653644,-0.00917284950896976
519.472591869125,-0.00875254665631343
519.594677084605,-0.00870823431971918
519.716762300086,-0.010645787373291
519.838847515566,-0.0126193115131178
519.960932731046,-0.0106929429432717
520.083017946527,-0.00553441469912766
520.205103162007,-0.00289297782856053
520.327188377488,-0.0034792836026757
520.449273592968,-0.00368050569293575
520.571358808448,-0.00397617177637648
520.693444023929,-0.00613240015070131
520.815529239409,-0.00849101973623761
520.93761445489,-0.00927274785575397
521.05969967037,-0.00982306547029835
521.18178488585,-0.0113814844106137
521.303870101331,-0.0110704590345074
521.425955316811,-0.00718557750618204
521.548040532292,-0.00401763570478786
521.670125747772,-0.00418245974593679
521.792210963252,-0.00461716866406352
521.914296178733,-0.00278503214333223
522.036381394213,0.000319105355181433
522.158466609694,0.00110852724056354
522.280551825174,-0.00104162014321299
522.402637040654,-0.000481669235510665
522.524722256135,0.00272853679737296
522.646807471615,0.000635902801818055
522.768892687096,-0.00529737593133962
522.890977902576,-0.00656170560148419
523.013063118056,-0.00332402476565026
523.135148333537,-0.00092649166828901
523.257233549017,-0.0024140391628975
523.379318764498,-0.00565867807942585
523.501403979978,-0.0036977478662808
523.623489195458,0.0011805439479242
523.745574410939,-0.00159644655262804
523.867659626419,-0.00868065535641515
523.9897448419,-0.0102512346500898
524.11183005738,-0.010214455057737
524.233915272861,-0.0129053555722904
524.356000488341,-0.0130099809567103
524.478085703821,-0.00960558527574148
524.600170919302,-0.00762466664150778
524.722256134782,-0.00853800837321669
524.844341350263,-0.0106736746639476
524.966426565743,-0.012497831990407
525.088511781223,-0.0135113145459294
525.210596996704,-0.0129634678679801
525.332682212184,-0.00990957087121112
525.454767427665,-0.00679513271499238
525.576852643145,-0.00681735699942416
525.698937858625,-0.00886057984872361
525.821023074106,-0.0101101381998427
525.943108289586,-0.00872750837268913
526.065193505067,-0.00619239023147329
526.187278720547,-0.00768051319187456
526.309363936027,-0.012165777021179
526.431449151508,-0.0130573422786065
526.553534366988,-0.0126764458060759
526.675619582469,-0.0162932735800787
526.797704797949,-0.0200660081258297
526.919790013429,-0.0222777266692909
527.04187522891,-0.0272922837951087
527.16396044439,-0.0330312303867053
527.286045659871,-0.0346924131629395
527.408130875351,-0.0336246448119521
527.530216090831,-0.0312594252037937
527.652301306312,-0.0276824064899779
527.774386521792,-0.0267486595942293
527.896471737273,-0.0303046129933682
528.018556952753,-0.0334664306866904
528.140642168233,-0.0331235319878862
528.262727383714,-0.0318595020653354
528.384812599194,-0.0307669602789239
528.506897814675,-0.0289148483061229
528.628983030155,-0.0279482256096924
528.751068245636,-0.0283568784549861
528.873153461116,-0.0284915737994548
528.995238676596,-0.0299883643973968
529.117323892077,-0.0332466790149706
529.239409107557,-0.0334717641589292
529.361494323038,-0.0300578135259157
529.483579538518,-0.0277275886626789
529.605664753998,-0.0267852723487623
529.727749969479,-0.0245621391031291
529.849835184959,-0.0217961592701475
529.97192040044,-0.0203287567646637
530.09400561592,-0.0199917949329051
530.2160908314,-0.02015358729486
530.338176046881,-0.0216238738250576
530.460261262361,-0.0248252075219731
530.582346477842,-0.0274064750275845
530.704431693322,-0.0276751230147353
530.826516908802,-0.0266443465743504
530.948602124283,-0.0250510225298631
531.070687339763,-0.0246576688664057
531.192772555244,-0.0264316168111827
531.314857770724,-0.0251619501239328
531.436942986204,-0.0194547105168119
531.559028201685,-0.0180698705732649
531.681113417165,-0.0228987474533277
531.803198632646,-0.0253546823825985
531.925283848126,-0.0238971902970322
532.047369063606,-0.0236920043812797
532.169454279087,-0.0251946416617316
532.291539494567,-0.026052026961178
532.413624710048,-0.0251700239466542
532.535709925528,-0.0234918861798546
532.657795141008,-0.0243810807528266
532.779880356489,-0.0288452433468712
532.901965571969,-0.032906088860561
533.02405078745,-0.0321349983597768
533.14613600293,-0.0267956994257934
533.26822121841,-0.0233402959257349
533.390306433891,-0.0264182856596786
533.512391649371,-0.0312594905902928
533.634476864852,-0.0332649270383276
533.756562080332,-0.0351445831338979
533.878647295813,-0.0377188823793291
534.000732511293,-0.0389822171704487
534.122817726773,-0.0402918856499339
534.244902942254,-0.0416938067156385
534.366988157734,-0.0413742756080172
534.489073373215,-0.0419806471765329
534.611158588695,-0.0457454697366614
534.733243804175,-0.0490493955056799
534.855329019656,-0.049140002142209
534.977414235136,-0.0485151770431841
535.099499450617,-0.0496273106559214
535.221584666097,-0.0512612958776978
535.343669881577,-0.0519638773326816
535.465755097058,-0.0514927476542897
535.587840312538,-0.0483178052938562
535.709925528019,-0.0431570846927008
535.832010743499,-0.0406047900814383
535.954095958979,-0.0405070664020256
536.07618117446,-0.038973785887171
536.19826638994,-0.0372351392875224
536.320351605421,-0.0365405617701015
536.442436820901,-0.0353872075200858
536.564522036381,-0.0359223856291921
536.686607251862,-0.0374021363394527
536.808692467342,-0.0340525848027012
536.930777682823,-0.0286698309104377
537.052862898303,-0.0285722458827778
537.174948113783,-0.0319998925780895
537.297033329264,-0.0344515229435489
537.419118544744,-0.0358344685578701
537.541203760225,-0.0370775776352707
537.663288975705,-0.0392252983414139
537.785374191185,-0.0417764539253599
537.907459406666,-0.0420909534576521
538.029544622146,-0.0394250782087076
538.151629837627,-0.0353616422988165
538.273715053107,-0.0334762892218745
538.395800268587,-0.0361856141271535
538.517885484068,-0.0381467069208079
538.639970699548,-0.0348198210367725
538.762055915029,-0.0316836874514465
538.884141130509,-0.0313273757476076
539.00622634599,-0.0286695829902926
539.12831156147,-0.0232977025341669
539.25039677695,-0.018444017613233
539.372481992431,-0.0148203181082067
539.494567207911,-0.0128404034265155
539.616652423392,-0.0121264036392262
539.738737638872,-0.0116659165741457
539.860822854352,-0.0101160085478746
539.982908069833,-0.00525992005057596
540.104993285313,-0.000741576638271927
540.227078500794,-0.000796900568036273
540.349163716274,0.00126602313234854
540.471248931754,0.00713293805478922
540.593334147235,0.00746701247892498
540.715419362715,0.00554493636561869
540.837504578196,0.00891471947366352
540.959589793676,0.00877861325616024
541.081675009157,0.00180359340680232
541.203760224637,-0.00194205292784476
541.325845440117,-0.00244618934336235
541.447930655598,-0.00389274499211151
541.570015871078,-0.00374207545789022
541.692101086558,-0.0052624245881042
541.814186302039,-0.0108161438432084
541.936271517519,-0.0124260171237179
542.058356733,-0.00922698306508443
542.18044194848,-0.00806016701725248
542.302527163961,-0.00785807280059685
542.424612379441,-0.00714837831134722
542.546697594921,-0.0084758629147854
542.668782810402,-0.00814220178718642
542.790868025882,-0.00500498933954708
542.912953241362,-0.00685058222583149
543.035038456843,-0.0116747021714878
543.157123672323,-0.00963999501937677
543.279208887804,-0.00516848966012526
543.401294103284,-0.00554069067742704
543.523379318765,-0.00399630131362437
543.645464534245,0.000696808311915002
543.767549749725,-0.00123478187493892
543.889634965206,-0.00731535466915576
544.011720180686,-0.00781412593057525
544.133805396167,-0.00440094322839902
544.255890611647,-0.00196347119569028
544.377975827127,-0.00129263330964603
544.500061042608,-0.00234749044878192
544.622146258088,-0.00238389622177569
544.744231473569,-0.001243731856609
544.866316689049,-0.00200734357679119
544.988401904529,-0.00049613987163923
545.11048712001,0.00498384464092263
545.23257233549,0.00640720770304377
545.354657550971,0.00537850125186024
545.476742766451,0.00932092704100063
545.598827981931,0.0120974456417223
545.720913197412,0.00965360095317724
545.842998412892,0.0102786672782948
545.965083628373,0.0144930020934159
546.087168843853,0.0150232471715642
546.209254059334,0.011834244333121
546.331339274814,0.00845450071680025
546.453424490294,0.00670997117164679
546.575509705775,0.00736212882436875
546.697594921255,0.00819234798847945
546.819680136735,0.00748286048671406
546.941765352216,0.00717984905385031
547.063850567696,0.00809724744667146
547.185935783177,0.00766085054723174
547.308020998657,0.003400400236757
547.430106214138,-0.00271912919827853
547.552191429618,-0.00535889963896195
547.674276645098,-0.00327234367154081
547.796361860579,0.000595521758605755
547.918447076059,0.00479924013807543
548.040532291539,0.00715795655005087
548.16261750702,0.005649567313654
548.2847027225,0.00397707785252587
548.406787937981,0.00489570211615602
548.528873153461,0.00524684165538574
548.650958368942,0.00419143799538359
548.773043584422,0.00421353265676084
548.895128799902,0.0056461792803277
549.017214015383,0.00792540304387063
549.139299230863,0.00910605495541424
549.261384446344,0.00610915758670606
549.383469661824,0.00175065572938646
549.505554877304,0.00180554127792021
549.627640092785,0.00456013433478742
549.749725308265,0.00537848440739413
549.871810523746,0.00566644940522377
549.993895739226,0.00702805639777246
550.115980954706,0.0066291499309277
550.238066170187,0.00433619508226146
550.360151385667,0.00324422350940289
550.482236601148,0.00333997960587087
550.604321816628,0.00412193612555893
550.726407032109,0.00675559864133922
550.848492247589,0.00915854149828578
550.970577463069,0.00930549729478833
551.09266267855,0.0106520720756712
551.21474789403,0.0155198720469675
551.336833109511,0.020523432993334
551.458918324991,0.0216063874815239
551.581003540471,0.0181786604037079
551.703088755952,0.0138472803912283
551.825173971432,0.0118772167108675
551.947259186912,0.0102987082148969
552.069344402393,0.00752846777294743
552.191429617873,0.00585956457585664
552.313514833354,0.00569049054370122
552.435600048834,0.00588311163961412
552.557685264315,0.00575345701562744
552.679770479795,0.00430147068232557
552.801855695275,0.00507369311437241
552.923940910756,0.0108274479668326
553.046026126236,0.0138901614092628
553.168111341716,0.0103212723158318
553.290196557197,0.0072646571074414
553.412281772677,0.00572605161752941
553.534366988158,0.00311646642574613
553.656452203638,0.00420412398157655
553.778537419119,0.0084381626557491
553.900622634599,0.0100968286445285
554.022707850079,0.0115237658303137
554.14479306556,0.0141272190781225
554.26687828104,0.0144926942562075
554.388963496521,0.0144105642475959
554.511048712001,0.0150904805120023
554.633133927481,0.0143586222568005
554.755219142962,0.0136299951598461
554.877304358442,0.0120677278279847
554.999389573923,0.00778120471277714
555.121474789403,0.00611266208918375
555.243560004883,0.00830556553943057
555.365645220364,0.00811818364963983
555.487730435844,0.00625926207812404
555.609815651325,0.00658911472741605
555.731900866805,0.00711145764839646
555.853986082286,0.00704661835231331
555.976071297766,0.00856873590493754
556.098156513246,0.01183936140343
556.220241728727,0.0151624224758667
556.342326944207,0.0165914132955425
556.464412159688,0.0172730372866136
556.586497375168,0.0194462634288607
556.708582590648,0.0208881678268252
556.830667806129,0.0214812768956015
556.952753021609,0.0247036373348097
557.07483823709,0.0280293651630356
557.19692345257,0.0297697842561927
557.31900866805,0.034418018919783
557.441093883531,0.0396715506267889
557.563179099011,0.0404095431953206
557.685264314492,0.0400796901542468
557.807349529972,0.0404821333785953
557.929434745452,0.0387519216034007
558.051519960933,0.0356723641240085
558.173605176413,0.0319403862553266
558.295690391894,0.0284004802582033
558.417775607374,0.0284042534469248
558.539860822854,0.0292559577352567
558.661946038335,0.0266856241029019
558.784031253815,0.0239536296047943
558.906116469296,0.0221092803400339
559.028201684776,0.0180940439273074
559.150286900256,0.0136630760802394
559.272372115737,0.0105195671994789
559.394457331217,0.00844617995403717
559.516542546698,0.0100801108566378
559.638627762178,0.0135037277604077
559.760712977658,0.01192878641291
559.882798193139,0.00602387972530688
560.004883408619,0.00166171905603034
560.1269686241,0.00100734722238179
560.24905383958,0.00346812446057952
560.37113905506,0.00569093314346296
560.493224270541,0.00357388292897742
560.615309486021,0.000176921991324528
560.737394701502,0.000954897505941629
560.859479916982,0.00311643487397862
560.981565132463,0.00276613773691711
561.103650347943,0.00263854408195212
561.225735563423,0.00333104592301844
561.347820778904,0.00277979588657786
561.469905994384,0.00392324934488283
561.591991209865,0.00611282096321967
561.714076425345,0.00315289287306136
561.836161640825,-0.00110437215528417
561.958246856306,0.000707106364228034
562.080332071786,0.00372263980675082
562.202417287267,0.00329307908850429
562.324502502747,0.00291201621457046
562.446587718227,0.00274510220136089
562.568672933708,0.00186864061040181
562.690758149188,0.00276441485890041
562.812843364669,0.00397440281543838
562.934928580149,0.00209900087781451
563.057013795629,-0.00202927600453469
563.17909901111,-0.00428356345871434
563.30118422659,-0.00150669670973981
563.423269442071,0.00142398192353057
563.545354657551,-0.00123626226330085
563.667439873031,-0.00390640006100791
563.789525088512,-0.00390232913828417
563.911610303992,-0.00733807163805081
564.033695519473,-0.010657354803816
564.155780734953,-0.0083251838380632
564.277865950433,-0.0056987572204986
564.399951165914,-0.00404537270533898
564.522036381394,-0.0017853040033745
564.644121596875,-0.00267227875404942
564.766206812355,-0.00377920819575605
564.888292027835,-0.00204133058692427
565.010377243316,-0.00314312789412722
565.132462458796,-0.00626220950994567
565.254547674277,-0.00743151176448403
565.376632889757,-0.00799522979532611
565.498718105238,-0.00552501343236206
565.620803320718,-0.00287179471092362
565.742888536198,-0.00802856708012537
565.864973751679,-0.0138456802195428
565.987058967159,-0.0138273918239492
566.10914418264,-0.0141844964184062
566.23122939812,-0.0122346625687405
566.3533146136,-0.0062242291686029
566.475399829081,-0.00563227820484439
566.597485044561,-0.00707406425727854
566.719570260042,-0.00383670779203904
566.841655475522,-0.00237645229520522
566.963740691002,-0.00222196567839273
567.085825906483,-0.00178554655314677
567.207911121963,-0.00832534692328008
567.329996337444,-0.0144689110605545
567.452081552924,-0.0109762001867647
567.574166768404,-0.00952908504117184
567.696251983885,-0.0147039850456547
567.818337199365,-0.0170560919428912
567.940422414846,-0.0172700293372719
568.062507630326,-0.0186807078093775
568.184592845806,-0.020420092266122
568.306678061287,-0.0243284184299503
568.428763276767,-0.0258255828109486
568.550848492248,-0.0194699727703051
568.672933707728,-0.0123371204152566
568.795018923208,-0.00883182946521577
568.917104138689,-0.00513392783017161
569.039189354169,-0.00274694746315423
569.16127456965,-0.00282696092777868
569.28335978513,-0.000980725565730693
569.40544500061,0.00211491225580377
569.527530216091,0.00273265863933475
569.649615431571,0.00250815522566596
569.771700647052,0.00377991782901865
569.893785862532,0.00521561556677702
570.015871078012,0.00649443508014399
570.137956293493,0.010127854609384
570.260041508973,0.0156824267021057
570.382126724454,0.0187524866610978
570.504211939934,0.0180720689814386
570.626297155415,0.0163992334195054
570.748382370895,0.0155252255655378
570.870467586375,0.0157561247536112
570.992552801856,0.0159558942297215
571.114638017336,0.0141767841288933
571.236723232817,0.0106846017747629
571.358808448297,0.00714413205295489
571.480893663777,0.00563293254854524
571.602978879258,0.00729734153800075
571.725064094738,0.0082931463916647
571.847149310219,0.00638595247297
571.969234525699,0.00719903791329627
572.091319741179,0.011955913048718
572.21340495666,0.0143872446827723
572.33549017214,0.0145212506858944
572.457575387621,0.0167639238426929
572.579660603101,0.0197932558992555
572.701745818581,0.0203121975532305
572.823831034062,0.0192693703082296
572.945916249542,0.0208864703232334
573.068001465023,0.0252229974263707
573.190086680503,0.0258614764044648
573.312171895983,0.0225715913035142
573.434257111464,0.0219518514608345
573.556342326944,0.0224655891554391
573.678427542425,0.0214051227953454
573.800512757905,0.0245453430554912
573.922597973385,0.0311884469826954
574.044683188866,0.0339743357228864
574.166768404346,0.0342045975192924
574.288853619827,0.0350179612233043
574.410938835307,0.034018754896594
574.533024050787,0.030849789090686
574.655109266268,0.0268381068753404
574.777194481748,0.0234182646547539
574.899279697229,0.0236849043880962
575.021364912709,0.025766490718347
575.143450128189,0.0250024536826771
575.26553534367,0.0240372291707145
575.38762055915,0.0259175020459971
575.509705774631,0.026455908083454
575.631790990111,0.0239415366419016
575.753876205592,0.0230730636872465
575.875961421072,0.0261867446663644
575.998046636552,0.0308687064683073
576.120131852033,0.033697508246455
576.242217067513,0.0319405620755531
576.364302282994,0.0267911422650416
576.486387498474,0.023403635314548
576.608472713954,0.0228257233223105
576.730557929435,0.0214862343918819
576.852643144915,0.0199076397991701
576.974728360396,0.0201348095904318
577.096813575876,0.0192066452208879
577.218898791356,0.0146748441890204
577.340984006837,0.00817953279779198
577.463069222317,0.00324912960162543
577.585154437798,0.00372688482449065
577.707239653278,0.00653615578508525
577.829324868758,0.0044428904430868
577.951410084239,0.00104056562244699
578.073495299719,0.00260319730813871
578.1955805152,0.0041120215163186
578.31766573068,0.00307089053445129
578.43975094616,0.00478266095290201
578.561836161641,0.0092610145555757
578.683921377121,0.0140053410264115
578.806006592602,0.0178547650885704
578.928091808082,0.0179431645236531
579.050177023563,0.0168642655171788
579.172262239043,0.0193641539109527
579.294347454523,0.0225261946582904
579.416432670004,0.0243451342681475
579.538517885484,0.0256310318069831
579.660603100964,0.0242147700620938
579.782688316445,0.0224590276911557
579.904773531925,0.0227260841122235
580.026858747406,0.020280535907444
580.148943962886,0.0181478252984145
580.271029178367,0.022692751218816
580.393114393847,0.0265033110283967
580.515199609327,0.0249183516859434
580.637284824808,0.0253948379373746
580.759370040288,0.0288560976681697
580.881455255769,0.0309808816818979
581.003540471249,0.0319626118273338
581.125625686729,0.031329530316144
581.24771090221,0.0304388687399246
581.36979611769,0.0324604273748542
581.491881333171,0.0334678895733202
581.613966548651,0.0309447450632228
581.736051764131,0.0303241555856062
581.858136979612,0.031462012783035
581.980222195092,0.0286539559407481
582.102307410573,0.023842458419981
582.224392626053,0.0219662964841794
582.346477841533,0.0211654369952077
582.468563057014,0.0190111275559739
582.590648272494,0.0184467685647911
582.712733487975,0.0201266322231944
582.834818703455,0.0198420807357605
582.956903918936,0.0181204519424127
583.078989134416,0.0191390693868736
583.201074349896,0.0213546786657542
583.323159565377,0.0219820857117897
583.445244780857,0.0220393886710294
583.567329996337,0.0216540820581553
583.689415211818,0.0214535105741394
583.811500427298,0.0229736037143866
583.933585642779,0.0238972609315291
584.055670858259,0.0237180182881653
584.17775607374,0.0261380434178217
584.29984128922,0.0306657736152297
584.4219265047,0.0345781698830839
584.544011720181,0.036682455960848
584.666096935661,0.0340674591763054
584.788182151141,0.0285473457926263
584.910267366622,0.0281646680080974
585.032352582102,0.0336453776910365
585.154437797583,0.0389229555428179
585.276523013063,0.0420320800051745
585.398608228544,0.0433297028189008
585.520693444024,0.0433142390447282
585.642778659504,0.0441908513471117
585.764863874985,0.0452985898658629
585.886949090465,0.0434493070849024
586.009034305946,0.0395441822015613
586.131119521426,0.0371020305809411
586.253204736906,0.0371185320658194
586.375289952387,0.0387290465838732
586.497375167867,0.0408959653236701
586.619460383348,0.0417349786518326
586.741545598828,0.0397529330677774
586.863630814308,0.0363258135833785
586.985716029789,0.034136354577582
587.107801245269,0.0347592281851958
587.22988646075,0.0384790051208911
587.35197167623,0.0421141272392949
587.474056891711,0.0411324220705774
587.596142107191,0.0375304639797066
587.718227322671,0.036060747109123
587.840312538152,0.0349307677390941
587.962397753632,0.031132220469789
588.084482969113,0.0270497793173728
588.206568184593,0.0260153253895102
588.328653400073,0.0281347002166587
588.450738615554,0.0297148427478855
588.572823831034,0.0278139926643412
588.694909046515,0.0261334742105131
588.816994261995,0.0280820361278751
588.939079477475,0.0302940140450679
589.061164692956,0.0304861977806167
589.183249908436,0.0300806963832654
589.305335123917,0.0300391083129565
589.427420339397,0.0316080737628913
589.549505554877,0.0337695571544911
589.671590770358,0.03343264930148
589.793675985838,0.0316860122905063
589.915761201318,0.029553242474801
590.037846416799,0.0248697411043488
590.159931632279,0.0190993139056097
590.28201684776,0.0146132367062934
590.40410206324,0.0111292390638641
590.526187278721,0.010726421195371
590.648272494201,0.0139091770256418
590.770357709681,0.0160970017506043
590.892442925162,0.0152049432868863
591.014528140642,0.0138390393348624
591.136613356123,0.0158211497566921
591.258698571603,0.0215341787132684
591.380783787083,0.0253964655265786
591.502869002564,0.0256194998048923
591.624954218044,0.0256246125884974
591.747039433525,0.0222645017741733
591.869124649005,0.0145499839599649
591.991209864485,0.0107763150093745
592.113295079966,0.0101697319086629
592.235380295446,0.00597583776629863
592.357465510927,0.00342808946791591
592.479550726407,0.00624449362401256
592.601635941888,0.00603247085901195
592.723721157368,-0.000679492869944017
592.845806372848,-0.00586970337009072
592.967891588329,-0.00281087728526233
593.089976803809,0.00295700950507119
593.21206201929,0.00154476150024841
593.33414723477,-0.00331581316571605
593.45623245025,-0.00318714900310971
593.578317665731,-0.00176899484753191
593.700402881211,-0.0015292044916845
593.822488096692,0.000351260989828774
593.944573312172,0.000139601876916698
594.066658527652,-0.000575030534167664
594.188743743133,0.00400970168586077
594.310828958613,0.00594027335972385
594.432914174094,0.00240993639702072
594.554999389574,0.00472895347439207
594.677084605054,0.00998408418080848
594.799169820535,0.00818923623448751
594.921255036015,0.00454499342159068
595.043340251496,0.00301313220302803
595.165425466976,0.000314478353641734
595.287510682456,-0.00116724592636131
595.409595897937,6.22205932174893e-05
595.531681113417,0.00208008770126145
595.653766328898,0.00500242540716588
595.775851544378,0.00514854572256506
595.897936759858,-0.00046234529736885
596.020021975339,-0.00677313163365928
596.142107190819,-0.0106465521351532
596.2641924063,-0.0127923835440082
596.38627762178,-0.0115207512927262
596.50836283726,-0.007683672866994
596.630448052741,-0.00528055705813451
596.752533268221,-0.005318861346116
596.874618483702,-0.00602584843702017
596.996703699182,-0.00450063253142226
597.118788914662,-0.000253849052016707
597.240874130143,0.00247161193430399
597.362959345623,0.00200105860419445
597.485044561104,0.0012311315270704
597.607129776584,0.000899612409813468
597.729214992065,0.000883122817484963
597.851300207545,0.00209512755302188
597.973385423025,0.00234487568472817
598.095470638506,-2.48544847706044e-05
598.217555853986,-0.00115194008520893
598.339641069467,0.00139552206889895
598.461726284947,0.00356345241269227
598.583811500427,0.00245149403099965
598.705896715908,0.0016001786273341
598.827981931388,0.00347504195554671
598.950067146869,0.00396635450240799
599.072152362349,7.62080635526205e-05
599.194237577829,-0.00475034036201647
599.31632279331,-0.00755318405685401
599.43840800879,-0.00966500102026312
599.560493224271,-0.0114295678086803
599.682578439751,-0.0110252645392582
599.804663655231,-0.00921508206840793
599.926748870712,-0.00909927885233825
600.048834086192,-0.0109240126595998
600.170919301673,-0.0116032485946247
600.293004517153,-0.00932597409520667
600.415089732633,-0.00626979165741032
600.537174948114,-0.00671751318324595
600.659260163594,-0.0108246575403797
600.781345379075,-0.0124133989769325
600.903430594555,-0.00898858290575673
601.025515810035,-0.00619067122046526
601.147601025516,-0.00571163636769048
601.269686240996,-0.00307301867734153
601.391771456477,0.00138146351015058
601.513856671957,0.00456943281718652
601.635941887437,0.00615804855266706
601.758027102918,0.00433016000866246
601.880112318398,-0.000948692804098476
602.002197533879,-0.00455032328563452
602.124282749359,-0.0057365969524945
602.24636796484,-0.00816146071150011
602.36845318032,-0.00981207576940425
602.4905383958,-0.00734966485334495
602.612623611281,-0.00387201337343828
602.734708826761,-0.0033861102997551
602.856794042242,-0.00650459648037024
602.978879257722,-0.0134778810137599
603.100964473202,-0.0223234726953919
603.223049688683,-0.026832015604337
603.345134904163,-0.0251674707718081
603.467220119644,-0.0233402516114134
603.589305335124,-0.0240105487710434
603.711390550604,-0.0245837570076966
603.833475766085,-0.0259362014981723
603.955560981565,-0.0279948092096058
604.077646197046,-0.0271740778637232
604.199731412526,-0.0264580764748203
604.321816628006,-0.0301217487493548
604.443901843487,-0.0339753045057879
604.565987058967,-0.0352857468677667
604.688072274448,-0.0353568788261911
604.810157489928,-0.0320976788681687
604.932242705408,-0.0271311130223366
605.054327920889,-0.0261538658622525
605.176413136369,-0.0272059162933874
605.29849835185,-0.026122886776637
605.42058356733,-0.0246284571076356
605.54266878281,-0.0239400973357131
605.664753998291,-0.0236198130635785
605.786839213771,-0.02436451465419
605.908924429252,-0.025499295286301
606.031009644732,-0.0263852704399989
606.153094860212,-0.0276185275560321
606.275180075693,-0.0285429662792067
606.397265291173,-0.0287403831000113
606.519350506654,-0.028852788809765
606.641435722134,-0.0293126030845842
606.763520937614,-0.0306664424425711
606.885606153095,-0.0316662040641869
607.007691368575,-0.0304974924116614
607.129776584056,-0.0289915311296443
607.251861799536,-0.0287440091422077
607.373947015017,-0.0289488619235916
607.496032230497,-0.0306636266573493
607.618117445977,-0.0333636539385337
607.740202661458,-0.0337336220579955
607.862287876938,-0.0333677955999574
607.984373092419,-0.0351008981526116
608.106458307899,-0.0360587206163796
608.228543523379,-0.0346990450413835
608.35062873886,-0.0332163646503118
608.47271395434,-0.0318164598390339
608.594799169821,-0.0309657227356284
608.716884385301,-0.0313759154251811
608.838969600781,-0.0302036406248856
608.961054816262,-0.0272488440108176
609.083140031742,-0.0261923508171298
609.205225247223,-0.0264636925591584
609.327310462703,-0.0267320220524922
609.449395678183,-0.0284084893971421
609.571480893664,-0.0289313386115637
609.693566109144,-0.0272388583749453
609.815651324625,-0.0288059713131486
609.937736540105,-0.0323023886965776
610.059821755585,-0.0310624493358999
610.181906971066,-0.0280319191977741
610.303992186546,-0.0278184811140898
610.426077402027,-0.0276331595664576
610.548162617507,-0.0260019028684356
610.670247832987,-0.0236527011188014
610.792333048468,-0.0213862320502769
610.914418263948,-0.0216286218293758
611.036503479429,-0.0214734030777541
611.158588694909,-0.0178447846428761
611.280673910389,-0.0180439746280523
611.40275912587,-0.023732576708348
611.52484434135,-0.0258080189647488
611.646929556831,-0.0255418178858582
611.769014772311,-0.0297478185692589
611.891099987791,-0.0347898111867314
612.013185203272,-0.0365381708620625
612.135270418752,-0.0364343718056794
612.257355634233,-0.0365287147897173
612.379440849713,-0.0389484894229042
612.501526065194,-0.0421219179053582
612.623611280674,-0.044600324815824
612.745696496154,-0.0491941976970038
612.867781711635,-0.0513894355566284
612.989866927115,-0.046607242766035
613.111952142596,-0.0437131834081564
613.234037358076,-0.0450623578152548
613.356122573556,-0.0438078559253797
613.478207789037,-0.0444419907974315
613.600293004517,-0.0475157826385596
613.722378219998,-0.0439020965225004
613.844463435478,-0.0406258762185896
613.966548650958,-0.0458528264083744
614.088633866439,-0.048314657155029
614.210719081919,-0.0440173945937988
614.3328042974,-0.0420390769057745
614.45488951288,-0.0437578555558912
614.57697472836,-0.0474971630357658
614.699059943841,-0.0512086804145831
614.821145159321,-0.0499053502116363
614.943230374802,-0.048184426218686
615.065315590282,-0.0517403550974575
615.187400805762,-0.0535833003512141
615.309486021243,-0.0517097911424881
615.431571236723,-0.0521951135896189
615.553656452204,-0.0528219970083995
615.675741667684,-0.0513589625549152
615.797826883164,-0.0510297855239965
615.919912098645,-0.0503239521518484
616.041997314125,-0.0493023722203625
616.164082529606,-0.0512195905422046
616.286167745086,-0.0524645657733507
616.408252960566,-0.0517790421260857
616.530338176047,-0.0529162977986225
616.652423391527,-0.0516766455312354
616.774508607008,-0.0468974029359761
616.896593822488,-0.0470682940379216
617.018679037969,-0.0498415642465383
617.140764253449,-0.0480383794372232
617.262849468929,-0.0477240867400276
617.38493468441,-0.0506845116628014
617.50701989989,-0.0488995561074712
617.629105115371,-0.0451200939639738
617.751190330851,-0.044971982171409
617.873275546331,-0.044161307139623
617.995360761812,-0.0422524097931755
618.117445977292,-0.0431319091759212
618.239531192773,-0.0452119490085656
618.361616408253,-0.0480929695251997
618.483701623733,-0.0527266423212613
618.605786839214,-0.0558166651121047
618.727872054694,-0.0562469191060015
618.849957270175,-0.0559039088519563
618.972042485655,-0.0547001753797274
619.094127701135,-0.0529916296068066
619.216212916616,-0.0519681144293423
619.338298132096,-0.0513287681750661
619.460383347577,-0.0492297617495956
619.582468563057,-0.0448014393517979
619.704553778538,-0.0424776944757812
619.826638994018,-0.0444754432581889
619.948724209498,-0.0442384853673274
620.070809424979,-0.04123022572805
620.192894640459,-0.041564398588942
620.314979855939,-0.0421714838918326
620.43706507142,-0.0411013191231157
620.5591502869,-0.0430897375967593
620.681235502381,-0.0442769097765734
620.803320717861,-0.0425113977345187
620.925405933342,-0.0447117002389936
621.047491148822,-0.047606313618746
621.169576364302,-0.0445015625951622
621.291661579783,-0.039462944349516
621.413746795263,-0.0357962436188464
621.535832010743,-0.035846308984333
621.657917226224,-0.0409489512172603
621.780002441704,-0.0421961961691538
621.902087657185,-0.0378366271897578
622.024172872665,-0.0382237514840971
622.146258088146,-0.0415405022821737
622.268343303626,-0.0407785728404369
622.390428519106,-0.0388461098784555
622.512513734587,-0.0371484190677344
622.634598950067,-0.0361673360660506
622.756684165548,-0.0376563180184458
622.878769381028,-0.0362337513739186
623.000854596508,-0.030130600846871
623.122939811989,-0.0255040025840861
623.245025027469,-0.0236852261803098
623.36711024295,-0.0237617327777654
623.48919545843,-0.024784077809887
623.61128067391,-0.0240734201030902
623.733365889391,-0.0233837099793044
623.855451104871,-0.0213365575240703
623.977536320352,-0.0137914384887041
624.099621535832,-0.00841149058123366
624.221706751313,-0.00921928761924045
624.343791966793,-0.00901529305460969
624.465877182273,-0.0106026675294337
624.587962397754,-0.0150893611685426
624.710047613234,-0.0123731715718223
624.832132828715,-0.00719704877171467
624.954218044195,-0.0082813102744383
625.076303259675,-0.00705003628260659
625.198388475156,-0.0023638496766562
625.320473690636,-0.00444803624842704
625.442558906117,-0.0107077413957753
625.564644121597,-0.0125341828421648
625.686729337077,-0.00984753744430015
625.808814552558,-0.00834436957055917
625.930899768038,-0.010775290818796
626.052984983519,-0.0115380025836822
626.175070198999,-0.009696747598094
626.297155414479,-0.0117726975387482
626.41924062996,-0.0116531058374907
626.54132584544,-0.00204473890714955
626.663411060921,0.0069198195456347
626.785496276401,0.00936444862651551
626.907581491881,0.00949348529931771
627.029666707362,0.00676603682342889
627.151751922842,0.00426231209600885
627.273837138323,0.00578441221992962
627.395922353803,0.006145426171156
627.518007569283,0.00615900907617816
627.640092784764,0.0101126026586378
627.762178000244,0.0135292911035949
627.884263215725,0.0155902248601968
628.006348431205,0.0176766624839183
628.128433646685,0.0154488944319973
628.250518862166,0.0116669809116301
628.372604077646,0.0109683705425056
628.494689293127,0.00905649808060499
628.616774508607,0.00588140212269866
628.738859724087,0.00484827162772754
628.860944939568,0.00417201477177639
628.983030155048,0.00544144618710549
629.105115370529,0.0100028882900333
629.227200586009,0.0121785028236074
629.34928580149,0.0101240274234651
629.47137101697,0.00699275013976907
629.59345623245,0.00469229711159984
629.715541447931,0.0046406502423368
629.837626663411,0.00532240503070077
629.959711878892,0.00569508378180852
630.081797094372,0.00882566105105446
630.203882309852,0.0126672659252079
630.325967525333,0.0134796862217334
630.448052740813,0.0146903772680763
630.570137956294,0.0164310190690441
630.692223171774,0.0153501482827513
630.814308387254,0.0153673875059974
630.936393602735,0.0177797875805497
631.058478818215,0.0167421585461049
631.180564033696,0.0128736226284176
631.302649249176,0.0108513718212134
631.424734464656,0.00997311165701262
631.546819680137,0.00948845381201858
631.668904895617,0.0105960967608831
631.790990111098,0.0117452473791683
631.913075326578,0.0113034699010091
632.035160542058,0.00978911828465889
632.157245757539,0.00702944904749808
632.279330973019,0.00443916859874226
632.4014161885,0.00669930814391143
632.52350140398,0.0134952937890058
632.64558661946,0.0179466207920742
632.767671834941,0.0185617915180779
632.889757050421,0.0196198024408815
633.011842265902,0.0209605211727759
633.133927481382,0.0216261839918224
633.256012696862,0.0236390107454938
633.378097912343,0.0247835902146154
633.500183127823,0.0227733523975012
633.622268343304,0.0216906785207313
633.744353558784,0.0229038678052677
633.866438774265,0.0241015430309793
633.988523989745,0.0271976928181191
634.110609205225,0.0318651936955394
634.232694420706,0.0329705241191903
634.354779636186,0.0319043564577857
634.476864851667,0.0335660627402928
634.598950067147,0.0352535036762026
634.721035282627,0.0333325146653838
634.843120498108,0.0304922515176592
634.965205713588,0.0280235790038252
635.087290929069,0.0238375639514426
635.209376144549,0.0197891030440817
635.331461360029,0.0192859069553039
635.45354657551,0.0203069360145272
635.57563179099,0.0188146740331146
635.697717006471,0.0156279152061536
635.819802221951,0.0151861819878578
635.941887437431,0.0179176941898547
636.063972652912,0.0188288676692117
636.186057868392,0.0169656063608197
636.308143083873,0.0162272265743092
636.430228299353,0.0151591668847938
636.552313514833,0.0123001339256145
636.674398730314,0.0139013353234843
636.796483945794,0.0200457148529953
636.918569161275,0.022044211030694
637.040654376755,0.0191947685690021
637.162739592235,0.0165322065649137
637.284824807716,0.0152966971447537
637.406910023196,0.0164745030624566
637.528995238677,0.0185048877280105
637.651080454157,0.0180876206985859
637.773165669637,0.019237316663594
637.895250885118,0.0247358909686878
638.017336100598,0.0288497598162499
638.139421316079,0.0301128394083414
638.261506531559,0.0325911849850523
638.383591747039,0.0360192506003715
638.50567696252,0.0375246302248475
638.627762178,0.035966158829712
638.749847393481,0.0341385144108626
638.871932608961,0.035965801871564
638.994017824442,0.0379843037234436
639.116103039922,0.036298036616956
639.238188255402,0.0352841520098268
639.360273470883,0.0351829264138104
639.482358686363,0.0323303617511062
639.604443901844,0.0328381159208679
639.726529117324,0.0402022185856365
639.848614332804,0.0452723153299426
639.970699548285,0.0448188525807246
640.092784763765,0.0459076435665401
640.214869979246,0.0487590709959556
640.336955194726,0.0461318708374916
640.459040410206,0.0378447241152615
640.581125625687,0.0318883437388625
640.703210841167,0.0307994040874095
640.825296056648,0.0296514325668667
640.947381272128,0.0271925456596839
641.069466487608,0.0234796439184618
641.191551703089,0.0160522056081689
641.313636918569,0.0105627730225211
641.43572213405,0.0136149082666503
641.55780734953,0.0171371848335121
641.67989256501,0.0143388024461447
641.801977780491,0.0121464987850384
641.924062995971,0.0142252682650981
642.046148211452,0.0169243665593686
642.168233426932,0.0191539959124653
642.290318642412,0.0202971220239656
642.412403857893,0.0201918625527946
642.534489073373,0.0209527692476204
642.656574288854,0.0212812908974706
642.778659504334,0.0200619092215914
642.900744719814,0.0220783506956879
643.022829935295,0.0285308192016064
643.144915150775,0.0327817091843566
643.267000366256,0.031647747474649
643.389085581736,0.0291117257934232
643.511170797216,0.0272485736456377
643.633256012697,0.0246584502818706
643.755341228177,0.0236804457162721
643.877426443658,0.0264693835083211
643.999511659138,0.0277271801157087
644.121596874619,0.0252841826339228
644.243682090099,0.0257898746634878
644.365767305579,0.0299645184618758
644.48785252106,0.0323972180288638
644.60993773654,0.0347171752399057
644.732022952021,0.0382481523829285
644.854108167501,0.0377538582033365
644.976193382981,0.0341930983660314
645.098278598462,0.0335562195525818
645.220363813942,0.0342557580198938
645.342449029423,0.032032142452266
645.464534244903,0.0286651032364211
645.586619460383,0.0283486669870722
645.708704675864,0.0315723217158339
645.830789891344,0.0332611184802673
645.952875106825,0.0291505740214339
646.074960322305,0.0235917781809341
646.197045537785,0.0227178099865919
646.319130753266,0.0250158289100548
646.441215968746,0.0266327282701019
646.563301184227,0.0271875872947389
646.685386399707,0.0276313967788609
646.807471615187,0.0287482622496117
646.929556830668,0.0292215451726366
647.051642046148,0.0268396771947884
647.173727261629,0.0245342978774358
647.295812477109,0.025325284964422
647.417897692589,0.025037265638605
647.53998290807,0.0228935707967761
647.66206812355,0.0247750106721622
647.784153339031,0.0278848245257453
647.906238554511,0.0250935960971614
648.028323769991,0.0211917793425052
648.150408985472,0.02150227192348
648.272494200952,0.0207549481988935
648.394579416433,0.0179301603324067
648.516664631913,0.0182080707789665
648.638749847394,0.0202267397071253
648.760835062874,0.0222228630831626
648.882920278354,0.0262779235613074
649.005005493835,0.0287953042056847
649.127090709315,0.0274364818256762
649.249175924796,0.0276346496520494
649.371261140276,0.0286479036872922
649.493346355756,0.0260862232480111
649.615431571237,0.0246991015380445
649.737516786717,0.0262166242374666
649.859602002198,0.0252633317966154
649.981687217678,0.0239037106051146
650.103772433158,0.0243496348598546
650.225857648639,0.0222560254217638
650.347942864119,0.020200553682227
650.4700280796,0.0213149391789396
650.59211329508,0.0202687725358247
650.71419851056,0.0182402627170466
650.836283726041,0.0193983856472496
650.958368941521,0.0184399441933885
651.080454157002,0.0146384958433157
651.202539372482,0.0132834493429066
651.324624587962,0.0127748357568413
651.446709803443,0.0131450658576925
651.568795018923,0.0167444039136442
651.690880234404,0.0187534244960523
651.812965449884,0.0177507296772581
651.935050665364,0.0175221613342085
652.057135880845,0.0173621201741097
652.179221096325,0.0175409013048135
652.301306311806,0.0180695924986329
652.423391527286,0.0164396899850543
652.545476742766,0.0169277316518894
652.667561958247,0.0194098912550661
652.789647173727,0.0151724106165966
652.911732389208,0.00922588893131173
653.033817604688,0.0092093419462075
653.155902820168,0.00712207634164992
653.277988035649,0.00233711989365937
653.400073251129,0.00229529024541462
653.52215846661,0.0024574397360904
653.64424368209,0.000935641936429549
653.766328897571,0.00203539899047268
653.888414113051,0.0016013324092776
654.010499328531,-0.000781583965097055
654.132584544012,0.000256964222885625
654.254669759492,0.00238149236765374
654.376754974973,0.0042967862773553
654.498840190453,0.00713665772489215
654.620925405933,0.00770435334591236
654.743010621414,0.00809562989461033
654.865095836894,0.0107879123480969
654.987181052375,0.0109314834863089
655.109266267855,0.00941997901160591
655.231351483335,0.009153571527803
655.353436698816,0.0070355200713517
655.475521914296,0.00584031866186602
655.597607129777,0.0086240419751331
655.719692345257,0.00979446999443753
655.841777560738,0.00848648973198753
655.963862776218,0.00745669779582794
656.085947991698,0.00473625113813007
656.208033207179,0.00106025975681266
656.330118422659,-0.00177365004951511
656.452203638139,-0.00448924492781744
656.57428885362,-0.00564461520827725
656.6963740691,-0.0067406577529235
656.818459284581,-0.0100974008943085
656.940544500061,-0.010305843320623
657.062629715541,-0.00472491179275008
657.184714931022,0.00178641203506898
657.306800146502,0.00603807243515051
657.428885361983,0.00593048719910005
657.550970577463,0.0021128648997069
657.673055792944,-0.00101274991253656
657.795141008424,-0.00445565376645862
657.917226223904,-0.00856162836635154
658.039311439385,-0.00716613160306096
658.161396654865,-0.00259422584870295
658.283481870345,-0.00360801362235263
658.405567085826,-0.00904261350041795
658.527652301306,-0.0128415065370435
658.649737516787,-0.0133685007850633
658.771822732267,-0.0125637139837718
658.893907947748,-0.0132049758329738
659.015993163228,-0.0136959695706216
659.138078378708,-0.011790053401215
659.260163594189,-0.0118281943680979
659.382248809669,-0.0157012184314851
659.50433402515,-0.0181108805148784
659.62641924063,-0.0165288513200671
659.74850445611,-0.012989322568127
659.870589671591,-0.0102501433571828
659.992674887071,-0.00973922903586289
660.114760102552,-0.00897939361311491
660.236845318032,-0.0070023916122887
660.358930533512,-0.00667360319698534
660.481015748993,-0.0069236234148341
660.603100964473,-0.00646470886327527
660.725186179954,-0.00853946124507594
660.847271395434,-0.0112103467425265
660.969356610915,-0.0100150654993676
661.091441826395,-0.00901516162742747
661.213527041875,-0.011516846351493
661.335612257356,-0.0125749193961358
661.457697472836,-0.0108700773250212
661.579782688317,-0.01095218127357
661.701867903797,-0.012764647145469
661.823953119277,-0.0144553272036259
661.946038334758,-0.0187787513215405
662.068123550238,-0.0247515185714118
662.190208765719,-0.0260849924853256
662.312293981199,-0.0237424558534861
662.434379196679,-0.0230196485156453
662.55646441216,-0.0224638821473721
662.67854962764,-0.020218449797375
662.800634843121,-0.0182397114531723
662.922720058601,-0.0168861837194041
663.044805274081,-0.0166762969990903
663.166890489562,-0.015903275338729
663.288975705042,-0.00998301746774734
663.411060920523,-0.00386390993747485
663.533146136003,-0.0041218742166781
663.655231351483,-0.0036268322454336
663.777316566964,0.001120740470841
663.899401782444,0.00305047268202731
664.021486997925,0.00344690628398833
664.143572213405,0.00493973820084418
664.265657428885,0.00137257712776102
664.387742644366,-0.00561783114997465
664.509827859846,-0.00743064017769359
664.631913075327,-0.00392507303569739
664.753998290807,0.00060321052800158
664.876083506287,0.00387258604368925
664.998168721768,0.00586612748648277
665.120253937248,0.00755441799848906
665.242339152729,0.00630841305783524
665.364424368209,0.00260501390631594
665.486509583689,0.00308121541454849
665.60859479917,0.00545529495619576
665.73068001465,0.0042291061133778
665.852765230131,0.0048032716748642
665.974850445611,0.00642684869633651
666.096935661092,0.00122449560788708
666.219020876572,-0.00298373440842782
666.341106092052,0.0015319842620614
666.463191307533,0.00427727080424684
666.585276523013,0.00182702790681933
666.707361738494,0.00346375229227819
666.829446953974,0.00680543732432276
666.951532169454,0.00389908444651328
667.073617384935,-0.0010975226823379
667.195702600415,-0.00172961294162725
667.317787815896,-0.000165047098172823
667.439873031376,-0.00121106648910791
667.561958246856,-0.00547731542486916
667.684043462337,-0.00977219532670907
667.806128677817,-0.0117894170620779
667.928213893298,-0.0120647759638807
668.050299108778,-0.0119449340138359
668.172384324258,-0.0138567668666741
668.294469539739,-0.0192471332456849
668.416554755219,-0.0234197634641591
668.5386399707,-0.021247156031155
668.66072518618,-0.0162502344522763
668.78281040166,-0.0142778046761616
668.904895617141,-0.0146079637184058
669.026980832621,-0.0136320165810169
669.149066048102,-0.0102012163181478
669.271151263582,-0.00676895322766781
669.393236479062,-0.00778344101739182
669.515321694543,-0.0128203566038292
669.637406910023,-0.0159169672126843
669.759492125504,-0.0158765844154788
669.881577340984,-0.0169281027078501
670.003662556464,-0.0194330134920157
670.125747771945,-0.0214594707945984
670.247832987425,-0.0243237943544667
670.369918202906,-0.0283738674447545
670.492003418386,-0.0301733363543742
670.614088633867,-0.0273081350959754
670.736173849347,-0.0216240368880135
670.858259064827,-0.0172998326267604
670.980344280308,-0.0160919655783876
671.102429495788,-0.0149894156292823
671.224514711269,-0.0111695525237291
671.346599926749,-0.00648278454377265
671.468685142229,-0.00311462982534286
671.59077035771,-0.000514871449932869
671.71285557319,0.000409937691248516
671.834940788671,-0.00130600898965284
671.957026004151,-0.00239974492028766
672.079111219631,-0.00204523098472292
672.201196435112,-0.00370797487056028
672.323281650592,-0.00500468237421136
672.445366866073,-0.00220577494270042
672.567452081553,-0.000162741726813322
672.689537297033,-0.00157743899421724
672.811622512514,-0.00192624057545768
672.933707727994,-0.000491167355857836
673.055792943475,0.00177038644646392
673.177878158955,0.00682362412427837
673.299963374435,0.0130028769379593
673.422048589916,0.0170333938091743
673.544133805396,0.0189158186821425
673.666219020877,0.0203928990813933
673.788304236357,0.023456283840396
673.910389451837,0.0238480877248385
674.032474667318,0.0165532978488829
674.154559882798,0.0108730577048522
674.276645098279,0.0125675980859962
674.398730313759,0.0103123315671655
674.520815529239,0.00437755371707641
674.64290074472,0.00549104873025294
674.7649859602,0.00827927314931535
674.887071175681,0.00873643032180888
675.009156391161,0.0129861858420899
675.131241606641,0.0158826551113291
675.253326822122,0.0132057861210007
675.375412037602,0.0119675768006551
675.497497253083,0.0120686832795209
675.619582468563,0.0110785748859436
675.741667684044,0.0104477724524966
675.863752899524,0.00804586690335356
675.985838115004,0.00797700375639226
676.107923330485,0.0128264773293297
676.230008545965,0.0106935905403754
676.352093761446,0.00261236953021276
676.474178976926,0.00257828005199541
676.596264192406,0.00549164370286255
676.718349407887,0.00370149302421874
676.840434623367,0.00380081591713481
676.962519838848,0.00519687417309762
677.084605054328,0.00331159026041446
677.206690269808,0.000599196614004912
677.328775485289,-0.0027770443003945
677.450860700769,-0.0049644346080975
677.57294591625,-0.00306563203506475
677.69503113173,-0.00279720184896166
677.81711634721,-0.00613995695958545
677.939201562691,-0.00763962821350857
678.061286778171,-0.00645231664012228
678.183371993652,-0.00388391576039824
678.305457209132,-0.00295916647468192
678.427542424612,-0.00668701283128811
678.549627640093,-0.00846063927968597
678.671712855573,-0.00432048804826558
678.793798071054,-0.00020590475633884
678.915883286534,0.00338933460281435
679.037968502014,0.00734897994531465
679.160053717495,0.00937970735948279
679.282138932975,0.0130713096940072
679.404224148456,0.0158661449975345
679.526309363936,0.0107118408216082
679.648394579416,0.00573200585403059
679.770479794897,0.00516303893640178
679.892565010377,-0.000280011656808525
680.014650225858,-0.00636654782205215
680.136735441338,-0.00549540668997413
680.258820656818,-0.0050184084970063
680.380905872299,-0.00476428540976373
680.502991087779,0.00290098075897575
680.62507630326,0.0124500521568478
680.74716151874,0.0162809774287327
680.869246734221,0.0155651695532269
680.991331949701,0.0137338844258387
681.113417165181,0.0120671438372721
681.235502380662,0.00638353798837304
681.357587596142,-0.00271116121498157
681.479672811623,-0.0037066431649772
681.601758027103,0.00304892670686751
681.723843242583,0.00615844846325469
681.845928458064,0.00886153728023546
681.968013673544,0.0153861282951639
682.090098889025,0.0174235673486786
682.212184104505,0.0165018282858736
682.334269319985,0.0192630397672611
682.456354535466,0.0196550193731979
682.578439750946,0.016647492968662
682.700524966427,0.0168879517732452
682.822610181907,0.0168929113722257
682.944695397387,0.0162312134457366
683.066780612868,0.022740927746838
683.188865828348,0.030030075630422
683.310951043829,0.0279984768461493
683.433036259309,0.0248159092181961
683.555121474789,0.0278128722338721
683.67720669027,0.0310725099250553
683.79929190575,0.0331495384590618
683.921377121231,0.0370972829100674
684.043462336711,0.0403134350678565
684.165547552191,0.0414234842250577
684.287632767672,0.042153636779434
684.409717983152,0.0422738162483282
684.531803198633,0.0421594374685087
684.653888414113,0.0414410236516363
684.775973629593,0.0383450775565563
684.898058845074,0.036010855025253
685.020144060554,0.0376353191210548
685.142229276035,0.0396318435947617
685.264314491515,0.0389957121213346
685.386399706996,0.0368933225393606
685.508484922476,0.0346649117400203
685.630570137956,0.0331607960172727
685.752655353437,0.0312602087775536
685.874740568917,0.0284122021717905
685.996825784398,0.0287822300443207
686.118910999878,0.0327190824869899
686.240996215358,0.0337072772388465
686.363081430839,0.0308301937318427
686.485166646319,0.0289590699938132
686.6072518618,0.0284490793685348
686.72933707728,0.0270687080701602
686.85142229276,0.0247964968362741
686.973507508241,0.0221343043355376
687.095592723721,0.0197031753098226
687.217677939202,0.0184958941285642
687.339763154682,0.0182443149483792
687.461848370162,0.01777673219251
687.583933585643,0.017911042224311
687.706018801123,0.0202122285707486
687.828104016604,0.0220260100513966
687.950189232084,0.0214427376807219
688.072274447564,0.0236876505281044
688.194359663045,0.0299276966876678
688.316444878525,0.0331248924792708
688.438530094006,0.0333897280234729
688.560615309486,0.0362100672814985
688.682700524966,0.0393388469176043
688.804785740447,0.0389803991222099
688.926870955927,0.0354678165234298
689.048956171408,0.0303359754829534
689.171041386888,0.0274558250787606
689.293126602368,0.0267078252128454
689.415211817849,0.0235339145005313
689.537297033329,0.0218308996747147
689.65938224881,0.0251301786404441
689.78146746429,0.0263631847277388
689.90355267977,0.025307086533456
690.025637895251,0.0265063052004616
690.147723110731,0.023979262520006
690.269808326212,0.0187260961923156
690.391893541692,0.0208721966004971
690.513978757173,0.0241402710759271
690.636063972653,0.0198407297034467
690.758149188133,0.0176751859112496
690.880234403614,0.0214254439157854
691.002319619094,0.0213589159653864
691.124404834575,0.0194670377368548
691.246490050055,0.0242811960758702
691.368575265535,0.030933169607958
691.490660481016,0.031623519727374
691.612745696496,0.0284901414913494
691.734830911977,0.0252737146025061
691.856916127457,0.0209686664938727
691.979001342937,0.015383238399589
692.101086558418,0.0130885625514744
692.223171773898,0.0177591064463866
692.345256989379,0.0244017631806456
692.467342204859,0.0250166990857558
692.58942742034,0.0218553338068318
692.71151263582,0.0225279969007943
692.8335978513,0.0244825581173496
692.955683066781,0.0203017960492175
693.077768282261,0.0120521473116539
693.199853497741,0.00603811887276632
693.321938713222,0.00303094836003544
693.444023928702,0.00162344626757812
693.566109144183,0.00160066793942317
693.688194359663,0.00284377958638625
693.810279575144,0.0051951430515033
693.932364790624,0.00707128038070349
694.054450006104,0.00630924595980279
694.176535221585,0.003425134834563
694.298620437065,0.00054587321936974
694.420705652545,-0.000554018332610175
694.542790868026,-6.43527585520245e-05
694.664876083506,-0.00127253812637718
694.786961298987,-0.00401913884913679
694.909046514467,-0.00291577896497588
695.031131729947,0.00104141836348873
695.153216945428,0.00136661441749617
695.275302160908,-0.00135688505437014
695.397387376389,-0.00444667506041782
695.519472591869,-0.00961635880471024
695.64155780735,-0.0139735581578722
695.76364302283,-0.0133000704607801
695.88572823831,-0.0126614641294872
696.007813453791,-0.0151445376693999
696.129898669271,-0.0147366016806284
696.251983884752,-0.012128104804215
696.374069100232,-0.0145621172704166
696.496154315712,-0.0187448529067118
696.618239531193,-0.017786052201278
696.740324746673,-0.0154073904342699
696.862409962154,-0.0156532785291572
696.984495177634,-0.0158937519508999
697.106580393114,-0.0164551393343854
697.228665608595,-0.0189517873624978
697.350750824075,-0.0205524193096513
697.472836039556,-0.0207818417101181
697.594921255036,-0.0212088765532641
697.717006470517,-0.0199414239995721
697.839091685997,-0.0185281522508305
697.961176901477,-0.021848644920417
698.083262116958,-0.0264774857926268
698.205347332438,-0.0257172455985293
698.327432547918,-0.0220404593018105
698.449517763399,-0.0206897307952533
698.571602978879,-0.0202916858572618
698.69368819436,-0.0186953433957602
698.81577340984,-0.018275380612451
698.937858625321,-0.0201760499718289
699.059943840801,-0.021721160996493
699.182029056281,-0.0225646708504418
699.304114271762,-0.0255505464218177
699.426199487242,-0.0306528459105597
699.548284702723,-0.0352180034457865
699.670369918203,-0.0385882596026626
699.792455133683,-0.0420107227676722
699.914540349164,-0.0461684490266193
700.036625564644,-0.0494697266086817
700.158710780125,-0.0496074471844994
700.280795995605,-0.0480018023943318
700.402881211085,-0.0475808357198147
700.524966426566,-0.0476733836364436
700.647051642046,-0.0480202064824837
700.769136857527,-0.0510432145608336
700.891222073007,-0.055357274449167
701.013307288487,-0.0567344354097095
701.135392503968,-0.0559090332298205
701.257477719448,-0.056739122521346
701.379562934929,-0.0591011670124829
701.501648150409,-0.0600226220116378
701.623733365889,-0.0594133644518757
701.74581858137,-0.0591875186081799
701.86790379685,-0.0588543756171438
701.989989012331,-0.0573294197508202
702.112074227811,-0.0551848423732288
702.234159443291,-0.0521313331145692
702.356244658772,-0.0486018470636089
702.478329874252,-0.0475144229335002
702.600415089733,-0.0489548924078968
702.722500305213,-0.0496925102101237
702.844585520694,-0.0483834062478292
702.966670736174,-0.0460290508489468
703.088755951654,-0.0453758088038673
703.210841167135,-0.0479096008843751
703.332926382615,-0.049380096227686
703.455011598096,-0.0477105313225529
703.577096813576,-0.0485037982685208
703.699182029056,-0.0518625286541986
703.821267244537,-0.0501107178013729
703.943352460017,-0.0443082746632572
704.065437675498,-0.0433830937686333
704.187522890978,-0.047239105550423
704.309608106458,-0.0470676096977532
704.431693321939,-0.0410936160310503
704.553778537419,-0.0376651758513878
704.6758637529,-0.0397775133273753
704.79794896838,-0.0397176357691678
704.92003418386,-0.0357337003327483
705.042119399341,-0.0357950461025777
705.164204614821,-0.0402492895206363
705.286289830302,-0.0421003758154194
705.408375045782,-0.0414003871713863
705.530460261262,-0.0414338317081529
705.652545476743,-0.0411709935270974
705.774630692223,-0.04059401931397
705.896715907704,-0.0408453892083979
706.018801123184,-0.0389689716279185
706.140886338664,-0.0329140974660309
706.262971554145,-0.0280023273489218
706.385056769625,-0.0301840004363446
706.507141985106,-0.0358020790924385
706.629227200586,-0.0374258539981292
706.751312416066,-0.0367599100093403
706.873397631547,-0.038248937968371
706.995482847027,-0.0378743195043772
707.117568062508,-0.0340338989199329
707.239653277988,-0.0336816716069718
707.361738493469,-0.037043728022737
707.483823708949,-0.0373824381238175
707.605908924429,-0.0351577585173889
707.72799413991,-0.0343937059209707
707.85007935539,-0.0358912549213131
707.972164570871,-0.0400568653180961
708.094249786351,-0.0446274577975723
708.216335001831,-0.0466651281386545
708.338420217312,-0.0484819642883574
708.460505432792,-0.0502654957556065
708.582590648273,-0.0482924712756651
708.704675863753,-0.0438918136843107
708.826761079233,-0.0392887097814121
708.948846294714,-0.0343131596393677
709.070931510194,-0.0321906797208407
709.193016725675,-0.0342247363748554
709.315101941155,-0.0376631074345423
709.437187156635,-0.0419373377980695
709.559272372116,-0.0440442441643211
709.681357587596,-0.0414169049091205
709.803442803077,-0.0400098018699399
709.925528018557,-0.041426928253256
710.047613234037,-0.0402404223949396
710.169698449518,-0.0383210012563417
710.291783664998,-0.0382745225474962
710.413868880479,-0.0377296483708498
710.535954095959,-0.0372994340135504
710.658039311439,-0.0353237591330418
710.78012452692,-0.0307935306097074
710.9022097424,-0.031242582780311
711.024294957881,-0.0358502220674594
711.146380173361,-0.035984360475576
711.268465388841,-0.0346416260311331
711.390550604322,-0.0357091060293201
711.512635819802,-0.0377631639606406
711.634721035283,-0.0434755720173568
711.756806250763,-0.0480754958568119
711.878891466243,-0.0456054174325298
712.000976681724,-0.0457936581912673
712.123061897204,-0.0499735280563317
712.245147112685,-0.0470931304714496
712.367232328165,-0.0424199769261997
712.489317543646,-0.0435153356957218
712.611402759126,-0.0449181708992435
712.733487974606,-0.047060202502011
712.855573190087,-0.0509092067558362
712.977658405567,-0.050884965382381
713.099743621048,-0.0501542780560355
713.221828836528,-0.0518162027947052
713.343914052008,-0.0513157648371743
713.465999267489,-0.0501796945038091
713.588084482969,-0.0500804760047502
713.71016969845,-0.0490557300297372
713.83225491393,-0.0503702169314767
713.95434012941,-0.0520818334868324
714.076425344891,-0.048962966834654
714.198510560371,-0.0461690280492102
714.320595775852,-0.0439132231680186
714.442680991332,-0.0361483642628686
714.564766206812,-0.0302257179845249
714.686851422293,-0.031072633742727
714.808936637773,-0.0279217771919782
714.931021853254,-0.0184592208046529
715.053107068734,-0.013040102045228
715.175192284214,-0.0136190312360955
715.297277499695,-0.0127216009395094
715.419362715175,-0.00770575239036318
715.541447930656,-0.00430495644814202
715.663533146136,-0.00551010654973917
715.785618361616,-0.00714345034872769
715.907703577097,-0.00905635687481909
716.029788792577,-0.0135588533424347
716.151874008058,-0.0156946927786007
716.273959223538,-0.0136021823506961
716.396044439018,-0.0125263121519737
716.518129654499,-0.0116416888495431
716.640214869979,-0.00864995245764347
716.76230008546,-0.00792572577880587
716.88438530094,-0.00921954445450607
717.00647051642,-0.00660618231780824
717.128555731901,-0.00100041820494146
717.250640947381,0.00248393273568028
717.372726162862,0.00352232640898142
717.494811378342,0.00355636563052801
717.616896593823,0.00223846130981515
717.738981809303,0.000735023575647594
717.861067024783,0.000455758779331034
717.983152240264,0.00042433035721437
718.105237455744,0.0025316793885709
718.227322671225,0.00890570922399648
718.349407886705,0.01363638164757
718.471493102185,0.013816790081878
718.593578317666,0.0159637176523165
718.715663533146,0.0192018533912194
718.837748748627,0.0176781675703323
718.959833964107,0.0160987129712839
719.081919179587,0.0175745209904208
719.204004395068,0.0163085732832019
719.326089610548,0.0125178983444358
719.448174826029,0.011253785246832
719.570260041509,0.0132924528963389
719.692345256989,0.01746426743476
719.81443047247,0.0210295241004661
719.93651568795,0.0223915103741099
720.058600903431,0.0236281992599399
720.180686118911,0.0244930257333823
720.302771334391,0.0248820487144431
720.424856549872,0.0265810475871928
720.546941765352,0.0259938693667644
720.669026980833,0.0226275039148065
720.791112196313,0.0227997480099324
720.913197411793,0.0237127011679314
721.035282627274,0.0206590135674774
721.157367842754,0.0193469657305007
721.279453058235,0.0197536537633529
721.401538273715,0.0180818409254722
721.523623489195,0.0213068016660777
721.645708704676,0.0291320217482495
721.767793920156,0.0307574087605362
721.889879135637,0.0294257327506094
722.011964351117,0.0322019278997223
722.134049566598,0.0330186875981302
722.256134782078,0.031282884859684
722.378219997558,0.0331513447180779
722.500305213039,0.0334523286740056
722.622390428519,0.0287607343017891
722.744475644,0.0272622819919298
722.86656085948,0.0291699589226501
722.98864607496,0.0278728932836994
723.110731290441,0.0262565022884098
723.232816505921,0.0269794734224883
723.354901721402,0.0261791062858028
723.476986936882,0.0249473201208809
723.599072152362,0.0249504093738962
723.721157367843,0.0238119659603886
723.843242583323,0.0248633309377742
723.965327798804,0.0295291080234883
724.087413014284,0.0296695391670365
724.209498229764,0.0244524383253469
724.331583445245,0.0211653866332236
724.453668660725,0.0198840413578142
724.575753876206,0.0191831291294502
724.697839091686,0.0202605344731387
724.819924307166,0.0201911013653194
724.942009522647,0.0190261782024433
725.064094738127,0.0202658094074802
725.186179953608,0.0214447315177098
725.308265169088,0.0222504087382761
725.430350384568,0.0252884438364001
725.552435600049,0.0246439159496256
725.674520815529,0.0190101923418596
725.79660603101,0.0179732362030594
725.91869124649,0.0195008052069962
726.04077646197,0.0150479733604206
726.162861677451,0.0114194832443321
726.284946892931,0.0142438051914318
726.407032108412,0.0146731177081972
726.529117323892,0.0105390694070307
726.651202539372,0.00913121533241269
726.773287754853,0.0103240015977932
726.895372970333,0.0100391484785266
727.017458185814,0.00749037356956418
727.139543401294,0.00324600522958294
727.261628616775,0.000992538816072208
727.383713832255,0.00265722266026994
727.505799047735,0.00353769098600743
727.627884263216,0.00228903989318075
727.749969478696,0.00199449273698269
727.872054694177,0.00234967989307862
727.994139909657,0.00325607672676121
728.116225125137,0.00345287315145644
728.238310340618,0.000188545267532454
728.360395556098,0.000525166771765243
728.482480771579,0.00859686131245997
728.604565987059,0.0117258525497996
728.726651202539,0.00657211982504286
728.84873641802,0.00461282953683218
728.9708216335,0.00498367738249218
729.092906848981,0.00322045394533471
729.214992064461,0.00438737787492674
729.337077279942,0.00583448798143821
729.459162495422,0.00260499772781663
729.581247710902,0.000230835207292808
729.703332926383,0.000269331773278133
729.825418141863,-9.19014786519883e-05
729.947503357343,0.00108955427566831
730.069588572824,0.00222964244263301
730.191673788304,9.67940103427841e-05
730.313759003785,-0.00353046212930921
730.435844219265,-0.00749886514688696
730.557929434746,-0.0096820757624293
730.680014650226,-0.00683159846776766
730.802099865706,-0.00153972612033427
730.924185081187,0.00191254484850246
731.046270296667,0.00173697571696637
731.168355512147,-0.00014765811594893
731.290440727628,0.00261250775622518
731.412525943108,0.00775206919110878
731.534611158589,0.0061587861028318
731.656696374069,0.0025731211856631
731.77878158955,0.00447298576080055
731.90086680503,0.00564564657348953
732.02295202051,0.00395679920283345
732.145037235991,0.00543774593837441
732.267122451471,0.00864243119990036
732.389207666952,0.00873949680686925
732.511292882432,0.00629793270155291
732.633378097912,0.00546664082711807
732.755463313393,0.00726276663414982
732.877548528873,0.00543197291875588
732.999633744354,-7.54149982234499e-05
733.121718959834,0.000476836943176236
733.243804175314,0.00519296308401532
733.365889390795,0.00507193248857649
733.487974606275,0.00253692814355286
733.610059821756,-0.000680246816787568
733.732145037236,-0.00695451312274361
733.854230252716,-0.0107084024693471
733.976315468197,-0.00916212258934792
734.098400683677,-0.00703909664464697
734.220485899158,-0.00525684715798764
734.342571114638,-0.00424341952916797
734.464656330119,-0.00484266883300271
734.586741545599,-0.00304428009010728
734.708826761079,0.00178810918593535
734.83091197656,0.00483243202591373
734.95299719204,0.00495889583879221
735.07508240752,0.00560623479209028
735.197167623001,0.00913192791161164
735.319252838481,0.0122475236432966
735.441338053962,0.0111710851687769
735.563423269442,0.00956027174766036
735.685508484923,0.0103305200618778
735.807593700403,0.0106986867785025
735.929678915883,0.0102858973333944
736.051764131364,0.00911297669211935
736.173849346844,0.00682111040293048
736.295934562324,0.0068430882417673
736.418019777805,0.00793616721984243
736.540104993285,0.00597037042284682
736.662190208766,0.00327559966157127
736.784275424246,0.000274748980114796
736.906360639727,-0.00350014994817326
737.028445855207,-0.00351670633704456
737.150531070687,-0.00266400006177553
737.272616286168,-0.00526085684968473
737.394701501648,-0.00447855324645159
737.516786717129,0.000808483245009286
737.638871932609,0.00385251904678037
737.760957148089,0.00568374925351084
737.88304236357,0.00816579976441349
738.00512757905,0.00938860492439171
738.127212794531,0.00954235723686544
738.249298010011,0.00896494344619888
738.371383225491,0.00999166033779214
738.493468440972,0.0128772488755416
738.615553656452,0.0122908613617853
738.737638871933,0.0113325853183717
738.859724087413,0.0139171414773627
738.981809302894,0.0123725501142586
739.103894518374,0.00923924732637046
739.225979733854,0.0124194922498914
739.348064949335,0.0129440981255867
739.470150164815,0.00891049534219909
739.592235380296,0.009841344968937
739.714320595776,0.0105141828755987
739.836405811256,0.00851341074606635
739.958491026737,0.0119748606758462
740.080576242217,0.0152825838076731
740.202661457697,0.0141638744031599
740.324746673178,0.016287071598653
740.446831888658,0.018445750628311
740.568917104139,0.0159769208535029
740.691002319619,0.0141500564980108
740.8130875351,0.0118518653026115
740.93517275058,0.00865359484677945
741.05725796606,0.0110607677651302
741.179343181541,0.0156275697214669
741.301428397021,0.0159556119052871
741.423513612502,0.0148063325022656
741.545598827982,0.0140368803305547
741.667684043462,0.0137010045260329
741.789769258943,0.0149243937547596
741.911854474423,0.0156155086718674
742.033939689904,0.0160463539812651
742.156024905384,0.0185453772597199
742.278110120864,0.0185819388049372
742.400195336345,0.0130696184284356
742.522280551825,0.00901838509254144
742.644365767306,0.0114291355505987
742.766450982786,0.0144378541894522
742.888536198266,0.0122284100987777
743.010621413747,0.00888524835484848
743.132706629227,0.00945549419931238
743.254791844708,0.0108769128103345
743.376877060188,0.00997783306572452
743.498962275668,0.00898446820510602
743.621047491149,0.00951907791873912
743.743132706629,0.0110882132281644
743.86521792211,0.0133048233083587
743.98730313759,0.0157759530001282
744.109388353071,0.0177764179016119
744.231473568551,0.0178229663537478
744.353558784031,0.0173066553785109
744.475643999512,0.0206991272648965
744.597729214992,0.0263901921003257
744.719814430473,0.029391113328304
744.841899645953,0.0309883376703229
744.963984861433,0.0321965576223275
745.086070076914,0.0314213528904999
745.208155292394,0.0315080709940893
745.330240507875,0.0329416575210149
745.452325723355,0.0324792183556083
745.574410938835,0.0331126683832966
745.696496154316,0.0367379690463483
745.818581369796,0.0392436182122544
745.940666585277,0.0427459635560724
746.062751800757,0.0507612742955645
746.184837016237,0.0570946523253711
746.306922231718,0.0581626566389379
746.429007447198,0.0590649083645728
746.551092662679,0.0600333553209293
746.673177878159,0.0572107822149097
746.795263093639,0.0535840019799937
746.91734830912,0.0523632306790922
747.0394335246,0.0505701287138045
747.161518740081,0.0484662068567945
747.283603955561,0.0485959731493887
747.405689171041,0.0469017983255404
747.527774386522,0.0425699471422321
747.649859602002,0.0424545002208285
747.771944817483,0.0446213660081635
747.894030032963,0.0404860914762112
748.016115248443,0.0326042330312813
748.138200463924,0.0294365455785844
748.260285679404,0.031640225553641
748.382370894885,0.0340866947564615
748.504456110365,0.0337342076978495
748.626541325845,0.0325239378964114
748.748626541326,0.0322195368289737
748.870711756806,0.0313108763664737
748.992796972287,0.030294999580877
749.114882187767,0.0295392171881173
749.236967403248,0.0264446270862323
749.359052618728,0.0229504281500004
749.481137834208,0.0220681874239817
749.603223049689,0.0215241577081052
749.725308265169,0.0216283857727035
749.84739348065,0.0239239095807317
749.96947869613,0.0263938177823562
750.09156391161,0.0295229753202834
750.213649127091,0.0310526057046686
750.335734342571,0.02585868038357
750.457819558052,0.0202995763549595
750.579904773532,0.0209474378300199
750.701989989012,0.0215721038174772
750.824075204493,0.0196333122984238
750.946160419973,0.01862667944781
751.068245635454,0.0179720210626653
751.190330850934,0.0179177731960294
751.312416066414,0.0170411966979802
751.434501281895,0.0124746837035113
751.556586497375,0.0100111166581582
751.678671712856,0.0128681858934048
751.800756928336,0.0155841958108728
751.922842143816,0.0176134536033301
752.044927359297,0.0187690157495265
752.167012574777,0.0169392036839007
752.289097790258,0.0174342643166499
752.411183005738,0.0205258568290385
752.533268221218,0.0201238549654876
752.655353436699,0.0205164743222185
752.777438652179,0.0240424918508132
752.89952386766,0.0239675444164121
753.02160908314,0.0226924582439184
753.14369429862,0.0249807189557872
753.265779514101,0.0259616641240428
753.387864729581,0.0236774492486437
753.509949945062,0.0214569908164008
753.632035160542,0.020550390890355
753.754120376023,0.020771957294892
753.876205591503,0.0207150133704501
753.998290806983,0.0202036850247555
754.120376022464,0.0189565504797238
754.242461237944,0.0139910775874843
754.364546453425,0.00957697229033204
754.486631668905,0.0113285425071988
754.608716884385,0.0119259575478165
754.730802099866,0.00968649312093492
754.852887315346,0.0137620360532274
754.974972530827,0.0183927787148596
755.097057746307,0.0143850745757192
755.219142961787,0.0107534849507169
755.341228177268,0.0143637367821086
755.463313392748,0.0209005870423606
755.585398608229,0.0280778335273249
755.707483823709,0.031666114027837
755.829569039189,0.0275492636224182
755.95165425467,0.0221238822987259
756.07373947015,0.0212950504211301
756.195824685631,0.0216834826059017
756.317909901111,0.0201712742899857
756.439995116591,0.0183522515596144
756.562080332072,0.0175347115165377
756.684165547552,0.0161573190171953
756.806250763033,0.014301854209706
756.928335978513,0.0151622905994465
757.050421193993,0.0171839418879473
757.172506409474,0.0172058587309464
757.294591624954,0.0193856736640467
757.416676840435,0.0246877949303987
757.538762055915,0.0269901401627986
757.660847271395,0.0268927197260528
757.782932486876,0.027667354353862
757.905017702356,0.0272060194523096
758.027102917837,0.02587748463974
758.149188133317,0.0243978569773431
758.271273348797,0.0211322990173456
758.393358564278,0.0191956759696267
758.515443779758,0.0186433774838588
758.637528995239,0.0147370965852135
758.759614210719,0.0116665519561182
758.8816994262,0.0126055568859518
759.00378464168,0.0108360248509675
759.12586985716,0.00763924857087288
759.247955072641,0.00983371332050115
759.370040288121,0.0150549895289275
759.492125503602,0.0207033362304588
759.614210719082,0.0251515152185914
759.736295934562,0.0234909487346158
759.858381150043,0.0206963128210231
759.980466365523,0.0246173060942172
760.102551581004,0.0289898563090398
760.224636796484,0.0292817546362675
760.346722011964,0.0310068917761177
760.468807227445,0.033013419924196
760.590892442925,0.0311551874999245
760.712977658406,0.0291481646696831
760.835062873886,0.0301888156104399
760.957148089366,0.0329265336074736
761.079233304847,0.0355124646614073
761.201318520327,0.036435759377139
761.323403735808,0.0359083097905641
761.445488951288,0.033946770952216
761.567574166768,0.0298587177711314
761.689659382249,0.0264272965163519
761.811744597729,0.0252516734594319
761.93382981321,0.0238526475982603
762.05591502869,0.0231714697063716
762.17800024417,0.0251006276212021
762.300085459651,0.0266864849855331
762.422170675131,0.0261243980510602
762.544255890612,0.02508380697364
762.666341106092,0.0245520737487323
762.788426321572,0.0234573899373806
762.910511537053,0.0206071168617152
763.032596752533,0.0196849948695733
763.154681968014,0.0234486986713301
763.276767183494,0.0245272855458297
763.398852398974,0.0200262149240137
763.520937614455,0.018251210532589
763.643022829935,0.0184629899605314
763.765108045416,0.0144064751563813
763.887193260896,0.0102803417929991
764.009278476377,0.00841894544278144
764.131363691857,0.00606420596408969
764.253448907337,0.00475503853898647
764.375534122818,0.00221821311897384
764.497619338298,-0.0030737615398059
764.619704553779,-0.00420886581315489
764.741789769259,-0.00343400952685597
764.863874984739,-0.00729738021684398
764.98596020022,-0.008909150054187
765.1080454157,-0.00654886721261035
765.230130631181,-0.00796390026260264
765.352215846661,-0.00885267198684096
765.474301062141,-0.0045646986637109
765.596386277622,-0.00217952971647225
765.718471493102,-0.00280976689538423
765.840556708583,-0.0022624801053334
765.962641924063,-0.00228379496473045
766.084727139543,-0.0034499358879132
766.206812355024,-0.00365860724103651
766.328897570504,-0.00311452166651658
766.450982785985,-0.00203597183743455
766.573068001465,-0.000574285075366407
766.695153216945,0.000807936067360928
766.817238432426,0.00163663440067875
766.939323647906,0.000293544437264916
767.061408863387,-0.00192934489164978
767.183494078867,-0.00204427803634283
767.305579294348,-0.00155221494889655
767.427664509828,-0.00119019049183362
767.549749725308,0.000439737047317042
767.671834940789,0.000284266261282445
767.793920156269,-0.00288554419187145
767.91600537175,-0.00518567870912559
768.03809058723,-0.00610398853143072
768.16017580271,-0.00596250374153357
768.282261018191,-0.00317434186697501
768.404346233671,-0.000883930159812396
768.526431449152,-0.00192280318391951
768.648516664632,-0.00303849113528246
768.770601880112,-0.00322987504883878
768.892687095593,-0.00465869600576506
769.014772311073,-0.00614494062505013
769.136857526554,-0.00619256314975869
769.258942742034,-0.00494397595238373
769.381027957514,-0.00121653683554609
769.503113172995,0.0032916616675161
769.625198388475,0.00287938286071304
769.747283603956,-0.00153918689955733
769.869368819436,-0.00244417941745712
769.991454034916,-0.000260316442614045
770.113539250397,-0.00194101694699254
770.235624465877,-0.00711027610761227
770.357709681358,-0.011452611732209
770.479794896838,-0.0142896727336936
770.601880112318,-0.014991169608037
770.723965327799,-0.0149480324054485
770.846050543279,-0.017300257766648
770.96813575876,-0.0186501853528242
771.09022097424,-0.0166068978103983
771.212306189721,-0.0160464166537882
771.334391405201,-0.0163604775842157
771.456476620681,-0.0148388082091176
771.578561836162,-0.016844720558585
771.700647051642,-0.0213028437950773
771.822732267122,-0.0193697537141555
771.944817482603,-0.0132652814846092
772.066902698083,-0.0100925760054293
772.188987913564,-0.00951605111692666
772.311073129044,-0.0108294216868402
772.433158344525,-0.0136709285270031
772.555243560005,-0.0155663027732872
772.677328775485,-0.0165616556183677
772.799413990966,-0.0160524579735798
772.921499206446,-0.0143646002715313
773.043584421927,-0.0180302287969417
773.165669637407,-0.0258821301797389
773.287754852887,-0.0273016132643842
773.409840068368,-0.0245960182035822
773.531925283848,-0.0273967329598603
773.654010499329,-0.0307804726312599
773.776095714809,-0.0269026498136687
773.898180930289,-0.0204366060111205
774.02026614577,-0.0182327242097188
774.14235136125,-0.021177759109935
774.264436576731,-0.025770281225443
774.386521792211,-0.0273921634047705
774.508607007691,-0.0275937133306023
774.630692223172,-0.0300938652116234
774.752777438652,-0.0301864479516918
774.874862654133,-0.0250330727053946
774.996947869613,-0.0229979554892868
775.119033085093,-0.0272491445542045
775.241118300574,-0.0296998544340163
775.363203516054,-0.027981603129093
775.485288731535,-0.0273778828318964
775.607373947015,-0.028718613231017
775.729459162496,-0.0303706034714811
775.851544377976,-0.0331005190649481
775.973629593456,-0.035402919337407
776.095714808937,-0.0356857736614899
776.217800024417,-0.0373504168736521
776.339885239898,-0.0408291218695602
776.461970455378,-0.0410725445811832
776.584055670858,-0.0391667958795907
776.706140886339,-0.0404005173198313
776.828226101819,-0.0432220382767442
776.9503113173,-0.0445941163926064
777.07239653278,-0.0454487327063087
777.19448174826,-0.0462238655579883
777.316566963741,-0.0475389526491636
777.438652179221,-0.0476150026292516
777.560737394702,-0.0424023725962876
777.682822610182,-0.0389234335961245
777.804907825662,-0.0446843461808909
777.926993041143,-0.0476143972017673
778.049078256623,-0.0409092766381343
778.171163472104,-0.0388989403142267
778.293248687584,-0.0448843949717283
778.415333903064,-0.0480063011316172
778.537419118545,-0.048637204232475
778.659504334025,-0.0510994252765856
778.781589549506,-0.0546629588546904
778.903674764986,-0.0584966449229274
779.025759980466,-0.0580676942016052
779.147845195947,-0.0547267808617538
779.269930411427,-0.0578494651265648
779.392015626908,-0.062027150515377
779.514100842388,-0.0590800129901196
779.636186057868,-0.0589460373134424
779.758271273349,-0.0631846604825185
779.880356488829,-0.0613835892445915
780.00244170431,-0.0590701382149466
780.12452691979,-0.0622542307390592
780.24661213527,-0.0636210203942284
780.368697350751,-0.0638034860976749
780.490782566231,-0.0663208859133127
780.612867781712,-0.0669343630624893
780.734952997192,-0.0677241255474181
780.857038212673,-0.0705079009223529
780.979123428153,-0.0693519798115894
781.101208643633,-0.0676090302814707
781.223293859114,-0.0701234376014523
781.345379074594,-0.0688248063853902
781.467464290075,-0.0628632793913691
781.589549505555,-0.0615453199186723
781.711634721035,-0.0613773572796441
781.833719936516,-0.0545203988348251
781.955805151996,-0.0477035188843038
782.077890367477,-0.0489748771882156
782.199975582957,-0.0521758341125736
782.322060798437,-0.0470907296537946
782.444146013918,-0.0366017790002369
782.566231229398,-0.0335804884912849
782.688316444879,-0.0386475211306388
782.810401660359,-0.0386806611665896
782.932486875839,-0.0326340551109578
783.05457209132,-0.0306217182087452
783.1766573068,-0.0303502546674168
783.298742522281,-0.02622100928164
783.420827737761,-0.0234166535066981
783.542912953241,-0.0218854523579928
783.664998168722,-0.0168104177756318
783.787083384202,-0.0138744675195313
783.909168599683,-0.0162701286889537
784.031253815163,-0.0181427070114938
784.153339030643,-0.0194001333189627
784.275424246124,-0.0211367694204829
784.397509461604,-0.0204615751316054
784.519594677085,-0.0200358856205741
784.641679892565,-0.021096182550501
784.763765108045,-0.0195533245252684
784.885850323526,-0.0176654621594198
785.007935539006,-0.0179489556774934
785.130020754487,-0.0169251857084114
785.252105969967,-0.0147264066945967
785.374191185447,-0.013486344199043
785.496276400928,-0.0149712097070365
785.618361616408,-0.0216243232943081
785.740446831889,-0.0266446926841871
785.862532047369,-0.0227075884243431
785.98461726285,-0.0181995149793291
786.10670247833,-0.0197641957313223
786.22878769381,-0.0208368200957867
786.350872909291,-0.0178410750388661
786.472958124771,-0.0137670744372135
786.595043340252,-0.0123001312784716
786.717128555732,-0.0141563796198174
786.839213771212,-0.0134259304063009
786.961298986693,-0.00902044550992799
787.083384202173,-0.00719930101085841
787.205469417654,-0.00573581458811668
787.327554633134,-0.00215491526300601
787.449639848614,-0.00186169764907758
787.571725064095,-0.00161864568902313
787.693810279575,0.00259202363548785
787.815895495056,0.00356380218023111
787.937980710536,0.00185336030169978
788.060065926016,0.0032160115513368
788.182151141497,0.00243257977188965
788.304236356977,-0.00237081486612711
788.426321572458,-0.00541636112947704
788.548406787938,-0.00618051504443072
788.670492003418,-0.00554848472394412
788.792577218899,-0.00492240593523828
788.914662434379,-0.0079441513347009
789.03674764986,-0.0120604280754412
789.15883286534,-0.0145715642065515
789.28091808082,-0.0179762147523043
789.403003296301,-0.0196784610301048
789.525088511781,-0.0181705092511197
789.647173727262,-0.0192399052726664
789.769258942742,-0.0211905238437223
789.891344158222,-0.0175026992096098
790.013429373703,-0.0118092437332973
790.135514589183,-0.0101686741605744
790.257599804664,-0.0109982517732216
790.379685020144,-0.0099154584801694
790.501770235625,-0.00568889981932183
790.623855451105,-0.00178876606676899
790.745940666585,-0.00128349736473143
790.868025882066,-0.00228421952913027
790.990111097546,-0.00337387794026439
791.112196313027,-0.00557752640200245
791.234281528507,-0.00778468011793707
791.356366743987,-0.00885821488085306
791.478451959468,-0.00971991369879888
791.600537174948,-0.0102945906018068
791.722622390429,-0.0109861362037268
791.844707605909,-0.0137139145570897
791.966792821389,-0.0168982439783262
792.08887803687,-0.0165942274561228
792.21096325235,-0.0137960167741612
792.333048467831,-0.0121862642368737
792.455133683311,-0.011392339555793
792.577218898791,-0.0106612879355768
792.699304114272,-0.0113965321237142
792.821389329752,-0.0110547940768567
792.943474545233,-0.00677069032873772
793.065559760713,-0.00269876477935336
793.187644976193,-0.00202588166385822
793.309730191674,-0.00211357636978091
793.431815407154,-0.00187161118346338
793.553900622635,-0.00141165733075672
793.675985838115,-0.000489820213950717
793.798071053595,-0.00230257052657255
793.920156269076,-0.00596746862162102
794.042241484556,-0.00347276142623531
794.164326700037,0.00379428816640495
794.286411915517,0.00484809000567945
794.408497130997,0.000293035070618313
794.530582346478,-0.000275116988340216
794.652667561958,0.00248435060953429
794.774752777439,0.00310586041602278
794.896837992919,0.00303764465060073
795.018923208399,0.00227562231678308
795.14100842388,-0.00206615730755172
795.26309363936,-0.00638367088904067
795.385178854841,-0.00811402374107797
795.507264070321,-0.0108465816247943
795.629349285802,-0.0126268478302248
795.751434501282,-0.0103171832844587
795.873519716762,-0.00965577632127918
795.995604932243,-0.0122673966541094
796.117690147723,-0.0120505419426545
796.239775363204,-0.0102198901099123
796.361860578684,-0.011157939016748
796.483945794164,-0.0115375404097125
796.606031009645,-0.00935650204936751
796.728116225125,-0.00930832833114673
796.850201440606,-0.0128020376180237
796.972286656086,-0.0152948057035504
797.094371871566,-0.0144212668533349
797.216457087047,-0.0117419175433487
797.338542302527,-0.00884114958545703
797.460627518008,-0.00822452248071207
797.582712733488,-0.0100677039386673
797.704797948968,-0.00828246619812863
797.826883164449,-0.00353830044166816
797.948968379929,-0.00478736132689874
798.07105359541,-0.00811673340071619
798.19313881089,-0.00512550725075529
798.31522402637,-0.00321198076781974
798.437309241851,-0.00620792972989558
798.559394457331,-0.00610997633277608
798.681479672812,-0.00408888308290391
798.803564888292,-0.0037796670163833
798.925650103773,-0.00183955953052922
799.047735319253,-0.000466249587808545
799.169820534733,-0.000801447206221532
799.291905750214,0.00166592791903548
799.413990965694,0.00311735329173212
799.536076181174,0.00013743641830079
799.658161396655,-0.00169516829270829
799.780246612135,-0.0026092408323225
799.902331827616,-0.00732984331744324
800.024417043096,-0.0139466834021329
800.146502258576,-0.0178614529331034
800.268587474057,-0.0179278448258232
800.390672689537,-0.0179097499094158
800.512757905018,-0.0188706412718148
800.634843120498,-0.0161249896232909
800.756928335979,-0.0132636352719227
800.879013551459,-0.016115939789952
801.001098766939,-0.01811612596135
801.12318398242,-0.0172123532351258
801.2452691979,-0.0178401402124067
801.367354413381,-0.0153283546975426
801.489439628861,-0.0111169881954076
801.611524844341,-0.0126027897126095
801.733610059822,-0.0138204155963801
801.855695275302,-0.011521665170321
801.977780490783,-0.0098494872100435
802.099865706263,-0.00522985622080674
802.221950921743,-4.64976214023655e-06
802.344036137224,0.00122866991601556
802.466121352704,0.0066014105264853
802.588206568185,0.0144419454095518
802.710291783665,0.0157002491480512
802.832376999145,0.015653302582039
802.954462214626,0.0153363090845544
803.076547430106,0.0119465154890883
803.198632645587,0.0134966986530188
803.320717861067,0.0158263638913599
803.442803076547,0.00978748982531849
803.564888292028,0.00618613797596749
803.686973507508,0.0098657648255799
803.809058722989,0.0121208946849616
803.931143938469,0.0133914941861133
804.05322915395,0.0136216390570927
804.17531436943,0.0103961536835113
804.29739958491,0.0099433008538027
804.419484800391,0.0131171035239115
804.541570015871,0.0154370790368043
804.663655231351,0.0168875629516026
804.785740446832,0.0152910667576125
804.907825662312,0.0128939797222441
805.029910877793,0.0151709044484941
805.151996093273,0.015732977425804
805.274081308754,0.0111170517145474
805.396166524234,0.00780182946910755
805.518251739714,0.00601687621324095
805.640336955195,0.00761704935146697
805.762422170675,0.0158868729967751
805.884507386156,0.0206537648129996
806.006592601636,0.0172837822030302
806.128677817116,0.0157896337718838
806.250763032597,0.0183794751832344
806.372848248077,0.0200538513719955
806.494933463558,0.019606484898055
806.617018679038,0.0176385543255466
806.739103894518,0.01632263617455
806.861189109999,0.0143381760474075
806.983274325479,0.00981639426574677
807.10535954096,0.00930807385036801
807.22744475644,0.0119502236371719
807.34952997192,0.00823350262665631
807.471615187401,0.00431008374464103
807.593700402881,0.00857105257913503
807.715785618362,0.0120775765159437
807.837870833842,0.0101046959562953
807.959956049322,0.00839118224069189
808.082041264803,0.00700088711191958
808.204126480283,0.00502041112524853
808.326211695764,0.00483859052665975
808.448296911244,0.00537299252634854
808.570382126724,0.00497477127250354
808.692467342205,0.0043302768063078
808.814552557685,0.00390239907387457
808.936637773166,0.0036579702033592
809.058722988646,0.00264659156704553
809.180808204127,0.000218486194982
809.302893419607,-0.0018436447077126
809.424978635087,-0.00127148288878913
809.547063850568,0.000796027426015831
809.669149066048,-0.000220623288185311
809.791234281529,-0.00442523679143826
809.913319497009,-0.00615554308101731
810.035404712489,-0.00536789692886672
810.15748992797,-0.00462726468912742
810.27957514345,-0.000648409615172892
810.401660358931,0.00474794196538061
810.523745574411,0.0066201884051528
810.645830789891,0.0102202146947116
810.767916005372,0.0166587401770668
810.890001220852,0.0173818437174319
811.012086436333,0.0137484368015232
811.134171651813,0.0118191718749146
811.256256867293,0.0106815732478029
811.378342082774,0.0122927290132276
811.500427298254,0.0173131664152613
811.622512513735,0.0181489422972147
811.744597729215,0.0142490393678267
811.866682944695,0.0137996640414675
811.988768160176,0.0177349615949755
812.110853375656,0.0196386215636523
812.232938591137,0.0174676366561882
812.355023806617,0.0161641305485194
812.477109022098,0.0170765088961958
812.599194237578,0.0141066774913478
812.721279453058,0.00737410028396899
812.843364668539,0.00318183809845406
812.965449884019,0.000105028386460615
813.0875350995,-0.00315784779003904
813.20962031498,-0.000965918535813372
813.33170553046,0.00457447185535829
813.453790745941,0.0056664719514766
813.575875961421,0.00412249272727038
813.697961176902,0.00558293749292068
813.820046392382,0.00819723319766208
813.942131607862,0.0067984287199228
814.064216823343,0.00291524071575797
814.186302038823,0.0030960489950047
814.308387254304,0.00616196642350031
814.430472469784,0.00650026894846269
814.552557685264,0.00691773639616978
814.674642900745,0.00881400978424352
814.796728116225,0.00702266402172726
814.918813331706,0.00525976576980596
815.040898547186,0.00876349697634841
815.162983762666,0.0111734141711776
815.285068978147,0.0110824383115407
815.407154193627,0.0145259278062902
815.529239409108,0.0178213170294622
815.651324624588,0.0164634888507947
815.773409840068,0.0160730832667709
815.895495055549,0.0196047952189012
816.017580271029,0.0237279179946252
816.13966548651,0.0267509517659751
816.26175070199,0.0276252295239533
816.38383591747,0.0257389244981901
816.505921132951,0.0239142161181816
816.628006348431,0.0244199466527069
816.750091563912,0.0253592338991235
816.872176779392,0.0249951838962598
816.994261994872,0.0251891202829991
817.116347210353,0.0268195129085611
817.238432425833,0.0270672590400967
817.360517641314,0.0253666879384768
817.482602856794,0.0248086931325827
817.604688072275,0.0261571084073666
817.726773287755,0.0281524100880591
817.848858503235,0.0307159068934836
817.970943718716,0.0331383124692444
818.093028934196,0.0338267051463143
818.215114149677,0.0329262718872109
818.337199365157,0.0327222744904462
818.459284580637,0.0341329677499281
818.581369796118,0.0342860511319148
818.703455011598,0.0329034211566169
818.825540227079,0.0344225636203238
818.947625442559,0.0377538489982631
819.069710658039,0.0386886967200893
819.19179587352,0.0392310712676355
819.313881089,0.0392925292084687
819.435966304481,0.0371546259408418
819.558051519961,0.0386974643290313
819.680136735441,0.042720475225776
819.802221950922,0.0403281437553641
819.924307166402,0.0372568291530907
820.046392381883,0.0400735501163991
820.168477597363,0.040996287654558
820.290562812843,0.0405136031903969
820.412648028324,0.0437537796775904
820.534733243804,0.0439760271780111
820.656818459285,0.0425300825067452
820.778903674765,0.0466363517515097
820.900988890245,0.0488818479647023
821.023074105726,0.0462059923454356
821.145159321206,0.0449178205599933
821.267244536687,0.0423132287312617
821.389329752167,0.040136202149776
821.511414967647,0.0444370417389967
821.633500183128,0.0466334727845684
821.755585398608,0.0440270274573034
821.877670614089,0.0456191954036825
821.999755829569,0.0459934741485742
822.12184104505,0.0396431600798373
822.24392626053,0.0357036244488125
822.36601147601,0.0351524297891838
822.488096691491,0.0326271743319709
822.610181906971,0.0301460690944282
822.732267122452,0.0280055495307689
822.854352337932,0.0248345865018252
822.976437553412,0.0208469507129196
823.098522768893,0.0162366136867143
823.220607984373,0.0167541139494164
823.342693199854,0.0217768554376037
823.464778415334,0.0199967829092418
823.586863630814,0.0157634911831751
823.708948846295,0.0201669947088044
823.831034061775,0.0252001470338773
823.953119277256,0.0257898619280611
824.075204492736,0.029434369023612
824.197289708216,0.0343839798413862
824.319374923697,0.0364087264048807
824.441460139177,0.0366855215533196
824.563545354658,0.0343621197112019
824.685630570138,0.0341905096036595
824.807715785618,0.0403021994759126
824.929801001099,0.0448017310828323
825.051886216579,0.045188645764892
825.17397143206,0.0453846884181996
825.29605664754,0.0423416430006217
825.41814186302,0.03849925188981
825.540227078501,0.0402947530052226
825.662312293981,0.0427100449747861
825.784397509462,0.0419754712682304
825.906482724942,0.0417384073583833
826.028567940422,0.0412841610264624
826.150653155903,0.0392290379429506
826.272738371383,0.0366455949305876
826.394823586864,0.0339583592945931
826.516908802344,0.0333464627487995
826.638994017824,0.0331237868858861
826.761079233305,0.029115745027023
826.883164448785,0.0252734713301542
827.005249664266,0.0230872249143717
827.127334879746,0.0168795134229941
827.249420095227,0.009820612616848
827.371505310707,0.00731513642006071
827.493590526187,0.00523255987128165
827.615675741668,0.00264307402665856
827.737760957148,0.00268606320679637
827.859846172629,0.00255099548612397
827.981931388109,0.000172809416169608
828.104016603589,-0.00306466937711917
828.22610181907,-0.00688327728485638
828.34818703455,-0.00887501659720093
828.470272250031,-0.00745438903351816
828.592357465511,-0.00555913263462946
828.714442680991,-0.00357379265207573
828.836527896472,-0.00106456665980618
828.958613111952,-0.00152363312695902
829.080698327433,-0.00399499705498056
829.202783542913,-0.00426419686721865
829.324868758393,-0.0045290775541922
829.446953973874,-0.00609353548155311
829.569039189354,-0.00598147894948054
829.691124404835,-0.00751257095393934
829.813209620315,-0.0126546343063334
829.935294835795,-0.013256057294487
830.057380051276,-0.00843933468447817
830.179465266756,-0.00662647868056586
830.301550482237,-0.00652595284900156
830.423635697717,-0.00431753220931061
830.545720913197,-0.00484609346153277
830.667806128678,-0.0085903820044261
830.789891344158,-0.0116561363188327
830.911976559639,-0.0151543048362472
831.034061775119,-0.0181686325402188
831.156146990599,-0.0193435203731185
831.27823220608,-0.0221367102632895
831.40031742156,-0.0245470861966161
831.522402637041,-0.0229863119202728
831.644487852521,-0.0222673765723591
831.766573068001,-0.0242902896648843
831.888658283482,-0.0263549772499812
832.010743498962,-0.0303813301422959
832.132828714443,-0.0352894462655319
832.254913929923,-0.0367701474363599
832.376999145404,-0.0365672542945554
832.499084360884,-0.0356286494410497
832.621169576364,-0.0326275173604803
832.743254791845,-0.0305359661113167
832.865340007325,-0.0289882702059536
832.987425222806,-0.0246807653903151
833.109510438286,-0.0209659907236025
833.231595653766,-0.0197814945593389
833.353680869247,-0.018098440318597
833.475766084727,-0.0178294061742495
833.597851300208,-0.0206866031617536
833.719936515688,-0.0228924257200555
833.842021731168,-0.0239755853193087
833.964106946649,-0.0242032679877358
834.086192162129,-0.0207352221859381
834.20827737761,-0.018109949027501
834.33036259309,-0.0227632924281263
834.45244780857,-0.0287600293085553
834.574533024051,-0.0300003184267759
834.696618239531,-0.0299879236617356
834.818703455012,-0.0292254332018433
834.940788670492,-0.0273503825003865
835.062873885972,-0.0299160350003598
835.184959101453,-0.0348172106280593
835.307044316933,-0.035400137610769
835.429129532414,-0.035704383532194
835.551214747894,-0.0373063769734606
835.673299963375,-0.034020965844391
835.795385178855,-0.0299514689843832
835.917470394335,-0.0318097057631972
836.039555609816,-0.034738622300547
836.161640825296,-0.0349083532341843
836.283726040776,-0.033800060431609
836.405811256257,-0.0315138862052323
836.527896471737,-0.0297765757449835
836.649981687218,-0.0296183731388251
836.772066902698,-0.0300097623089355
836.894152118179,-0.0325300379426032
837.016237333659,-0.035224255299341
837.138322549139,-0.0337382263515179
837.26040776462,-0.0307724821329556
837.3824929801,-0.028160650908552
837.504578195581,-0.0238512326473608
837.626663411061,-0.0208515853151083
837.748748626541,-0.0210978102536644
837.870833842022,-0.0216715358759469
837.992919057502,-0.0218416871237165
838.115004272983,-0.0207039014402671
838.237089488463,-0.0176019541399119
838.359174703943,-0.0151771903186994
838.481259919424,-0.0129964575619035
838.603345134904,-0.00953460372340428
838.725430350385,-0.00613235195819839
838.847515565865,-0.00243797246496431
838.969600781345,-0.000493027218126315
839.091685996826,-0.00308346460028707
839.213771212306,-0.00429188042931218
839.335856427787,-0.00115276851572335
839.457941643267,6.43391777074736e-05
839.580026858747,-0.000675102067886904
839.702112074228,0.000198238111223634
839.824197289708,-0.000537699125090534
839.946282505189,-0.00393586810847764
840.068367720669,-0.0055769615937523
840.190452936149,-0.0039776044485947
840.31253815163,-0.0017105514246348
840.43462336711,-0.000262768771574604
840.556708582591,0.0024188202863558
840.678793798071,0.00675965414250385
840.800879013552,0.0101821504921798
840.922964229032,0.0129470328575857
841.045049444512,0.0138607245385272
841.167134659993,0.0113465078647958
841.289219875473,0.0122783233390135
841.411305090953,0.0160739456574512
841.533390306434,0.0117628869669845
841.655475521914,0.00607035381934738
841.777560737395,0.0100727033216882
841.899645952875,0.013830903541982
842.021731168356,0.0133267713667181
842.143816383836,0.0165691604431689
842.265901599316,0.0178055523044531
842.387986814797,0.0131016203128151
842.510072030277,0.011369277348953
842.632157245758,0.0121756319741253
842.754242461238,0.010942390561096
842.876327676718,0.0102014034432353
842.998412892199,0.00867833087952278
843.120498107679,0.00499792559848955
843.24258332316,0.00254712044245307
843.36466853864,0.000548124978720133
843.48675375412,-0.00175317934374627
843.608838969601,-0.00147151679015546
843.730924185081,-0.000115394853108795
843.853009400562,-0.000518075299409013
843.975094616042,-0.000198115979837191
844.097179831523,0.00298746366619522
844.219265047003,0.00520171422659364
844.341350262483,0.00385677147753814
844.463435477964,0.00399182060384276
844.585520693444,0.00613886487071333
844.707605908924,0.00355458526952551
844.829691124405,0.000363526762359882
844.951776339885,0.00314561011413499
845.073861555366,0.00433487128158585
845.195946770846,0.00233658884188779
845.318031986326,0.00470422591345779
845.440117201807,0.00728473924044835
845.562202417287,0.00756930899573045
845.684287632768,0.0111839062737032
845.806372848248,0.0130494676546454
845.928458063729,0.0106402971239062
846.050543279209,0.012740362061835
846.172628494689,0.0169262012415199
846.29471371017,0.0170937474996256
846.41679892565,0.0183329860607668
846.53888414113,0.0199955849465922
846.660969356611,0.0163608670503332
846.783054572091,0.0122648803676944
846.905139787572,0.0136226705184528
847.027225003052,0.0178926174378871
847.149310218533,0.0206849843538833
847.271395434013,0.0202918235677518
847.393480649493,0.0175069138018176
847.515565864974,0.0152569685101904
847.637651080454,0.0172507904351214
847.759736295935,0.0219420852522241
847.881821511415,0.0231782033597318
848.003906726895,0.023730624483468
848.125991942376,0.0284779595542473
848.248077157856,0.0287002355550304
848.370162373337,0.0228679839087015
848.492247588817,0.024017101193774
848.614332804297,0.0284934349687671
848.736418019778,0.0244913737682081
848.858503235258,0.019976469722898
848.980588450739,0.0219301096612592
849.102673666219,0.0231854877216485
849.2247588817,0.0230642513641514
849.34684409718,0.0261220819858646
849.46892931266,0.0289129683199993
849.591014528141,0.0256518129893284
849.713099743621,0.018941732052833
849.835184959101,0.0180134257417456
849.957270174582,0.0227987165486858
850.079355390062,0.024489955721711
850.201440605543,0.0241776628505215
850.323525821023,0.0242379751828926
850.445611036504,0.0197261541842814
850.567696251984,0.0169607826063161
850.689781467464,0.0224522258147566
850.811866682945,0.0256551947601854
850.933951898425,0.0240773981865653
851.056037113906,0.0247480854600167
851.178122329386,0.022624454647255
851.300207544866,0.0170412683715079
851.422292760347,0.0165208760161464
851.544377975827,0.0179737794840625
851.666463191308,0.0163364626291486
851.788548406788,0.0146375829629265
851.910633622268,0.0138977351247442
852.032718837749,0.0146578892254381
852.154804053229,0.0156896449428999
852.27688926871,0.0124136386929009
852.39897448419,0.00775235722359208
852.52105969967,0.00462870834987688
852.643144915151,-0.00108999027815167
852.765230130631,-0.00641378556290541
852.887315346112,-0.00759928720753991
853.009400561592,-0.0103256686066841
853.131485777072,-0.0139551130264309
853.253570992553,-0.0131900246512821
853.375656208033,-0.0116263740869956
853.497741423514,-0.0119398258541926
853.619826638994,-0.012303082486317
853.741911854474,-0.0138987934596894
853.863997069955,-0.0158986427323951
853.986082285435,-0.0159939375685934
854.108167500916,-0.0166605542365342
854.230252716396,-0.0187109350431888
854.352337931877,-0.0187690409206154
854.474423147357,-0.0173445716652215
854.596508362837,-0.019137593592444
854.718593578318,-0.0248192117484866
854.840678793798,-0.0290834692802482
854.962764009279,-0.0291081900860246
855.084849224759,-0.0282315953305864
855.206934440239,-0.028560410918818
855.32901965572,-0.0284537575460981
855.4511048712,-0.026651070719725
855.573190086681,-0.0240280454439418
855.695275302161,-0.0232865067396067
855.817360517641,-0.0241755224577235
855.939445733122,-0.0236429162023906
856.061530948602,-0.0241173818556407
856.183616164083,-0.0270054594719262
856.305701379563,-0.0265862785604015
856.427786595043,-0.0243848838228177
856.549871810524,-0.0255234007771747
856.671957026004,-0.0245224432420599
856.794042241485,-0.0203247119925816
856.916127456965,-0.0193820843704025
857.038212672445,-0.0180518408575478
857.160297887926,-0.0138365566939826
857.282383103406,-0.0129688666398555
857.404468318887,-0.0136282587053336
857.526553534367,-0.0125166396284815
857.648638749847,-0.0129496638374113
857.770723965328,-0.0125633037514878
857.892809180808,-0.0105909013012275
858.014894396289,-0.0125369766901563
858.136979611769,-0.0143714877586325
858.259064827249,-0.0113280382265146
858.38115004273,-0.00933701947352429
858.50323525821,-0.010102544541106
858.625320473691,-0.0109363203029823
858.747405689171,-0.0127305623799916
858.869490904652,-0.0128205493341535
858.991576120132,-0.00925095900541074
859.113661335612,-0.00587255133042275
859.235746551093,-0.00339913937150512
859.357831766573,-0.0019261768336358
859.479916982054,-0.0034471646028731
859.602002197534,-0.0047772198923699
859.724087413014,-0.00400596881476015
859.846172628495,-0.00471078796475633
859.968257843975,-0.00773547585160095
860.090343059456,-0.0114545596551182
860.212428274936,-0.0128700711548607
860.334513490416,-0.00982287322382241
860.456598705897,-0.00857403397700275
860.578683921377,-0.0122544928397434
860.700769136858,-0.0129219930632511
860.822854352338,-0.0109710061207036
860.944939567818,-0.0134185314307279
861.067024783299,-0.0155370795504076
861.189109998779,-0.0130139172116092
861.31119521426,-0.0111244108509072
861.43328042974,-0.0118432995834663
861.55536564522,-0.0140021222081988
861.677450860701,-0.0166203068539659
861.799536076181,-0.0167363240492217
861.921621291662,-0.0159918153950523
862.043706507142,-0.017019421819298
862.165791722622,-0.0156529348557131
862.287876938103,-0.0113106076364362
862.409962153583,-0.00865421481587916
862.532047369064,-0.0078836520489631
862.654132584544,-0.00899665652609858
862.776217800024,-0.012487259971888
862.898303015505,-0.0140002524653804
863.020388230985,-0.012490538962171
863.142473446466,-0.0123650340389966
863.264558661946,-0.0139390512975537
863.386643877426,-0.0151127224767376
863.508729092907,-0.0161960623453401
863.630814308387,-0.016515480096203
863.752899523868,-0.0144180826030652
863.874984739348,-0.0116817385616752
863.997069954829,-0.0122316329991911
864.119155170309,-0.0154086710141992
864.241240385789,-0.0161522566315513
864.36332560127,-0.0128929525236966
864.48541081675,-0.00772119509529812
864.607496032231,-0.00300138363608248
864.729581247711,-0.00217724020097221
864.851666463191,-0.00453859176426713
864.973751678672,-0.00560261687549192
865.095836894152,-0.00657865990701429
865.217922109633,-0.0081423278575118
865.340007325113,-0.00677368243865811
865.462092540593,-0.00586646548423472
865.584177756074,-0.00745184031844448
865.706262971554,-0.00633001622721149
865.828348187035,-0.00572421687545271
865.950433402515,-0.00789385999138229
866.072518617995,-0.00450215828873967
866.194603833476,0.000858839916648006
866.316689048956,8.63135506538565e-05
866.438774264437,0.000732853115682304
866.560859479917,0.00341645125382056
866.682944695397,0.000212471117602513
866.805029910878,-0.00151179618948347
866.927115126358,0.00212518124707371
867.049200341839,0.00128620540613677
867.171285557319,-0.00207041474286622
867.293370772799,-0.00155681217113482
867.41545598828,-0.00284256490303421
867.53754120376,-0.00689410519621179
867.659626419241,-0.00674068825387787
867.781711634721,-0.00266300356244391
867.903796850201,-0.0002093660639654
868.025882065682,-0.000950784936476697
868.147967281162,-0.000933580447258715
868.270052496643,0.00294250289117766
868.392137712123,0.00707348763220012
868.514222927603,0.00691384706982265
868.636308143084,0.0016785417116109
868.758393358564,-0.00622995323270954
868.880478574045,-0.0101552692929325
869.002563789525,-0.00837622450840127
869.124649005006,-0.00778783397953125
869.246734220486,-0.00846931171606874
869.368819435966,-0.00603829146241848
869.490904651447,-0.00456266808010987
869.612989866927,-0.00602332338053599
869.735075082408,-0.00624829413323632
869.857160297888,-0.00462902558160513
869.979245513368,-0.000611446385624949
870.101330728849,0.00463496582852243
870.223415944329,0.00535364435659599
870.34550115981,0.00526401234431604
870.46758637529,0.0113947396451107
870.58967159077,0.0160293661672709
870.711756806251,0.0125652176572927
870.833842021731,0.0088234953158719
870.955927237212,0.00991874860814998
871.078012452692,0.012623271444078
871.200097668172,0.0147299092260464
871.322182883653,0.0156858084856312
871.444268099133,0.0159923397173353
871.566353314614,0.0164793678177929
871.688438530094,0.0154961294896153
871.810523745574,0.0128373600756679
871.932608961055,0.0116642196581379
872.054694176535,0.0128593526146998
872.176779392016,0.0143405817065052
872.298864607496,0.0144909772450427
872.420949822977,0.0127372812740373
872.543035038457,0.00976009166471737
872.665120253937,0.00586541442671931
872.787205469418,0.000425999839699544
872.909290684898,-0.0029363178206223
873.031375900378,0.000173557680845497
873.153461115859,0.00485208852558828
873.275546331339,0.00602504926507541
873.39763154682,0.00760379990959018
873.5197167623,0.00792420679995446
873.641801977781,0.00213413638879347
873.763887193261,-0.000896622775133372
873.885972408741,0.00234900373624244
874.008057624222,0.000370286166648843
874.130142839702,-0.00301603883814905
874.252228055183,0.00358970473013575
874.374313270663,0.010495929397694
874.496398486143,0.00971678347424481
874.618483701624,0.00842473985568803
874.740568917104,0.00708072307435422
874.862654132585,0.00568085309659685
874.984739348065,0.00973208232948008
875.106824563545,0.0146826912766113
875.228909779026,0.0157111412036284
875.350994994506,0.015553736765727
875.473080209987,0.0133958325004378
875.595165425467,0.0116287304534329
875.717250640947,0.0136887424759203
875.839335856428,0.0135709269651203
875.961421071908,0.0128702880129869
876.083506287389,0.0185077695824304
876.205591502869,0.0221962567108548
876.327676718349,0.0184993077832636
876.44976193383,0.0157920829771269
876.57184714931,0.0156355549367484
876.693932364791,0.0135046058069018
876.816017580271,0.0088254257019294
876.938102795751,0.0038174664257314
877.060188011232,0.00359341520595661
877.182273226712,0.00656186412931995
877.304358442193,0.00552472326626075
877.426443657673,0.00472530431244651
877.548528873154,0.00859851642569323
877.670614088634,0.0108739856355087
877.792699304114,0.0113964723138966
877.914784519595,0.0128766991673291
878.036869735075,0.0116863688894123
878.158954950555,0.00857855187605204
878.281040166036,0.00505693073735152
878.403125381516,0.000492138367332436
878.525210596997,-6.28040503322051e-05
878.647295812477,0.0021224950306872
878.769381027958,-0.000374441189713159
878.891466243438,-0.00373468649894338
879.013551458918,-0.00349486163631327
879.135636674399,-0.00321743848966767
879.257721889879,-0.00346324049320131
879.37980710536,-0.00425247412011056
879.50189232084,-0.00637620293688712
879.62397753632,-0.00865636096434921
879.746062751801,-0.0128885645523793
879.868147967281,-0.0163724626614815
879.990233182762,-0.0145431391864872
880.112318398242,-0.0144351488916683
880.234403613722,-0.0166465614464889
880.356488829203,-0.012323989635543
880.478574044683,-0.00842868877777986
880.600659260164,-0.0109610054686907
880.722744475644,-0.0105062523093687
880.844829691125,-0.00843951823061045
880.966914906605,-0.00990897488441019
881.089000122085,-0.00897235565679685
881.211085337566,-0.00930259102277705
881.333170553046,-0.0165755139815923
881.455255768526,-0.0217045343018536
881.577340984007,-0.0217905313526718
881.699426199487,-0.0227328007443524
881.821511414968,-0.0236080447980207
881.943596630448,-0.0234749860891011
882.065681845929,-0.0233301243705942
882.187767061409,-0.0214345136002946
882.309852276889,-0.017986539221653
882.43193749237,-0.0149123935040592
882.55402270785,-0.0154373508814878
882.676107923331,-0.0204121136799568
882.798193138811,-0.0234923342912126
882.920278354291,-0.0243738277342722
883.042363569772,-0.0275755915211788
883.164448785252,-0.0275595699885058
883.286534000733,-0.0249801953532822
883.408619216213,-0.0277234496103701
883.530704431693,-0.0281856290664195
883.652789647174,-0.0245675787696189
883.774874862654,-0.0298849890587586
883.896960078135,-0.0367368295426065
884.019045293615,-0.0324989397492178
884.141130509095,-0.028069566537456
884.263215724576,-0.028998198226179
884.385300940056,-0.0280748884438712
884.507386155537,-0.0271215818090218
884.629471371017,-0.0277787246993034
884.751556586497,-0.0281942354558009
884.873641801978,-0.0296834454062818
884.995727017458,-0.0271835330614334
885.117812232939,-0.0181844541790749
885.239897448419,-0.0112264840766695
885.361982663899,-0.00823794904962655
885.48406787938,-0.00600171159357875
885.60615309486,-0.00565928495737122
885.728238310341,-0.00474644017980723
885.850323525821,-0.00279393266977063
885.972408741302,-0.0039983321962841
886.094493956782,-0.00505581115014863
886.216579172262,-0.0039900036452239
886.338664387743,-0.00506903079321149
886.460749603223,-0.00509877415273735
886.582834818703,-0.00156504971130763
886.704920034184,-0.000167338286628934
886.827005249664,-0.00104833591257958
886.949090465145,-0.0013915374507171
887.071175680625,-0.00269309616403191
887.193260896106,-0.0038330590105746
887.315346111586,-0.00408306107315185
887.437431327066,-0.00529914443183622
887.559516542547,-0.00570636041002546
887.681601758027,-0.00577995778923814
887.803686973508,-0.00862285487231331
887.925772188988,-0.0109493623145428
888.047857404468,-0.0101703633822791
888.169942619949,-0.00892637597787576
888.292027835429,-0.00673272586413929
888.41411305091,-0.00339528206423614
888.53619826639,-0.00301299263867631
888.65828348187,-0.00600161627894695
888.780368697351,-0.00856028045617507
888.902453912831,-0.00867246766989024
889.024539128312,-0.00762473169930521
889.146624343792,-0.00857768400436822
889.268709559272,-0.0114112670862684
889.390794774753,-0.0123921329629049
889.512879990233,-0.0112816874201114
889.634965205714,-0.0103032886536592
889.757050421194,-0.010418200738792
889.879135636674,-0.013990216454367
890.001220852155,-0.0205808371183557
890.123306067635,-0.0237654025269768
890.245391283116,-0.0215058636765094
890.367476498596,-0.0182528143894546
890.489561714076,-0.0157152260811336
890.611646929557,-0.0141175388024825
890.733732145037,-0.0148327441698215
890.855817360518,-0.0154628798468985
890.977902575998,-0.0132659444751515
891.099987791479,-0.0105118319451755
891.222073006959,-0.00968479711459802
891.344158222439,-0.0114228988565514
891.46624343792,-0.0147806675451863
891.5883286534,-0.0152278705947532
891.71041386888,-0.0124798203467631
891.832499084361,-0.0128398383729298
891.954584299841,-0.014915182742838
892.076669515322,-0.0128010797835922
892.198754730802,-0.0101657783438405
892.320839946283,-0.00994958825557256
892.442925161763,-0.00935073442014586
892.565010377243,-0.0110715293916175
892.687095592724,-0.0141932753030683
892.809180808204,-0.0116063320308921
892.931266023685,-0.00785881364198259
893.053351239165,-0.00792193216167024
893.175436454645,-0.00539437212930831
893.297521670126,-0.00302991174429307
893.419606885606,-0.0057750452597361
893.541692101087,-0.00383979879527006
893.663777316567,0.0020055805515937
893.785862532047,-0.00064772597218607
893.907947747528,-0.00595561470630211
894.030032963008,-0.00552512383884501
894.152118178489,-0.00602958928669027
894.274203393969,-0.00776995231289553
894.396288609449,-0.00602744320205425
894.51837382493,-0.00522833831274585
894.64045904041,-0.00727725904032413
894.762544255891,-0.00974284821778485
894.884629471371,-0.0131123189150673
895.006714686851,-0.0148040512089346
895.128799902332,-0.0123656517081036
895.250885117812,-0.00889442045321072
895.372970333293,-0.00629420104362821
895.495055548773,-0.00528887269872146
895.617140764254,-0.00651872997188444
895.739225979734,-0.00756756341163877
895.861311195214,-0.00764685214785916
895.983396410695,-0.00729334846617886
896.105481626175,-0.00600413921270803
896.227566841656,-0.00766404994062626
896.349652057136,-0.013739439140093
896.471737272616,-0.0177583453845391
896.593822488097,-0.01938614192591
896.715907703577,-0.0240437273120659
896.837992919058,-0.0299768482938338
896.960078134538,-0.0335941719396268
897.082163350018,-0.0340997252797219
897.204248565499,-0.0309624692124761
897.326333780979,-0.0286644187217193
897.44841899646,-0.0311645450417376
897.57050421194,-0.0326507164473629
897.69258942742,-0.0280289470954529
897.814674642901,-0.0207787706244514
897.936759858381,-0.0154749726382827
898.058845073862,-0.0141827970104654
898.180930289342,-0.0166753161362281
898.303015504822,-0.0197697071819252
898.425100720303,-0.0202819109902643
898.547185935783,-0.0175322386165877
898.669271151264,-0.0127901240021564
898.791356366744,-0.00796568562799611
898.913441582224,-0.00521780575779167
899.035526797705,-0.00646696697481129
899.157612013185,-0.00954164186650787
899.279697228666,-0.00968979982374758
899.401782444146,-0.00780327648168373
899.523867659626,-0.00750460612215963
899.645952875107,-0.0086062733651838
899.768038090587,-0.010517525836966
899.890123306068,-0.010934437195194
900.012208521548,-0.00650003097513287
900.134293737028,-0.0021481962108212
900.256378952509,-0.00234350811146595
900.378464167989,-0.0013563817251785
900.50054938347,0.00107200267993243
900.62263459895,-0.00108535473012875
900.744719814431,-0.00377424494672144
900.866805029911,-0.0027380413839436
900.988890245391,-0.00325842241976824
901.110975460872,-0.00584123270063964
901.233060676352,-0.00548167935298587
901.355145891833,-0.00295289727491657
901.477231107313,-0.00133039186049951
901.599316322793,-0.00126972536576362
901.721401538274,-0.00296893068071553
901.843486753754,-0.00571842310113087
901.965571969235,-0.00717695836037826
902.087657184715,-0.00423507318045422
902.209742400195,0.00350493609788249
902.331827615676,0.0106986527780066
902.453912831156,0.0121586784842633
902.575998046637,0.00923594607077028
902.698083262117,0.00715433230917521
902.820168477597,0.00937914903887823
902.942253693078,0.0129299575007973
903.064338908558,0.0120569793340554
903.186424124039,0.00916294499144229
903.308509339519,0.0104141037847829
903.430594554999,0.0137780741315448
903.55267977048,0.0158288066433241
903.67476498596,0.0181791262516391
903.796850201441,0.019763988994238
903.918935416921,0.0198017791799715
904.041020632402,0.0228878413370097
904.163105847882,0.0277595793356006
904.285191063362,0.0280481790296133
904.407276278843,0.0267326047191718
904.529361494323,0.0287693724963788
904.651446709803,0.0300955000980682
904.773531925284,0.0289529212261562
904.895617140764,0.0276166971840373
905.017702356245,0.0230253654160823
905.139787571725,0.0169578188816719
905.261872787205,0.017332849838285
905.383958002686,0.0195858795249422
905.506043218166,0.0151950784287053
905.628128433647,0.00855716902315995
905.750213649127,0.0034863028113275
905.872298864608,-0.000783394345399769
905.994384080088,-0.000195624653234121
906.116469295568,0.00305750566544841
906.238554511049,0.00284499609096712
906.360639726529,0.00395020357346786
906.48272494201,0.00672305778690472
906.60481015749,0.00465387675627761
906.72689537297,0.00544833751341776
906.848980588451,0.0137401337908119
906.971065803931,0.0169691383598468
907.093151019412,0.0148657103712827
907.215236234892,0.0174916359258901
907.337321450372,0.0196727068005862
907.459406665853,0.0176683239885067
907.581491881333,0.018638933805785
907.703577096814,0.0198576166307855
907.825662312294,0.0156159263173972
907.947747527774,0.0111139349656366
908.069832743255,0.00958249941293899
908.191917958735,0.00962064729660834
908.314003174216,0.011906917577888
908.436088389696,0.0133227767163021
908.558173605176,0.011244051294102
908.680258820657,0.0119295614602325
908.802344036137,0.018568070356469
908.924429251618,0.0247478751939521
909.046514467098,0.0270926251983848
909.168599682579,0.0287837091051801
909.290684898059,0.0313023445304502
909.412770113539,0.0329807189473906
909.53485532902,0.0326611517135321
909.6569405445,0.0319079560936388
909.77902575998,0.0344808499482278
909.901110975461,0.0414351978435463
910.023196190941,0.0488016347459058
910.145281406422,0.0522051402315892
910.267366621902,0.0504773621659657
910.389451837383,0.0462198658737724
910.511537052863,0.0438193626573475
910.633622268343,0.0432509727417816
910.755707483824,0.0410322623564907
910.877792699304,0.0385704932829908
910.999877914785,0.0390864257495582
911.121963130265,0.040733111774033
911.244048345745,0.0410761374656224
911.366133561226,0.040195758491647
911.488218776706,0.0399176618505016
911.610303992187,0.0431610902129274
911.732389207667,0.0467782838428392
911.854474423147,0.0451786502498705
911.976559638628,0.0431437885356849
912.098644854108,0.0443702855413305
912.220730069589,0.0427543584864442
912.342815285069,0.0408222237739999
912.464900500549,0.0444535752672335
912.58698571603,0.0453999722691797
912.70907093151,0.040896495405734
912.831156146991,0.0394998789956753
912.953241362471,0.0380452059470901
913.075326577951,0.0328550497531489
913.197411793432,0.0327561771802144
913.319497008912,0.0369207636643311
913.441582224393,0.0380414103154786
913.563667439873,0.0406337592029597
913.685752655353,0.0450455701869393
913.807837870834,0.0444315760801814
913.929923086314,0.0437499050953692
914.052008301795,0.0478159257456157
914.174093517275,0.0495812511332667
914.296178732756,0.0480318797365337
914.418263948236,0.0485596626027977
914.540349163716,0.0494056482224198
914.662434379197,0.0496063263678813
914.784519594677,0.0523661440005707
914.906604810157,0.0542378668345831
915.028690025638,0.051230391189765
915.150775241118,0.048386906516612
915.272860456599,0.0493258525255295
915.394945672079,0.0504956551560927
915.51703088756,0.0506950439155796
915.63911610304,0.0511941296638487
915.76120131852,0.0498361106030236
915.883286534001,0.0470268154264017
916.005371749481,0.0479230882824136
916.127456964962,0.0521853251146379
916.249542180442,0.0539633850543758
916.371627395922,0.0513934768837778
916.493712611403,0.0456297477438122
916.615797826883,0.0382673820159979
916.737883042364,0.034300361878886
916.859968257844,0.0361866140832159
916.982053473324,0.0382730307621632
917.104138688805,0.0367149801815069
917.226223904285,0.0354569114822341
917.348309119766,0.0379395681726256
917.470394335246,0.0420024595043582
917.592479550727,0.0430027791281503
917.714564766207,0.0403534231108913
917.836649981687,0.0398467975451347
917.958735197168,0.0420308678916226
918.080820412648,0.0388823330112738
918.202905628128,0.0324816096324876
918.324990843609,0.0328948632171127
918.447076059089,0.035058891052784
918.56916127457,0.0294660849564791
918.69124649005,0.0223337261191844
918.813331705531,0.019633761422681
918.935416921011,0.0174958192698913
919.057502136491,0.0157953128246005
919.179587351972,0.0156835303105223
919.301672567452,0.0150030062573039
919.423757782933,0.0162071044188005
919.545842998413,0.0201033826154375
919.667928213893,0.0202012078285583
919.790013429374,0.0149535559582251
919.912098644854,0.00931676313467104
920.034183860335,0.00550542678168271
920.156269075815,0.00314570340904506
920.278354291295,0.00147149704711633
920.400439506776,0.000580256950261999
920.522524722256,0.00206554905288628
920.644609937737,0.00449934594608289
920.766695153217,0.0049830759091026
920.888780368697,0.00485554437082786
921.010865584178,0.00548368861005424
921.132950799658,0.00488543430456235
921.255036015139,0.00183219454753085
921.377121230619,-0.00249065929669246
921.499206446099,-0.00514358317131749
921.62129166158,-0.00456271420803822
921.74337687706,-0.00390242898078251
921.865462092541,-0.0059568485419529
921.987547308021,-0.00808976236820223
922.109632523501,-0.00573175615243935
922.231717738982,0.00115796817135116
922.353802954462,0.0049533313829221
922.475888169943,0.000904520244993628
922.597973385423,-0.00206088520586798
922.720058600904,0.00227626756197133
922.842143816384,0.00491687324308704
922.964229031864,0.00145672660557947
923.086314247345,-0.00160419993402536
923.208399462825,-0.00361943846597515
923.330484678305,-0.00692252488069201
923.452569893786,-0.00861491726715219
923.574655109266,-0.00816757244849578
923.696740324747,-0.00753391962301289
923.818825540227,-0.0071485967135072
923.940910755708,-0.00897452915132479
924.062995971188,-0.0123664763958341
924.185081186668,-0.0127150023554688
924.307166402149,-0.0107303255427322
924.429251617629,-0.0104585784557604
924.55133683311,-0.0118972957231709
924.67342204859,-0.0146166779161397
924.79550726407,-0.0181974178547859
924.917592479551,-0.020304432003265
925.039677695031,-0.023040610600311
925.161762910512,-0.0295503601007899
925.283848125992,-0.0344695944298628
925.405933341472,-0.0342611756820863
925.528018556953,-0.0350538675767201
925.650103772433,-0.0377928741637289
925.772188987914,-0.0374820114758908
925.894274203394,-0.0372994703885283
926.016359418874,-0.0403359445109405
926.138444634355,-0.0425330868706233
926.260529849835,-0.0451778030649114
926.382615065316,-0.0499884154653316
926.504700280796,-0.050578383690489
926.626785496276,-0.0474421705765903
926.748870711757,-0.0469742273059771
926.870955927237,-0.0467818620411807
926.993041142718,-0.0458042329976318
927.115126358198,-0.047671005445359
927.237211573679,-0.0476630953006861
927.359296789159,-0.0430432344196378
927.481382004639,-0.0411776074238359
927.60346722012,-0.0424285717757632
927.7255524356,-0.0398511305115168
927.847637651081,-0.0343205086537433
927.969722866561,-0.0315228765752076
928.091808082041,-0.0330367014276095
928.213893297522,-0.0367668717768725
928.335978513002,-0.0405971888039252
928.458063728482,-0.0440229434321533
928.580148943963,-0.0458660615924776
928.702234159443,-0.0447146002722158
928.824319374924,-0.0422223700813532
928.946404590404,-0.0411835227678772
929.068489805885,-0.0425983386445891
929.190575021365,-0.0433341833693304
929.312660236845,-0.0387678435282378
929.434745452326,-0.0341713766198426
929.556830667806,-0.0376751550253352
929.678915883287,-0.0418888991351078
929.801001098767,-0.0383900160570373
929.923086314247,-0.0333277420708203
930.045171529728,-0.0304225394474963
930.167256745208,-0.0278893639988673
930.289341960689,-0.0281273125296589
930.411427176169,-0.0294480758601486
930.533512391649,-0.0293594870160889
930.65559760713,-0.0314648996982237
930.77768282261,-0.0330994444056369
930.899768038091,-0.0304311264657857
931.021853253571,-0.0285443884973094
931.143938469051,-0.0277125268041464
931.266023684532,-0.025589169889602
931.388108900012,-0.0266613136324891
931.510194115493,-0.0291659990811906
931.632279330973,-0.0285214080096975
931.754364546453,-0.0285526511048435
931.876449761934,-0.0281210418895626
931.998534977414,-0.0231025083683538
932.120620192895,-0.0195561551703744
932.242705408375,-0.0201490913392849
932.364790623856,-0.0189060147692859
932.486875839336,-0.0152321502220444
932.608961054816,-0.0124178147850749
932.731046270297,-0.01134234335938
932.853131485777,-0.0115383834936479
932.975216701258,-0.0109411252148436
933.097301916738,-0.00866370451107081
933.219387132218,-0.00563054067489931
933.341472347699,-0.00290207271437561
933.463557563179,-0.0033547435457842
933.58564277866,-0.00562614538884762
933.70772799414,-0.0042892559884163
933.82981320962,-0.00262452749757248
933.951898425101,-0.00455388965612605
934.073983640581,-0.00387676403195999
934.196068856062,5.90868138731199e-05
934.318154071542,0.00105367309527967
934.440239287022,0.000747643398998228
934.562324502503,0.00136873603657519
934.684409717983,0.000532367369610074
934.806494933464,-0.00129438052330771
934.928580148944,-0.00440123776622545
935.050665364424,-0.00838918687521711
935.172750579905,-0.00738971574242223
935.294835795385,-0.00206296026831668
935.416921010866,-0.000207559792994967
935.539006226346,-0.00236482919113009
935.661091441826,-0.00445204410336113
935.783176657307,-0.00476915906608526
935.905261872787,-0.00262779243229675
936.027347088268,-0.000510382560863098
936.149432303748,-0.000418270676738863
936.271517519228,0.000973457593552319
936.393602734709,0.00339141257985229
936.515687950189,0.0027600267293743
936.63777316567,0.00238598495018205
936.75985838115,0.00649260438483152
936.88194359663,0.0104148146418468
937.004028812111,0.00995933118407334
937.126114027591,0.00748644404767437
937.248199243072,0.0056126943887962
937.370284458552,0.00578562368013474
937.492369674033,0.00725151468544943
937.614454889513,0.00425957927972855
937.736540104993,-0.00442293775906783
937.858625320474,-0.00998788169598487
937.980710535954,-0.00884510045048096
938.102795751435,-0.00807024881438846
938.224880966915,-0.00992411320351004
938.346966182395,-0.00962733038065144
938.469051397876,-0.00699108411174288
938.591136613356,-0.00595206833578168
938.713221828837,-0.00745658093400971
938.835307044317,-0.00835776921112818
938.957392259797,-0.00602867939414825
939.079477475278,-0.00338725813281817
939.201562690758,-0.00341255568603737
939.323647906239,-0.00326506467258554
939.445733121719,-0.00264946679153629
939.567818337199,-0.0049784368606016
939.68990355268,-0.0079122125420798
939.81198876816,-0.0086503164375067
939.934073983641,-0.00939696734687324
940.056159199121,-0.00936337304045061
940.178244414601,-0.00656632769499019
940.300329630082,-0.00384296407717305
940.422414845562,-0.00375899453754009
940.544500061043,-0.00634874066424928
940.666585276523,-0.00987578905872124
940.788670492004,-0.0115526105234999
940.910755707484,-0.0128611198038066
941.032840922964,-0.0152990142716613
941.154926138445,-0.0155823840412708
941.277011353925,-0.0160213882608596
941.399096569405,-0.0201989861911849
941.521181784886,-0.0212790976495247
941.643267000366,-0.0188770537370214
941.765352215847,-0.0231888394063657
941.887437431327,-0.0302869516457586
942.009522646808,-0.0298402008833806
942.131607862288,-0.0267756420485907
942.253693077768,-0.02529918697625
942.375778293249,-0.0203299033439381
942.497863508729,-0.0150811299772794
942.61994872421,-0.0158488852077111
942.74203393969,-0.0189985962923444
942.86411915517,-0.0218994486992474
942.986204370651,-0.0264655957806495
943.108289586131,-0.0294432473780268
943.230374801612,-0.0284489205688733
943.352460017092,-0.0283211822924649
943.474545232572,-0.0306619202245991
943.596630448053,-0.032072123708105
943.718715663533,-0.0334459319139202
943.840800879014,-0.0352391423869478
943.962886094494,-0.0327816279505354
944.084971309974,-0.0287011440624083
944.207056525455,-0.0318095267739099
944.329141740935,-0.0390263652143247
944.451226956416,-0.0412962424769148
944.573312171896,-0.0405378283972243
944.695397387376,-0.0407418595034067
944.817482602857,-0.0399713939150138
944.939567818337,-0.0405980357215765
945.061653033818,-0.0457208186558646
945.183738249298,-0.0493244098211388
945.305823464778,-0.0463101551714481
945.427908680259,-0.0396589009072341
945.549993895739,-0.0330992269455743
945.67207911122,-0.0293029704502811
945.7941643267,-0.02933657856275
945.916249542181,-0.0291535926843373
946.038334757661,-0.0260495769077501
946.160419973141,-0.0229477230447905
946.282505188622,-0.0209854540538904
946.404590404102,-0.0191654866593568
946.526675619582,-0.0184927488197231
946.648760835063,-0.0176940929012942
946.770846050543,-0.0144564766705809
946.892931266024,-0.0112123311900785
947.015016481504,-0.00974566356140452
947.137101696985,-0.0086685603847538
947.259186912465,-0.00926015491074951
947.381272127945,-0.0110813606309687
947.503357343426,-0.00864449224702448
947.625442558906,-0.00254825255831363
947.747527774387,-0.000590333857916541
947.869612989867,-0.00415154927226967
947.991698205347,-0.00673751193465596
948.113783420828,-0.0053298932934405
948.235868636308,-0.00418816026982595
948.357953851789,-0.00698531719233969
948.480039067269,-0.0113676575870296
948.602124282749,-0.0152557270175065
948.72420949823,-0.0193587888572684
948.84629471371,-0.0194911525092921
948.968379929191,-0.012047820650926
949.090465144671,-0.00484498687829102
949.212550360151,-0.00480874932072152
949.334635575632,-0.00687134048284755
949.456720791112,-0.0065831105416877
949.578806006593,-0.0057659534951113
949.700891222073,-0.00390560451432752
949.822976437553,0.00111514764094897
949.945061653034,0.00719906566293189
950.067146868514,0.00914913414128322
950.189232083995,0.00500891301472843
950.311317299475,0.000320946575959258
950.433402514955,0.000167476117558816
950.555487730436,0.00159004632245623
950.677572945916,0.00195500995126592
950.799658161397,0.0028164270572491
950.921743376877,0.00291996248384579
951.043828592358,0.00058032261821411
951.165913807838,-0.00236849509563461
951.287999023318,-0.00394053407072609
951.410084238799,-0.00274470757471753
951.532169454279,-0.000475448620863335
951.654254669759,-0.00130276185562994
951.77633988524,-0.0022026339373685
951.89842510072,0.00238887826733013
952.020510316201,0.00861759392354601
952.142595531681,0.0115078927904097
952.264680747162,0.0121777104969926
952.386765962642,0.0115921972699994
952.508851178122,0.0114097011623113
952.630936393603,0.0134291153827729
952.753021609083,0.0146252779388222
952.875106824564,0.0135305205140516
952.997192040044,0.0124498029444023
953.119277255524,0.0114236311287384
953.241362471005,0.011378034816517
953.363447686485,0.0137312905701168
953.485532901966,0.0147905085869912
953.607618117446,0.0118829133217827
953.729703332926,0.00721018947248891
953.851788548407,0.00398671529154187
953.973873763887,0.0056598779055907
954.095958979368,0.0107592550793135
954.218044194848,0.013542732130839
954.340129410328,0.0148859427419443
954.462214625809,0.0161871123439438
954.584299841289,0.0132129958412032
954.70638505677,0.0099366289137027
954.82847027225,0.0128520967303185
954.95055548773,0.015376819073661
955.072640703211,0.0133793831358485
955.194725918691,0.0126808224103893
955.316811134172,0.012657804382065
955.438896349652,0.0108501819005513
955.560981565133,0.0106041743631219
955.683066780613,0.0101118236250215
955.805151996093,0.00739112752345564
955.927237211574,0.00756240784518216
956.049322427054,0.00975866663644652
956.171407642535,0.00923321410896113
956.293492858015,0.00867508403739962
956.415578073495,0.00859174947817339
956.537663288976,0.00567429048936906
956.659748504456,0.00407178269993249
956.781833719937,0.00755402213081829
956.903918935417,0.0110625263780742
957.026004150897,0.0108513153559696
957.148089366378,0.00989908340363939
957.270174581858,0.012160225658819
957.392259797339,0.0168849314663824
957.514345012819,0.0195330379690368
957.636430228299,0.0198167810330067
957.75851544378,0.0201198400757124
957.88060065926,0.0185853343341348
958.002685874741,0.0173145460636168
958.124771090221,0.0207975143162174
958.246856305701,0.0220237010495776
958.368941521182,0.0177492273123924
958.491026736662,0.0188977169346453
958.613111952143,0.0240215431090713
958.735197167623,0.0222092086981106
958.857282383103,0.0197945661296209
958.979367598584,0.0226203435396875
959.101452814064,0.0220412688032255
959.223538029545,0.0183746591021133
959.345623245025,0.0179312080277575
959.467708460506,0.0176329188577207
959.589793675986,0.0174979515939714
959.711878891466,0.0203221945145229
959.833964106947,0.0214111492050516
959.956049322427,0.0193094023255899
960.078134537907,0.0176900487384644
960.200219753388,0.017092762136441
960.322304968868,0.0183265380726817
960.444390184349,0.0207290175348996
960.566475399829,0.0212521697948508
960.68856061531,0.0220830386163809
960.81064583079,0.0252943540661808
960.93273104627,0.0283227066100601
961.054816261751,0.0303148767646639
961.176901477231,0.0301021600748983
961.298986692712,0.0272864349562383
961.421071908192,0.0253225453919448
961.543157123672,0.0225392935928949
961.665242339153,0.0171726395734543
961.787327554633,0.0157537534087077
961.909412770114,0.0181449655331643
962.031497985594,0.0180753144307513
962.153583201074,0.0179914656279234
962.275668416555,0.0191596734126474
962.397753632035,0.018233695171146
962.519838847516,0.0180521892210672
962.641924062996,0.0195472736732957
962.764009278476,0.0196901283836266
962.886094493957,0.020143144995197
963.008179709437,0.0199343312194415
963.130264924918,0.0173840245216192
963.252350140398,0.0179205257938858
963.374435355878,0.0205638839430647
963.496520571359,0.0178678127195935
963.618605786839,0.0118604351251963
963.74069100232,0.00744257547435854
963.8627762178,0.0037445061441352
963.984861433281,0.000340460092415493
964.106946648761,-0.00125747074375685
964.229031864241,0.000267295871036436
964.351117079722,0.00224506095882837
964.473202295202,-0.00112501891391279
964.595287510683,-0.00659645205365255
964.717372726163,-0.00682933751179191
964.839457941643,-0.00525871025137949
964.961543157124,-0.00500905516512501
965.083628372604,-0.0019368936738025
965.205713588084,0.00211390058125851
965.327798803565,0.00256069958644763
965.449884019045,0.00028971445155395
965.571969234526,-0.00357598037115177
965.694054450006,-0.00675505713596571
965.816139665487,-0.00597655171520479
965.938224880967,-0.00288714207492868
966.060310096447,9.9455999720907e-05
966.182395311928,0.00292092022897676
966.304480527408,0.00590500242062535
966.426565742889,0.0103711018448941
966.548650958369,0.014635237512958
966.670736173849,0.0153719418127363
966.79282138933,0.0147032586446293
966.91490660481,0.0148708261011572
967.036991820291,0.0159349830560644
967.159077035771,0.0192675061843401
967.281162251251,0.02125470143685
967.403247466732,0.0194942168919019
967.525332682212,0.0213130800256861
967.647417897693,0.0259588448549622
967.769503113173,0.0240720959187455
967.891588328653,0.0196837586491473
968.013673544134,0.0193419258087741
968.135758759614,0.0176563725564935
968.257843975095,0.0141387776347726
968.379929190575,0.014368429807318
968.502014406055,0.0155042147397467
968.624099621536,0.014542344680199
968.746184837016,0.0158290471778544
968.868270052497,0.0199526058742761
968.990355267977,0.0217479251605616
969.112440483458,0.0208740618849221
969.234525698938,0.0210882371813101
969.356610914418,0.021483186127037
969.478696129899,0.0211698076259467
969.600781345379,0.02390876024331
969.72286656086,0.0272091864792688
969.84495177634,0.0252944766836112
969.96703699182,0.022671969922373
970.089122207301,0.0233896703077946
970.211207422781,0.0239314061740998
970.333292638262,0.0240619064262704
970.455377853742,0.0217866256834017
970.577463069222,0.0155893786771124
970.699548284703,0.0162789543284396
970.821633500183,0.0237467191642168
970.943718715664,0.0216621615835439
971.065803931144,0.0144086182398444
971.187889146624,0.0155073575845796
971.309974362105,0.0166160349066494
971.432059577585,0.0144934637707006
971.554144793066,0.0196093310540448
971.676230008546,0.0261583572760722
971.798315224026,0.0258979653056829
971.920400439507,0.0274208560713145
972.042485654987,0.0333727735451085
972.164570870468,0.035802895206957
972.286656085948,0.0342669518079465
972.408741301428,0.0338859670010731
972.530826516909,0.0362967226892248
972.652911732389,0.0384748350167955
972.77499694787,0.0374319034710629
972.89708216335,0.0358138682558251
973.01916737883,0.0353598188716807
973.141252594311,0.033325651718111
973.263337809791,0.0311931372327865
973.385423025272,0.0306443212231501
973.507508240752,0.0285894958307522
973.629593456232,0.0272765894301512
973.751678671713,0.0295015913412601
973.873763887193,0.0288964267999865
973.995849102674,0.0242762050043782
974.117934318154,0.0234805976844692
974.240019533635,0.025691114832449
974.362104749115,0.0246700999861032
974.484189964595,0.0236290544809955
974.606275180076,0.0269334118137973
974.728360395556,0.0292104591265724
974.850445611037,0.0256350913275007
974.972530826517,0.0207878078943595
975.094616041997,0.0187241229162222
975.216701257478,0.0161254231764796
975.338786472958,0.0115211018031342
975.460871688439,0.00843352334943488
975.582956903919,0.00724465063259025
975.705042119399,0.00612862263663726
975.82712733488,0.00548118333497459
975.94921255036,0.0039759480799793
976.071297765841,-0.000286744110876751
976.193382981321,-0.00463568361355663
976.315468196801,-0.00648542461893691
976.437553412282,-0.0076575008643947
976.559638627762,-0.0100809804663958
976.681723843243,-0.0124398939823253
976.803809058723,-0.01197245720627
976.925894274203,-0.00917154889080836
977.047979489684,-0.00832173271067782
977.170064705164,-0.0101882428976241
977.292149920645,-0.0110455537576792
977.414235136125,-0.01056549898457
977.536320351606,-0.0110330432917605
977.658405567086,-0.0117407752736222
977.780490782566,-0.0114192751142516
977.902575998047,-0.010689937009721
978.024661213527,-0.010028915066066
978.146746429007,-0.00894482217451114
978.268831644488,-0.00739234954724408
978.390916859968,-0.0075734511166368
978.513002075449,-0.0102963181150652
978.635087290929,-0.0114902171975795
978.75717250641,-0.0106321127405022
978.87925772189,-0.0121823594194812
979.00134293737,-0.0135200447919772
979.123428152851,-0.0108953266364909
979.245513368331,-0.00999918483804517
979.367598583812,-0.012182056437315
979.489683799292,-0.0114019255389729
979.611769014772,-0.00935322664310082
979.733854230253,-0.0094724150095406
979.855939445733,-0.0084918959058393
979.978024661214,-0.00556478918528187
980.100109876694,-0.00155893848194321
980.222195092174,0.0041427834173019
980.344280307655,0.00835455417150109
980.466365523135,0.00965400885552249
980.588450738616,0.0112251710474029
980.710535954096,0.0130002570424832
980.832621169576,0.0135385822580054
980.954706385057,0.012255427396901
981.076791600537,0.00924290769244669
981.198876816018,0.00959049496790649
981.320962031498,0.0139378546374274
981.443047246978,0.0149163398330864
981.565132462459,0.0138929635711512
981.687217677939,0.0145594783755033
981.80930289342,0.0117944200663465
981.9313881089,0.00895813579506396
982.05347332438,0.0124745699492661
982.175558539861,0.0148008367058675
982.297643755341,0.0137433305013088
982.419728970822,0.0151029795921945
982.541814186302,0.0137942888107336
982.663899401783,0.00819169782356818
982.785984617263,0.00609952270632715
982.908069832743,0.00649390155394998
983.030155048224,0.00622605482577163
983.152240263704,0.00670796587033926
983.274325479184,0.00616794433682771
983.396410694665,0.00581907959110663
983.518495910145,0.00727784089384025
983.640581125626,0.0069410576859528
983.762666341106,0.00798036586672476
983.884751556587,0.0123401218048551
984.006836772067,0.0120524730392234
984.128921987547,0.00989218453235326
984.251007203028,0.0138188023370446
984.373092418508,0.0174685005943951
984.495177633989,0.0172623731687835
984.617262849469,0.0185271454704956
984.739348064949,0.0203155615941439
984.86143328043,0.0211733293846987
984.98351849591,0.0220106891783454
985.105603711391,0.0207879910996861
985.227688926871,0.019284822502523
985.349774142351,0.0186933931382133
985.471859357832,0.0152774928815871
985.593944573312,0.0124998331835183
985.716029788793,0.014785597864331
985.838115004273,0.0159934355434776
985.960200219753,0.0125037635487781
986.082285435234,0.00931114229843991
986.204370650714,0.00890213862136944
986.326455866195,0.00851504980992791
986.448541081675,0.0074427344593053
986.570626297155,0.00958310953481302
986.692711512636,0.0129123061167443
986.814796728116,0.00939810089696117
986.936881943597,0.00364409034576834
987.058967159077,0.00425724317476762
987.181052374558,0.00409126006883098
987.303137590038,-0.000389631331179404
987.425222805518,-0.00171570779857448
987.547308020999,-0.0032666556219806
987.669393236479,-0.00861678268538605
987.79147845196,-0.00961973172732056
987.91356366744,-0.00570823644177193
988.03564888292,-0.0024809473441531
988.157734098401,-0.000705982282213391
988.279819313881,-0.00183100666789785
988.401904529361,-0.0032824057189686
988.523989744842,-0.00101766566654498
988.646074960322,-8.40617372174601e-05
988.768160175803,-0.0015713819036642
988.890245391283,-0.00180508087742025
989.012330606764,-0.0051465343455938
989.134415822244,-0.0100806902180131
989.256501037724,-0.00917595647955117
989.378586253205,-0.00754497078444744
989.500671468685,-0.0101518218756202
989.622756684166,-0.0134315936525208
989.744841899646,-0.0176718662093139
989.866927115126,-0.0207115830025005
989.989012330607,-0.0180386333722237
990.111097546087,-0.0149058555517811
990.233182761568,-0.015247532800229
990.355267977048,-0.0159125180969558
990.477353192528,-0.0160660678938321
990.599438408009,-0.0143276049507046
990.721523623489,-0.0116067957274359
990.84360883897,-0.0131483467946986
990.96569405445,-0.014515453981236
991.08777926993,-0.010456279947192
991.209864485411,-0.00948610418505333
991.331949700891,-0.013770295858502
991.454034916372,-0.0140725014557621
991.576120131852,-0.0124339634750294
991.698205347332,-0.0156429945914894
991.820290562813,-0.0186802317122541
991.942375778293,-0.0172207546081134
992.064460993774,-0.0151750663516401
992.186546209254,-0.0137595956641195
992.308631424735,-0.0123337312506006
992.430716640215,-0.0137902015518184
992.552801855695,-0.0165534467466965
992.674887071176,-0.0147536316033159
992.796972286656,-0.0103923555683537
992.919057502137,-0.00871582991479984
993.041142717617,-0.00780247264910618
993.163227933097,-0.00574234480400177
993.285313148578,-0.00401259347695989
993.407398364058,-0.00236940027088704
993.529483579539,-0.00186273202752907
993.651568795019,-0.00239917878336353
993.773654010499,-0.0007416761997006
993.89573922598,-0.000912814693825228
994.01782444146,-0.00728646441434414
994.139909656941,-0.0127425614590723
994.261994872421,-0.0134576473431126
994.384080087901,-0.0136191193562637
994.506165303382,-0.0132665987211917
994.628250518862,-0.0130109812973351
994.750335734343,-0.014798653503239
994.872420949823,-0.0158952731847171
994.994506165303,-0.0171009360535654
995.116591380784,-0.0195290613880342
995.238676596264,-0.0190500964316018
995.360761811745,-0.0189241120997934
995.482847027225,-0.0226465275535009
995.604932242705,-0.0235740561823625
995.727017458186,-0.0230820400744755
995.849102673666,-0.0267894624131818
995.971187889147,-0.0275673675381503
996.093273104627,-0.0230470256165804
996.215358320107,-0.020741761507805
996.337443535588,-0.0203817812105606
996.459528751068,-0.0209252495424316
996.581613966549,-0.0246841199154739
996.703699182029,-0.0265773812458055
996.825784397509,-0.0239909203130689
996.94786961299,-0.0222683039368454
997.06995482847,-0.022010074503043
997.192040043951,-0.0211645129166794
997.314125259431,-0.0202240616904602
997.436210474912,-0.0172727205719088
997.558295690392,-0.012275716599407
997.680380905872,-0.0100778279924157
997.802466121353,-0.0111999996836569
997.924551336833,-0.0112125677521913
998.046636552314,-0.0100575746161252
998.168721767794,-0.011599155133633
998.290806983274,-0.0152241165174594
998.412892198755,-0.0171665503064341
998.534977414235,-0.0180213165366249
998.657062629716,-0.0203490897380574
998.779147845196,-0.0238069053513571
998.901233060676,-0.0270148626405721
999.023318276157,-0.0287641627613982
999.145403491637,-0.0293047742581075
999.267488707118,-0.0294098767883169
999.389573922598,-0.0269631927163389
999.511659138078,-0.0236529440691073
999.633744353559,-0.02455733802535
999.755829569039,-0.0257397824565393
999.87791478452,-0.024506422288398
1000,-0.0271059428942971
